time,lat,lon,t_bg,grid_elevation_m
2024-01-22 00:00:00,29.5,116.5,-0.1,88.0
2024-01-22 01:00:00,29.5,116.5,0.3,88.0
2024-01-22 02:00:00,29.5,116.5,0.5,88.0
2024-01-22 03:00:00,29.5,116.5,0.7,88.0
2024-01-22 04:00:00,29.5,116.5,0.5,88.0
2024-01-22 05:00:00,29.5,116.5,0.8,88.0
2024-01-22 06:00:00,29.5,116.5,0.5,88.0
2024-01-22 07:00:00,29.5,116.5,-0.0,88.0
2024-01-22 08:00:00,29.5,116.5,-0.5,88.0
2024-01-22 09:00:00,29.5,116.5,-0.9,88.0
2024-01-22 10:00:00,29.5,116.5,-1.3,88.0
2024-01-22 11:00:00,29.5,116.5,-1.4,88.0
2024-01-22 12:00:00,29.5,116.5,-1.8,88.0
2024-01-22 13:00:00,29.5,116.5,-1.9,88.0
2024-01-22 14:00:00,29.5,116.5,-2.1,88.0
2024-01-22 15:00:00,29.5,116.5,-2.4,88.0
2024-01-22 16:00:00,29.5,116.5,-2.8,88.0
2024-01-22 17:00:00,29.5,116.5,-2.9,88.0
2024-01-22 18:00:00,29.5,116.5,-3.3,88.0
2024-01-22 19:00:00,29.5,116.5,-3.5,88.0
2024-01-22 20:00:00,29.5,116.5,-3.5,88.0
2024-01-22 21:00:00,29.5,116.5,-3.7,88.0
2024-01-22 22:00:00,29.5,116.5,-3.8,88.0
2024-01-22 23:00:00,29.5,116.5,-3.9,88.0
2024-01-23 00:00:00,29.5,116.5,-3.7,88.0
2024-01-23 01:00:00,29.5,116.5,-2.6,88.0
2024-01-23 02:00:00,29.5,116.5,-1.4,88.0
2024-01-23 03:00:00,29.5,116.5,-0.3,88.0
2024-01-23 04:00:00,29.5,116.5,0.6,88.0
2024-01-23 05:00:00,29.5,116.5,1.1,88.0
2024-01-23 06:00:00,29.5,116.5,1.0,88.0
2024-01-23 07:00:00,29.5,116.5,1.0,88.0
2024-01-23 08:00:00,29.5,116.5,0.7,88.0
2024-01-23 09:00:00,29.5,116.5,0.0,88.0
2024-01-23 10:00:00,29.5,116.5,-1.3,88.0
2024-01-23 11:00:00,29.5,116.5,-1.7,88.0
2024-01-23 12:00:00,29.5,116.5,-1.7,88.0
2024-01-23 13:00:00,29.5,116.5,-1.7,88.0
2024-01-23 14:00:00,29.5,116.5,-1.7,88.0
2024-01-23 15:00:00,29.5,116.5,-1.7,88.0
2024-01-23 16:00:00,29.5,116.5,-1.7,88.0
2024-01-23 17:00:00,29.5,116.5,-1.7,88.0
2024-01-23 18:00:00,29.5,116.5,-1.7,88.0
2024-01-23 19:00:00,29.5,116.5,-1.7,88.0
2024-01-23 20:00:00,29.5,116.5,-1.8,88.0
2024-01-23 21:00:00,29.5,116.5,-1.9,88.0
2024-01-23 22:00:00,29.5,116.5,-1.9,88.0
2024-01-23 23:00:00,29.5,116.5,-2.0,88.0
2024-01-24 00:00:00,29.5,116.5,-1.4,88.0
2024-01-24 01:00:00,29.5,116.5,-0.2,88.0
2024-01-24 02:00:00,29.5,116.5,1.2,88.0
2024-01-24 03:00:00,29.5,116.5,2.4,88.0
2024-01-24 04:00:00,29.5,116.5,3.3,88.0
2024-01-24 05:00:00,29.5,116.5,4.0,88.0
2024-01-24 06:00:00,29.5,116.5,4.3,88.0
2024-01-24 07:00:00,29.5,116.5,4.1,88.0
2024-01-24 08:00:00,29.5,116.5,3.7,88.0
2024-01-24 09:00:00,29.5,116.5,2.7,88.0
2024-01-24 10:00:00,29.5,116.5,0.7,88.0
2024-01-24 11:00:00,29.5,116.5,0.4,88.0
2024-01-24 12:00:00,29.5,116.5,0.1,88.0
2024-01-24 13:00:00,29.5,116.5,0.2,88.0
2024-01-24 14:00:00,29.5,116.5,0.1,88.0
2024-01-24 15:00:00,29.5,116.5,-0.1,88.0
2024-01-24 16:00:00,29.5,116.5,-0.3,88.0
2024-01-24 17:00:00,29.5,116.5,-0.2,88.0
2024-01-24 18:00:00,29.5,116.5,-0.4,88.0
2024-01-24 19:00:00,29.5,116.5,-0.4,88.0
2024-01-24 20:00:00,29.5,116.5,-0.5,88.0
2024-01-24 21:00:00,29.5,116.5,-0.3,88.0
2024-01-24 22:00:00,29.5,116.5,-0.2,88.0
2024-01-24 23:00:00,29.5,116.5,-0.3,88.0
2024-01-22 00:00:00,29.5,116.75,0.4,27.0
2024-01-22 01:00:00,29.5,116.75,0.5,27.0
2024-01-22 02:00:00,29.5,116.75,0.9,27.0
2024-01-22 03:00:00,29.5,116.75,1.2,27.0
2024-01-22 04:00:00,29.5,116.75,1.0,27.0
2024-01-22 05:00:00,29.5,116.75,1.6,27.0
2024-01-22 06:00:00,29.5,116.75,1.3,27.0
2024-01-22 07:00:00,29.5,116.75,0.5,27.0
2024-01-22 08:00:00,29.5,116.75,0.1,27.0
2024-01-22 09:00:00,29.5,116.75,-0.3,27.0
2024-01-22 10:00:00,29.5,116.75,-0.8,27.0
2024-01-22 11:00:00,29.5,116.75,-1.1,27.0
2024-01-22 12:00:00,29.5,116.75,-1.4,27.0
2024-01-22 13:00:00,29.5,116.75,-1.4,27.0
2024-01-22 14:00:00,29.5,116.75,-1.7,27.0
2024-01-22 15:00:00,29.5,116.75,-2.1,27.0
2024-01-22 16:00:00,29.5,116.75,-2.6,27.0
2024-01-22 17:00:00,29.5,116.75,-2.8,27.0
2024-01-22 18:00:00,29.5,116.75,-3.2,27.0
2024-01-22 19:00:00,29.5,116.75,-3.4,27.0
2024-01-22 20:00:00,29.5,116.75,-3.5,27.0
2024-01-22 21:00:00,29.5,116.75,-3.5,27.0
2024-01-22 22:00:00,29.5,116.75,-3.6,27.0
2024-01-22 23:00:00,29.5,116.75,-3.7,27.0
2024-01-23 00:00:00,29.5,116.75,-3.3,27.0
2024-01-23 01:00:00,29.5,116.75,-2.2,27.0
2024-01-23 02:00:00,29.5,116.75,-0.9,27.0
2024-01-23 03:00:00,29.5,116.75,0.3,27.0
2024-01-23 04:00:00,29.5,116.75,1.3,27.0
2024-01-23 05:00:00,29.5,116.75,2.2,27.0
2024-01-23 06:00:00,29.5,116.75,2.0,27.0
2024-01-23 07:00:00,29.5,116.75,2.0,27.0
2024-01-23 08:00:00,29.5,116.75,1.7,27.0
2024-01-23 09:00:00,29.5,116.75,0.5,27.0
2024-01-23 10:00:00,29.5,116.75,-1.1,27.0
2024-01-23 11:00:00,29.5,116.75,-1.7,27.0
2024-01-23 12:00:00,29.5,116.75,-1.8,27.0
2024-01-23 13:00:00,29.5,116.75,-2.1,27.0
2024-01-23 14:00:00,29.5,116.75,-2.2,27.0
2024-01-23 15:00:00,29.5,116.75,-2.3,27.0
2024-01-23 16:00:00,29.5,116.75,-2.3,27.0
2024-01-23 17:00:00,29.5,116.75,-2.3,27.0
2024-01-23 18:00:00,29.5,116.75,-2.4,27.0
2024-01-23 19:00:00,29.5,116.75,-2.4,27.0
2024-01-23 20:00:00,29.5,116.75,-2.4,27.0
2024-01-23 21:00:00,29.5,116.75,-2.5,27.0
2024-01-23 22:00:00,29.5,116.75,-2.4,27.0
2024-01-23 23:00:00,29.5,116.75,-2.5,27.0
2024-01-24 00:00:00,29.5,116.75,-1.8,27.0
2024-01-24 01:00:00,29.5,116.75,-0.2,27.0
2024-01-24 02:00:00,29.5,116.75,1.5,27.0
2024-01-24 03:00:00,29.5,116.75,2.9,27.0
2024-01-24 04:00:00,29.5,116.75,4.0,27.0
2024-01-24 05:00:00,29.5,116.75,4.9,27.0
2024-01-24 06:00:00,29.5,116.75,5.4,27.0
2024-01-24 07:00:00,29.5,116.75,5.4,27.0
2024-01-24 08:00:00,29.5,116.75,4.8,27.0
2024-01-24 09:00:00,29.5,116.75,3.2,27.0
2024-01-24 10:00:00,29.5,116.75,0.9,27.0
2024-01-24 11:00:00,29.5,116.75,0.1,27.0
2024-01-24 12:00:00,29.5,116.75,-0.2,27.0
2024-01-24 13:00:00,29.5,116.75,-0.5,27.0
2024-01-24 14:00:00,29.5,116.75,-0.8,27.0
2024-01-24 15:00:00,29.5,116.75,-0.8,27.0
2024-01-24 16:00:00,29.5,116.75,-1.0,27.0
2024-01-24 17:00:00,29.5,116.75,-0.9,27.0
2024-01-24 18:00:00,29.5,116.75,-1.2,27.0
2024-01-24 19:00:00,29.5,116.75,-1.2,27.0
2024-01-24 20:00:00,29.5,116.75,-1.3,27.0
2024-01-24 21:00:00,29.5,116.75,-1.0,27.0
2024-01-24 22:00:00,29.5,116.75,-1.0,27.0
2024-01-24 23:00:00,29.5,116.75,-1.0,27.0
2024-01-22 00:00:00,29.5,117.0,-0.9,197.0
2024-01-22 01:00:00,29.5,117.0,-0.8,197.0
2024-01-22 02:00:00,29.5,117.0,-0.5,197.0
2024-01-22 03:00:00,29.5,117.0,-0.0,197.0
2024-01-22 04:00:00,29.5,117.0,-0.1,197.0
2024-01-22 05:00:00,29.5,117.0,0.2,197.0
2024-01-22 06:00:00,29.5,117.0,0.1,197.0
2024-01-22 07:00:00,29.5,117.0,-0.2,197.0
2024-01-22 08:00:00,29.5,117.0,-0.3,197.0
2024-01-22 09:00:00,29.5,117.0,-0.7,197.0
2024-01-22 10:00:00,29.5,117.0,-1.4,197.0
2024-01-22 11:00:00,29.5,117.0,-1.7,197.0
2024-01-22 12:00:00,29.5,117.0,-1.9,197.0
2024-01-22 13:00:00,29.5,117.0,-2.0,197.0
2024-01-22 14:00:00,29.5,117.0,-2.4,197.0
2024-01-22 15:00:00,29.5,117.0,-3.2,197.0
2024-01-22 16:00:00,29.5,117.0,-4.2,197.0
2024-01-22 17:00:00,29.5,117.0,-4.6,197.0
2024-01-22 18:00:00,29.5,117.0,-5.0,197.0
2024-01-22 19:00:00,29.5,117.0,-5.2,197.0
2024-01-22 20:00:00,29.5,117.0,-5.4,197.0
2024-01-22 21:00:00,29.5,117.0,-5.5,197.0
2024-01-22 22:00:00,29.5,117.0,-5.5,197.0
2024-01-22 23:00:00,29.5,117.0,-5.6,197.0
2024-01-23 00:00:00,29.5,117.0,-4.1,197.0
2024-01-23 01:00:00,29.5,117.0,-2.9,197.0
2024-01-23 02:00:00,29.5,117.0,-1.6,197.0
2024-01-23 03:00:00,29.5,117.0,-0.2,197.0
2024-01-23 04:00:00,29.5,117.0,1.0,197.0
2024-01-23 05:00:00,29.5,117.0,2.0,197.0
2024-01-23 06:00:00,29.5,117.0,2.0,197.0
2024-01-23 07:00:00,29.5,117.0,1.9,197.0
2024-01-23 08:00:00,29.5,117.0,1.5,197.0
2024-01-23 09:00:00,29.5,117.0,0.1,197.0
2024-01-23 10:00:00,29.5,117.0,-2.3,197.0
2024-01-23 11:00:00,29.5,117.0,-3.2,197.0
2024-01-23 12:00:00,29.5,117.0,-3.5,197.0
2024-01-23 13:00:00,29.5,117.0,-3.6,197.0
2024-01-23 14:00:00,29.5,117.0,-3.6,197.0
2024-01-23 15:00:00,29.5,117.0,-3.6,197.0
2024-01-23 16:00:00,29.5,117.0,-3.6,197.0
2024-01-23 17:00:00,29.5,117.0,-3.6,197.0
2024-01-23 18:00:00,29.5,117.0,-3.6,197.0
2024-01-23 19:00:00,29.5,117.0,-3.6,197.0
2024-01-23 20:00:00,29.5,117.0,-3.6,197.0
2024-01-23 21:00:00,29.5,117.0,-3.7,197.0
2024-01-23 22:00:00,29.5,117.0,-3.6,197.0
2024-01-23 23:00:00,29.5,117.0,-3.6,197.0
2024-01-24 00:00:00,29.5,117.0,-2.6,197.0
2024-01-24 01:00:00,29.5,117.0,-0.8,197.0
2024-01-24 02:00:00,29.5,117.0,1.3,197.0
2024-01-24 03:00:00,29.5,117.0,3.0,197.0
2024-01-24 04:00:00,29.5,117.0,4.1,197.0
2024-01-24 05:00:00,29.5,117.0,4.8,197.0
2024-01-24 06:00:00,29.5,117.0,5.2,197.0
2024-01-24 07:00:00,29.5,117.0,5.2,197.0
2024-01-24 08:00:00,29.5,117.0,4.5,197.0
2024-01-24 09:00:00,29.5,117.0,2.5,197.0
2024-01-24 10:00:00,29.5,117.0,-0.4,197.0
2024-01-24 11:00:00,29.5,117.0,-1.5,197.0
2024-01-24 12:00:00,29.5,117.0,-1.8,197.0
2024-01-24 13:00:00,29.5,117.0,-2.1,197.0
2024-01-24 14:00:00,29.5,117.0,-2.0,197.0
2024-01-24 15:00:00,29.5,117.0,-1.7,197.0
2024-01-24 16:00:00,29.5,117.0,-1.8,197.0
2024-01-24 17:00:00,29.5,117.0,-2.0,197.0
2024-01-24 18:00:00,29.5,117.0,-2.3,197.0
2024-01-24 19:00:00,29.5,117.0,-2.4,197.0
2024-01-24 20:00:00,29.5,117.0,-2.5,197.0
2024-01-24 21:00:00,29.5,117.0,-2.0,197.0
2024-01-24 22:00:00,29.5,117.0,-1.8,197.0
2024-01-24 23:00:00,29.5,117.0,-1.6,197.0
2024-01-22 00:00:00,29.5,117.25,0.1,40.0
2024-01-22 01:00:00,29.5,117.25,0.0,40.0
2024-01-22 02:00:00,29.5,117.25,0.6,40.0
2024-01-22 03:00:00,29.5,117.25,1.3,40.0
2024-01-22 04:00:00,29.5,117.25,1.5,40.0
2024-01-22 05:00:00,29.5,117.25,1.3,40.0
2024-01-22 06:00:00,29.5,117.25,1.4,40.0
2024-01-22 07:00:00,29.5,117.25,1.0,40.0
2024-01-22 08:00:00,29.5,117.25,0.7,40.0
2024-01-22 09:00:00,29.5,117.25,-0.1,40.0
2024-01-22 10:00:00,29.5,117.25,-0.9,40.0
2024-01-22 11:00:00,29.5,117.25,-1.0,40.0
2024-01-22 12:00:00,29.5,117.25,-1.3,40.0
2024-01-22 13:00:00,29.5,117.25,-1.4,40.0
2024-01-22 14:00:00,29.5,117.25,-1.5,40.0
2024-01-22 15:00:00,29.5,117.25,-2.0,40.0
2024-01-22 16:00:00,29.5,117.25,-2.6,40.0
2024-01-22 17:00:00,29.5,117.25,-2.8,40.0
2024-01-22 18:00:00,29.5,117.25,-3.2,40.0
2024-01-22 19:00:00,29.5,117.25,-3.6,40.0
2024-01-22 20:00:00,29.5,117.25,-3.9,40.0
2024-01-22 21:00:00,29.5,117.25,-4.0,40.0
2024-01-22 22:00:00,29.5,117.25,-4.1,40.0
2024-01-22 23:00:00,29.5,117.25,-4.1,40.0
2024-01-23 00:00:00,29.5,117.25,-3.0,40.0
2024-01-23 01:00:00,29.5,117.25,-1.9,40.0
2024-01-23 02:00:00,29.5,117.25,-0.5,40.0
2024-01-23 03:00:00,29.5,117.25,0.8,40.0
2024-01-23 04:00:00,29.5,117.25,2.1,40.0
2024-01-23 05:00:00,29.5,117.25,3.2,40.0
2024-01-23 06:00:00,29.5,117.25,3.6,40.0
2024-01-23 07:00:00,29.5,117.25,3.9,40.0
2024-01-23 08:00:00,29.5,117.25,3.7,40.0
2024-01-23 09:00:00,29.5,117.25,2.4,40.0
2024-01-23 10:00:00,29.5,117.25,-0.3,40.0
2024-01-23 11:00:00,29.5,117.25,-1.3,40.0
2024-01-23 12:00:00,29.5,117.25,-1.8,40.0
2024-01-23 13:00:00,29.5,117.25,-2.2,40.0
2024-01-23 14:00:00,29.5,117.25,-2.4,40.0
2024-01-23 15:00:00,29.5,117.25,-2.5,40.0
2024-01-23 16:00:00,29.5,117.25,-2.5,40.0
2024-01-23 17:00:00,29.5,117.25,-2.6,40.0
2024-01-23 18:00:00,29.5,117.25,-2.7,40.0
2024-01-23 19:00:00,29.5,117.25,-2.7,40.0
2024-01-23 20:00:00,29.5,117.25,-2.8,40.0
2024-01-23 21:00:00,29.5,117.25,-2.9,40.0
2024-01-23 22:00:00,29.5,117.25,-3.0,40.0
2024-01-23 23:00:00,29.5,117.25,-3.1,40.0
2024-01-24 00:00:00,29.5,117.25,-2.2,40.0
2024-01-24 01:00:00,29.5,117.25,-0.3,40.0
2024-01-24 02:00:00,29.5,117.25,1.7,40.0
2024-01-24 03:00:00,29.5,117.25,3.6,40.0
2024-01-24 04:00:00,29.5,117.25,4.8,40.0
2024-01-24 05:00:00,29.5,117.25,5.7,40.0
2024-01-24 06:00:00,29.5,117.25,6.3,40.0
2024-01-24 07:00:00,29.5,117.25,6.4,40.0
2024-01-24 08:00:00,29.5,117.25,5.9,40.0
2024-01-24 09:00:00,29.5,117.25,4.0,40.0
2024-01-24 10:00:00,29.5,117.25,1.5,40.0
2024-01-24 11:00:00,29.5,117.25,0.3,40.0
2024-01-24 12:00:00,29.5,117.25,-0.4,40.0
2024-01-24 13:00:00,29.5,117.25,-1.0,40.0
2024-01-24 14:00:00,29.5,117.25,-1.0,40.0
2024-01-24 15:00:00,29.5,117.25,-1.1,40.0
2024-01-24 16:00:00,29.5,117.25,-1.4,40.0
2024-01-24 17:00:00,29.5,117.25,-1.7,40.0
2024-01-24 18:00:00,29.5,117.25,-1.8,40.0
2024-01-24 19:00:00,29.5,117.25,-2.1,40.0
2024-01-24 20:00:00,29.5,117.25,-2.2,40.0
2024-01-24 21:00:00,29.5,117.25,-2.0,40.0
2024-01-24 22:00:00,29.5,117.25,-1.7,40.0
2024-01-24 23:00:00,29.5,117.25,-1.5,40.0
2024-01-22 00:00:00,29.5,117.5,-0.5,120.0
2024-01-22 01:00:00,29.5,117.5,-0.5,120.0
2024-01-22 02:00:00,29.5,117.5,-0.1,120.0
2024-01-22 03:00:00,29.5,117.5,0.5,120.0
2024-01-22 04:00:00,29.5,117.5,0.5,120.0
2024-01-22 05:00:00,29.5,117.5,0.6,120.0
2024-01-22 06:00:00,29.5,117.5,0.7,120.0
2024-01-22 07:00:00,29.5,117.5,-0.3,120.0
2024-01-22 08:00:00,29.5,117.5,-0.0,120.0
2024-01-22 09:00:00,29.5,117.5,-0.7,120.0
2024-01-22 10:00:00,29.5,117.5,-1.5,120.0
2024-01-22 11:00:00,29.5,117.5,-1.8,120.0
2024-01-22 12:00:00,29.5,117.5,-2.1,120.0
2024-01-22 13:00:00,29.5,117.5,-2.4,120.0
2024-01-22 14:00:00,29.5,117.5,-2.6,120.0
2024-01-22 15:00:00,29.5,117.5,-3.2,120.0
2024-01-22 16:00:00,29.5,117.5,-4.1,120.0
2024-01-22 17:00:00,29.5,117.5,-4.4,120.0
2024-01-22 18:00:00,29.5,117.5,-4.7,120.0
2024-01-22 19:00:00,29.5,117.5,-5.2,120.0
2024-01-22 20:00:00,29.5,117.5,-5.5,120.0
2024-01-22 21:00:00,29.5,117.5,-5.6,120.0
2024-01-22 22:00:00,29.5,117.5,-5.7,120.0
2024-01-22 23:00:00,29.5,117.5,-5.7,120.0
2024-01-23 00:00:00,29.5,117.5,-3.6,120.0
2024-01-23 01:00:00,29.5,117.5,-2.2,120.0
2024-01-23 02:00:00,29.5,117.5,-0.4,120.0
2024-01-23 03:00:00,29.5,117.5,1.3,120.0
2024-01-23 04:00:00,29.5,117.5,2.5,120.0
2024-01-23 05:00:00,29.5,117.5,3.2,120.0
2024-01-23 06:00:00,29.5,117.5,3.5,120.0
2024-01-23 07:00:00,29.5,117.5,3.6,120.0
2024-01-23 08:00:00,29.5,117.5,3.2,120.0
2024-01-23 09:00:00,29.5,117.5,1.8,120.0
2024-01-23 10:00:00,29.5,117.5,-0.9,120.0
2024-01-23 11:00:00,29.5,117.5,-1.8,120.0
2024-01-23 12:00:00,29.5,117.5,-2.1,120.0
2024-01-23 13:00:00,29.5,117.5,-2.4,120.0
2024-01-23 14:00:00,29.5,117.5,-2.6,120.0
2024-01-23 15:00:00,29.5,117.5,-2.7,120.0
2024-01-23 16:00:00,29.5,117.5,-2.8,120.0
2024-01-23 17:00:00,29.5,117.5,-3.0,120.0
2024-01-23 18:00:00,29.5,117.5,-3.1,120.0
2024-01-23 19:00:00,29.5,117.5,-3.3,120.0
2024-01-23 20:00:00,29.5,117.5,-3.5,120.0
2024-01-23 21:00:00,29.5,117.5,-3.6,120.0
2024-01-23 22:00:00,29.5,117.5,-3.6,120.0
2024-01-23 23:00:00,29.5,117.5,-3.6,120.0
2024-01-24 00:00:00,29.5,117.5,-2.9,120.0
2024-01-24 01:00:00,29.5,117.5,-0.4,120.0
2024-01-24 02:00:00,29.5,117.5,2.0,120.0
2024-01-24 03:00:00,29.5,117.5,4.0,120.0
2024-01-24 04:00:00,29.5,117.5,5.2,120.0
2024-01-24 05:00:00,29.5,117.5,6.0,120.0
2024-01-24 06:00:00,29.5,117.5,6.8,120.0
2024-01-24 07:00:00,29.5,117.5,6.7,120.0
2024-01-24 08:00:00,29.5,117.5,6.1,120.0
2024-01-24 09:00:00,29.5,117.5,4.0,120.0
2024-01-24 10:00:00,29.5,117.5,0.9,120.0
2024-01-24 11:00:00,29.5,117.5,-0.2,120.0
2024-01-24 12:00:00,29.5,117.5,-0.8,120.0
2024-01-24 13:00:00,29.5,117.5,-1.0,120.0
2024-01-24 14:00:00,29.5,117.5,-1.1,120.0
2024-01-24 15:00:00,29.5,117.5,-1.0,120.0
2024-01-24 16:00:00,29.5,117.5,-1.2,120.0
2024-01-24 17:00:00,29.5,117.5,-1.4,120.0
2024-01-24 18:00:00,29.5,117.5,-1.5,120.0
2024-01-24 19:00:00,29.5,117.5,-1.8,120.0
2024-01-24 20:00:00,29.5,117.5,-2.0,120.0
2024-01-24 21:00:00,29.5,117.5,-2.0,120.0
2024-01-24 22:00:00,29.5,117.5,-1.1,120.0
2024-01-24 23:00:00,29.5,117.5,-1.2,120.0
2024-01-22 00:00:00,29.5,117.75,-1.0,206.0
2024-01-22 01:00:00,29.5,117.75,-0.9,206.0
2024-01-22 02:00:00,29.5,117.75,-0.5,206.0
2024-01-22 03:00:00,29.5,117.75,-0.3,206.0
2024-01-22 04:00:00,29.5,117.75,-0.2,206.0
2024-01-22 05:00:00,29.5,117.75,-0.2,206.0
2024-01-22 06:00:00,29.5,117.75,-0.3,206.0
2024-01-22 07:00:00,29.5,117.75,-1.0,206.0
2024-01-22 08:00:00,29.5,117.75,-1.1,206.0
2024-01-22 09:00:00,29.5,117.75,-1.7,206.0
2024-01-22 10:00:00,29.5,117.75,-2.2,206.0
2024-01-22 11:00:00,29.5,117.75,-2.5,206.0
2024-01-22 12:00:00,29.5,117.75,-2.9,206.0
2024-01-22 13:00:00,29.5,117.75,-3.3,206.0
2024-01-22 14:00:00,29.5,117.75,-3.6,206.0
2024-01-22 15:00:00,29.5,117.75,-4.3,206.0
2024-01-22 16:00:00,29.5,117.75,-5.1,206.0
2024-01-22 17:00:00,29.5,117.75,-5.4,206.0
2024-01-22 18:00:00,29.5,117.75,-6.2,206.0
2024-01-22 19:00:00,29.5,117.75,-6.8,206.0
2024-01-22 20:00:00,29.5,117.75,-7.2,206.0
2024-01-22 21:00:00,29.5,117.75,-7.4,206.0
2024-01-22 22:00:00,29.5,117.75,-7.4,206.0
2024-01-22 23:00:00,29.5,117.75,-7.5,206.0
2024-01-23 00:00:00,29.5,117.75,-4.3,206.0
2024-01-23 01:00:00,29.5,117.75,-2.9,206.0
2024-01-23 02:00:00,29.5,117.75,-1.1,206.0
2024-01-23 03:00:00,29.5,117.75,0.4,206.0
2024-01-23 04:00:00,29.5,117.75,1.8,206.0
2024-01-23 05:00:00,29.5,117.75,2.7,206.0
2024-01-23 06:00:00,29.5,117.75,3.0,206.0
2024-01-23 07:00:00,29.5,117.75,2.9,206.0
2024-01-23 08:00:00,29.5,117.75,2.2,206.0
2024-01-23 09:00:00,29.5,117.75,0.9,206.0
2024-01-23 10:00:00,29.5,117.75,-1.6,206.0
2024-01-23 11:00:00,29.5,117.75,-2.3,206.0
2024-01-23 12:00:00,29.5,117.75,-2.6,206.0
2024-01-23 13:00:00,29.5,117.75,-2.8,206.0
2024-01-23 14:00:00,29.5,117.75,-3.0,206.0
2024-01-23 15:00:00,29.5,117.75,-3.2,206.0
2024-01-23 16:00:00,29.5,117.75,-3.4,206.0
2024-01-23 17:00:00,29.5,117.75,-3.5,206.0
2024-01-23 18:00:00,29.5,117.75,-3.7,206.0
2024-01-23 19:00:00,29.5,117.75,-3.9,206.0
2024-01-23 20:00:00,29.5,117.75,-4.1,206.0
2024-01-23 21:00:00,29.5,117.75,-4.2,206.0
2024-01-23 22:00:00,29.5,117.75,-4.3,206.0
2024-01-23 23:00:00,29.5,117.75,-4.4,206.0
2024-01-24 00:00:00,29.5,117.75,-3.7,206.0
2024-01-24 01:00:00,29.5,117.75,-0.8,206.0
2024-01-24 02:00:00,29.5,117.75,1.6,206.0
2024-01-24 03:00:00,29.5,117.75,3.7,206.0
2024-01-24 04:00:00,29.5,117.75,5.3,206.0
2024-01-24 05:00:00,29.5,117.75,6.2,206.0
2024-01-24 06:00:00,29.5,117.75,6.5,206.0
2024-01-24 07:00:00,29.5,117.75,6.2,206.0
2024-01-24 08:00:00,29.5,117.75,5.4,206.0
2024-01-24 09:00:00,29.5,117.75,3.0,206.0
2024-01-24 10:00:00,29.5,117.75,-0.7,206.0
2024-01-24 11:00:00,29.5,117.75,-1.1,206.0
2024-01-24 12:00:00,29.5,117.75,-1.7,206.0
2024-01-24 13:00:00,29.5,117.75,-2.1,206.0
2024-01-24 14:00:00,29.5,117.75,-2.0,206.0
2024-01-24 15:00:00,29.5,117.75,-2.0,206.0
2024-01-24 16:00:00,29.5,117.75,-2.1,206.0
2024-01-24 17:00:00,29.5,117.75,-2.3,206.0
2024-01-24 18:00:00,29.5,117.75,-2.4,206.0
2024-01-24 19:00:00,29.5,117.75,-3.2,206.0
2024-01-24 20:00:00,29.5,117.75,-3.2,206.0
2024-01-24 21:00:00,29.5,117.75,-3.3,206.0
2024-01-24 22:00:00,29.5,117.75,-2.8,206.0
2024-01-24 23:00:00,29.5,117.75,-2.3,206.0
2024-01-22 00:00:00,29.5,118.0,-2.5,364.0
2024-01-22 01:00:00,29.5,118.0,-2.4,364.0
2024-01-22 02:00:00,29.5,118.0,-1.9,364.0
2024-01-22 03:00:00,29.5,118.0,-1.7,364.0
2024-01-22 04:00:00,29.5,118.0,-1.3,364.0
2024-01-22 05:00:00,29.5,118.0,-1.3,364.0
2024-01-22 06:00:00,29.5,118.0,-1.4,364.0
2024-01-22 07:00:00,29.5,118.0,-1.9,364.0
2024-01-22 08:00:00,29.5,118.0,-2.0,364.0
2024-01-22 09:00:00,29.5,118.0,-2.6,364.0
2024-01-22 10:00:00,29.5,118.0,-3.2,364.0
2024-01-22 11:00:00,29.5,118.0,-3.7,364.0
2024-01-22 12:00:00,29.5,118.0,-4.2,364.0
2024-01-22 13:00:00,29.5,118.0,-4.5,364.0
2024-01-22 14:00:00,29.5,118.0,-4.9,364.0
2024-01-22 15:00:00,29.5,118.0,-5.9,364.0
2024-01-22 16:00:00,29.5,118.0,-6.7,364.0
2024-01-22 17:00:00,29.5,118.0,-6.5,364.0
2024-01-22 18:00:00,29.5,118.0,-8.1,364.0
2024-01-22 19:00:00,29.5,118.0,-9.0,364.0
2024-01-22 20:00:00,29.5,118.0,-9.7,364.0
2024-01-22 21:00:00,29.5,118.0,-10.0,364.0
2024-01-22 22:00:00,29.5,118.0,-10.2,364.0
2024-01-22 23:00:00,29.5,118.0,-10.2,364.0
2024-01-23 00:00:00,29.5,118.0,-5.6,364.0
2024-01-23 01:00:00,29.5,118.0,-4.4,364.0
2024-01-23 02:00:00,29.5,118.0,-2.8,364.0
2024-01-23 03:00:00,29.5,118.0,-1.4,364.0
2024-01-23 04:00:00,29.5,118.0,-0.1,364.0
2024-01-23 05:00:00,29.5,118.0,0.9,364.0
2024-01-23 06:00:00,29.5,118.0,1.4,364.0
2024-01-23 07:00:00,29.5,118.0,1.5,364.0
2024-01-23 08:00:00,29.5,118.0,1.1,364.0
2024-01-23 09:00:00,29.5,118.0,-0.0,364.0
2024-01-23 10:00:00,29.5,118.0,-2.4,364.0
2024-01-23 11:00:00,29.5,118.0,-3.1,364.0
2024-01-23 12:00:00,29.5,118.0,-3.5,364.0
2024-01-23 13:00:00,29.5,118.0,-3.8,364.0
2024-01-23 14:00:00,29.5,118.0,-4.0,364.0
2024-01-23 15:00:00,29.5,118.0,-4.1,364.0
2024-01-23 16:00:00,29.5,118.0,-4.3,364.0
2024-01-23 17:00:00,29.5,118.0,-4.6,364.0
2024-01-23 18:00:00,29.5,118.0,-4.8,364.0
2024-01-23 19:00:00,29.5,118.0,-5.0,364.0
2024-01-23 20:00:00,29.5,118.0,-5.2,364.0
2024-01-23 21:00:00,29.5,118.0,-5.3,364.0
2024-01-23 22:00:00,29.5,118.0,-5.5,364.0
2024-01-23 23:00:00,29.5,118.0,-5.5,364.0
2024-01-24 00:00:00,29.5,118.0,-4.4,364.0
2024-01-24 01:00:00,29.5,118.0,-2.0,364.0
2024-01-24 02:00:00,29.5,118.0,0.1,364.0
2024-01-24 03:00:00,29.5,118.0,1.8,364.0
2024-01-24 04:00:00,29.5,118.0,3.0,364.0
2024-01-24 05:00:00,29.5,118.0,4.0,364.0
2024-01-24 06:00:00,29.5,118.0,4.5,364.0
2024-01-24 07:00:00,29.5,118.0,4.4,364.0
2024-01-24 08:00:00,29.5,118.0,3.7,364.0
2024-01-24 09:00:00,29.5,118.0,1.8,364.0
2024-01-24 10:00:00,29.5,118.0,-1.0,364.0
2024-01-24 11:00:00,29.5,118.0,-1.2,364.0
2024-01-24 12:00:00,29.5,118.0,-1.6,364.0
2024-01-24 13:00:00,29.5,118.0,-1.9,364.0
2024-01-24 14:00:00,29.5,118.0,-1.8,364.0
2024-01-24 15:00:00,29.5,118.0,-2.1,364.0
2024-01-24 16:00:00,29.5,118.0,-2.2,364.0
2024-01-24 17:00:00,29.5,118.0,-2.3,364.0
2024-01-24 18:00:00,29.5,118.0,-2.6,364.0
2024-01-24 19:00:00,29.5,118.0,-3.2,364.0
2024-01-24 20:00:00,29.5,118.0,-3.3,364.0
2024-01-24 21:00:00,29.5,118.0,-3.4,364.0
2024-01-24 22:00:00,29.5,118.0,-3.1,364.0
2024-01-24 23:00:00,29.5,118.0,-2.9,364.0
2024-01-22 00:00:00,29.5,118.25,-6.6,908.0
2024-01-22 01:00:00,29.5,118.25,-6.3,908.0
2024-01-22 02:00:00,29.5,118.25,-6.0,908.0
2024-01-22 03:00:00,29.5,118.25,-5.6,908.0
2024-01-22 04:00:00,29.5,118.25,-5.2,908.0
2024-01-22 05:00:00,29.5,118.25,-5.4,908.0
2024-01-22 06:00:00,29.5,118.25,-5.4,908.0
2024-01-22 07:00:00,29.5,118.25,-5.9,908.0
2024-01-22 08:00:00,29.5,118.25,-6.4,908.0
2024-01-22 09:00:00,29.5,118.25,-7.0,908.0
2024-01-22 10:00:00,29.5,118.25,-7.5,908.0
2024-01-22 11:00:00,29.5,118.25,-7.8,908.0
2024-01-22 12:00:00,29.5,118.25,-8.5,908.0
2024-01-22 13:00:00,29.5,118.25,-8.6,908.0
2024-01-22 14:00:00,29.5,118.25,-9.0,908.0
2024-01-22 15:00:00,29.5,118.25,-9.4,908.0
2024-01-22 16:00:00,29.5,118.25,-10.7,908.0
2024-01-22 17:00:00,29.5,118.25,-10.1,908.0
2024-01-22 18:00:00,29.5,118.25,-12.4,908.0
2024-01-22 19:00:00,29.5,118.25,-13.3,908.0
2024-01-22 20:00:00,29.5,118.25,-14.1,908.0
2024-01-22 21:00:00,29.5,118.25,-14.2,908.0
2024-01-22 22:00:00,29.5,118.25,-14.6,908.0
2024-01-22 23:00:00,29.5,118.25,-14.8,908.0
2024-01-23 00:00:00,29.5,118.25,-9.3,908.0
2024-01-23 01:00:00,29.5,118.25,-7.9,908.0
2024-01-23 02:00:00,29.5,118.25,-6.5,908.0
2024-01-23 03:00:00,29.5,118.25,-5.2,908.0
2024-01-23 04:00:00,29.5,118.25,-4.0,908.0
2024-01-23 05:00:00,29.5,118.25,-3.2,908.0
2024-01-23 06:00:00,29.5,118.25,-2.9,908.0
2024-01-23 07:00:00,29.5,118.25,-2.7,908.0
2024-01-23 08:00:00,29.5,118.25,-3.1,908.0
2024-01-23 09:00:00,29.5,118.25,-4.0,908.0
2024-01-23 10:00:00,29.5,118.25,-6.1,908.0
2024-01-23 11:00:00,29.5,118.25,-6.7,908.0
2024-01-23 12:00:00,29.5,118.25,-7.1,908.0
2024-01-23 13:00:00,29.5,118.25,-7.4,908.0
2024-01-23 14:00:00,29.5,118.25,-7.6,908.0
2024-01-23 15:00:00,29.5,118.25,-7.8,908.0
2024-01-23 16:00:00,29.5,118.25,-8.0,908.0
2024-01-23 17:00:00,29.5,118.25,-8.2,908.0
2024-01-23 18:00:00,29.5,118.25,-8.4,908.0
2024-01-23 19:00:00,29.5,118.25,-8.6,908.0
2024-01-23 20:00:00,29.5,118.25,-8.8,908.0
2024-01-23 21:00:00,29.5,118.25,-9.0,908.0
2024-01-23 22:00:00,29.5,118.25,-9.0,908.0
2024-01-23 23:00:00,29.5,118.25,-9.1,908.0
2024-01-24 00:00:00,29.5,118.25,-7.8,908.0
2024-01-24 01:00:00,29.5,118.25,-5.7,908.0
2024-01-24 02:00:00,29.5,118.25,-3.9,908.0
2024-01-24 03:00:00,29.5,118.25,-2.2,908.0
2024-01-24 04:00:00,29.5,118.25,-1.0,908.0
2024-01-24 05:00:00,29.5,118.25,-0.1,908.0
2024-01-24 06:00:00,29.5,118.25,0.4,908.0
2024-01-24 07:00:00,29.5,118.25,0.3,908.0
2024-01-24 08:00:00,29.5,118.25,-0.3,908.0
2024-01-24 09:00:00,29.5,118.25,-2.1,908.0
2024-01-24 10:00:00,29.5,118.25,-4.6,908.0
2024-01-24 11:00:00,29.5,118.25,-4.3,908.0
2024-01-24 12:00:00,29.5,118.25,-4.5,908.0
2024-01-24 13:00:00,29.5,118.25,-4.9,908.0
2024-01-24 14:00:00,29.5,118.25,-4.9,908.0
2024-01-24 15:00:00,29.5,118.25,-5.3,908.0
2024-01-24 16:00:00,29.5,118.25,-5.5,908.0
2024-01-24 17:00:00,29.5,118.25,-5.3,908.0
2024-01-24 18:00:00,29.5,118.25,-5.8,908.0
2024-01-24 19:00:00,29.5,118.25,-6.2,908.0
2024-01-24 20:00:00,29.5,118.25,-6.4,908.0
2024-01-24 21:00:00,29.5,118.25,-6.4,908.0
2024-01-24 22:00:00,29.5,118.25,-6.3,908.0
2024-01-24 23:00:00,29.5,118.25,-5.9,908.0
2024-01-22 00:00:00,29.5,118.5,-3.7,522.0
2024-01-22 01:00:00,29.5,118.5,-3.5,522.0
2024-01-22 02:00:00,29.5,118.5,-3.3,522.0
2024-01-22 03:00:00,29.5,118.5,-3.0,522.0
2024-01-22 04:00:00,29.5,118.5,-2.7,522.0
2024-01-22 05:00:00,29.5,118.5,-2.6,522.0
2024-01-22 06:00:00,29.5,118.5,-2.3,522.0
2024-01-22 07:00:00,29.5,118.5,-3.4,522.0
2024-01-22 08:00:00,29.5,118.5,-3.9,522.0
2024-01-22 09:00:00,29.5,118.5,-4.3,522.0
2024-01-22 10:00:00,29.5,118.5,-4.4,522.0
2024-01-22 11:00:00,29.5,118.5,-4.6,522.0
2024-01-22 12:00:00,29.5,118.5,-5.4,522.0
2024-01-22 13:00:00,29.5,118.5,-5.7,522.0
2024-01-22 14:00:00,29.5,118.5,-6.0,522.0
2024-01-22 15:00:00,29.5,118.5,-5.9,522.0
2024-01-22 16:00:00,29.5,118.5,-6.2,522.0
2024-01-22 17:00:00,29.5,118.5,-6.5,522.0
2024-01-22 18:00:00,29.5,118.5,-8.1,522.0
2024-01-22 19:00:00,29.5,118.5,-8.8,522.0
2024-01-22 20:00:00,29.5,118.5,-9.3,522.0
2024-01-22 21:00:00,29.5,118.5,-9.5,522.0
2024-01-22 22:00:00,29.5,118.5,-9.7,522.0
2024-01-22 23:00:00,29.5,118.5,-9.8,522.0
2024-01-23 00:00:00,29.5,118.5,-6.3,522.0
2024-01-23 01:00:00,29.5,118.5,-4.9,522.0
2024-01-23 02:00:00,29.5,118.5,-3.3,522.0
2024-01-23 03:00:00,29.5,118.5,-2.0,522.0
2024-01-23 04:00:00,29.5,118.5,-0.9,522.0
2024-01-23 05:00:00,29.5,118.5,-0.1,522.0
2024-01-23 06:00:00,29.5,118.5,0.1,522.0
2024-01-23 07:00:00,29.5,118.5,0.0,522.0
2024-01-23 08:00:00,29.5,118.5,-0.5,522.0
2024-01-23 09:00:00,29.5,118.5,-1.5,522.0
2024-01-23 10:00:00,29.5,118.5,-3.7,522.0
2024-01-23 11:00:00,29.5,118.5,-4.3,522.0
2024-01-23 12:00:00,29.5,118.5,-4.6,522.0
2024-01-23 13:00:00,29.5,118.5,-4.8,522.0
2024-01-23 14:00:00,29.5,118.5,-5.0,522.0
2024-01-23 15:00:00,29.5,118.5,-5.2,522.0
2024-01-23 16:00:00,29.5,118.5,-5.3,522.0
2024-01-23 17:00:00,29.5,118.5,-5.4,522.0
2024-01-23 18:00:00,29.5,118.5,-5.5,522.0
2024-01-23 19:00:00,29.5,118.5,-5.6,522.0
2024-01-23 20:00:00,29.5,118.5,-5.8,522.0
2024-01-23 21:00:00,29.5,118.5,-6.0,522.0
2024-01-23 22:00:00,29.5,118.5,-6.1,522.0
2024-01-23 23:00:00,29.5,118.5,-6.2,522.0
2024-01-24 00:00:00,29.5,118.5,-5.2,522.0
2024-01-24 01:00:00,29.5,118.5,-3.0,522.0
2024-01-24 02:00:00,29.5,118.5,-0.9,522.0
2024-01-24 03:00:00,29.5,118.5,1.0,522.0
2024-01-24 04:00:00,29.5,118.5,2.6,522.0
2024-01-24 05:00:00,29.5,118.5,3.5,522.0
2024-01-24 06:00:00,29.5,118.5,3.9,522.0
2024-01-24 07:00:00,29.5,118.5,3.5,522.0
2024-01-24 08:00:00,29.5,118.5,2.8,522.0
2024-01-24 09:00:00,29.5,118.5,0.8,522.0
2024-01-24 10:00:00,29.5,118.5,-1.4,522.0
2024-01-24 11:00:00,29.5,118.5,-1.9,522.0
2024-01-24 12:00:00,29.5,118.5,-2.4,522.0
2024-01-24 13:00:00,29.5,118.5,-2.9,522.0
2024-01-24 14:00:00,29.5,118.5,-2.8,522.0
2024-01-24 15:00:00,29.5,118.5,-3.2,522.0
2024-01-24 16:00:00,29.5,118.5,-3.2,522.0
2024-01-24 17:00:00,29.5,118.5,-3.0,522.0
2024-01-24 18:00:00,29.5,118.5,-3.4,522.0
2024-01-24 19:00:00,29.5,118.5,-3.5,522.0
2024-01-24 20:00:00,29.5,118.5,-4.1,522.0
2024-01-24 21:00:00,29.5,118.5,-4.2,522.0
2024-01-24 22:00:00,29.5,118.5,-4.3,522.0
2024-01-24 23:00:00,29.5,118.5,-3.8,522.0
2024-01-22 00:00:00,29.5,118.75,0.1,99.0
2024-01-22 01:00:00,29.5,118.75,-0.0,99.0
2024-01-22 02:00:00,29.5,118.75,-0.1,99.0
2024-01-22 03:00:00,29.5,118.75,-0.2,99.0
2024-01-22 04:00:00,29.5,118.75,-0.1,99.0
2024-01-22 05:00:00,29.5,118.75,0.1,99.0
2024-01-22 06:00:00,29.5,118.75,0.5,99.0
2024-01-22 07:00:00,29.5,118.75,-0.3,99.0
2024-01-22 08:00:00,29.5,118.75,-1.0,99.0
2024-01-22 09:00:00,29.5,118.75,-0.7,99.0
2024-01-22 10:00:00,29.5,118.75,-1.3,99.0
2024-01-22 11:00:00,29.5,118.75,-1.8,99.0
2024-01-22 12:00:00,29.5,118.75,-2.2,99.0
2024-01-22 13:00:00,29.5,118.75,-2.6,99.0
2024-01-22 14:00:00,29.5,118.75,-3.4,99.0
2024-01-22 15:00:00,29.5,118.75,-2.7,99.0
2024-01-22 16:00:00,29.5,118.75,-2.9,99.0
2024-01-22 17:00:00,29.5,118.75,-3.6,99.0
2024-01-22 18:00:00,29.5,118.75,-5.7,99.0
2024-01-22 19:00:00,29.5,118.75,-6.7,99.0
2024-01-22 20:00:00,29.5,118.75,-7.3,99.0
2024-01-22 21:00:00,29.5,118.75,-7.7,99.0
2024-01-22 22:00:00,29.5,118.75,-7.8,99.0
2024-01-22 23:00:00,29.5,118.75,-7.8,99.0
2024-01-23 00:00:00,29.5,118.75,-3.2,99.0
2024-01-23 01:00:00,29.5,118.75,-2.0,99.0
2024-01-23 02:00:00,29.5,118.75,-0.6,99.0
2024-01-23 03:00:00,29.5,118.75,0.6,99.0
2024-01-23 04:00:00,29.5,118.75,1.7,99.0
2024-01-23 05:00:00,29.5,118.75,2.9,99.0
2024-01-23 06:00:00,29.5,118.75,3.4,99.0
2024-01-23 07:00:00,29.5,118.75,3.4,99.0
2024-01-23 08:00:00,29.5,118.75,2.9,99.0
2024-01-23 09:00:00,29.5,118.75,1.3,99.0
2024-01-23 10:00:00,29.5,118.75,-1.2,99.0
2024-01-23 11:00:00,29.5,118.75,-1.9,99.0
2024-01-23 12:00:00,29.5,118.75,-2.1,99.0
2024-01-23 13:00:00,29.5,118.75,-2.4,99.0
2024-01-23 14:00:00,29.5,118.75,-2.5,99.0
2024-01-23 15:00:00,29.5,118.75,-2.7,99.0
2024-01-23 16:00:00,29.5,118.75,-2.8,99.0
2024-01-23 17:00:00,29.5,118.75,-2.9,99.0
2024-01-23 18:00:00,29.5,118.75,-2.9,99.0
2024-01-23 19:00:00,29.5,118.75,-3.0,99.0
2024-01-23 20:00:00,29.5,118.75,-3.1,99.0
2024-01-23 21:00:00,29.5,118.75,-3.2,99.0
2024-01-23 22:00:00,29.5,118.75,-3.2,99.0
2024-01-23 23:00:00,29.5,118.75,-3.3,99.0
2024-01-24 00:00:00,29.5,118.75,-3.3,99.0
2024-01-24 01:00:00,29.5,118.75,-0.7,99.0
2024-01-24 02:00:00,29.5,118.75,1.2,99.0
2024-01-24 03:00:00,29.5,118.75,2.9,99.0
2024-01-24 04:00:00,29.5,118.75,4.3,99.0
2024-01-24 05:00:00,29.5,118.75,5.3,99.0
2024-01-24 06:00:00,29.5,118.75,5.8,99.0
2024-01-24 07:00:00,29.5,118.75,5.6,99.0
2024-01-24 08:00:00,29.5,118.75,5.0,99.0
2024-01-24 09:00:00,29.5,118.75,2.3,99.0
2024-01-24 10:00:00,29.5,118.75,-1.1,99.0
2024-01-24 11:00:00,29.5,118.75,-2.0,99.0
2024-01-24 12:00:00,29.5,118.75,-1.4,99.0
2024-01-24 13:00:00,29.5,118.75,-2.4,99.0
2024-01-24 14:00:00,29.5,118.75,-2.0,99.0
2024-01-24 15:00:00,29.5,118.75,-2.5,99.0
2024-01-24 16:00:00,29.5,118.75,-2.5,99.0
2024-01-24 17:00:00,29.5,118.75,-2.1,99.0
2024-01-24 18:00:00,29.5,118.75,-2.4,99.0
2024-01-24 19:00:00,29.5,118.75,-2.7,99.0
2024-01-24 20:00:00,29.5,118.75,-3.3,99.0
2024-01-24 21:00:00,29.5,118.75,-3.5,99.0
2024-01-24 22:00:00,29.5,118.75,-3.5,99.0
2024-01-24 23:00:00,29.5,118.75,-3.3,99.0
2024-01-22 00:00:00,29.5,119.0,-1.7,408.0
2024-01-22 01:00:00,29.5,119.0,-2.1,408.0
2024-01-22 02:00:00,29.5,119.0,-2.1,408.0
2024-01-22 03:00:00,29.5,119.0,-2.1,408.0
2024-01-22 04:00:00,29.5,119.0,-2.1,408.0
2024-01-22 05:00:00,29.5,119.0,-2.1,408.0
2024-01-22 06:00:00,29.5,119.0,-2.0,408.0
2024-01-22 07:00:00,29.5,119.0,-2.1,408.0
2024-01-22 08:00:00,29.5,119.0,-2.5,408.0
2024-01-22 09:00:00,29.5,119.0,-3.2,408.0
2024-01-22 10:00:00,29.5,119.0,-3.5,408.0
2024-01-22 11:00:00,29.5,119.0,-3.9,408.0
2024-01-22 12:00:00,29.5,119.0,-4.2,408.0
2024-01-22 13:00:00,29.5,119.0,-4.5,408.0
2024-01-22 14:00:00,29.5,119.0,-4.6,408.0
2024-01-22 15:00:00,29.5,119.0,-4.5,408.0
2024-01-22 16:00:00,29.5,119.0,-4.6,408.0
2024-01-22 17:00:00,29.5,119.0,-4.7,408.0
2024-01-22 18:00:00,29.5,119.0,-5.5,408.0
2024-01-22 19:00:00,29.5,119.0,-6.8,408.0
2024-01-22 20:00:00,29.5,119.0,-7.5,408.0
2024-01-22 21:00:00,29.5,119.0,-8.1,408.0
2024-01-22 22:00:00,29.5,119.0,-7.9,408.0
2024-01-22 23:00:00,29.5,119.0,-8.6,408.0
2024-01-23 00:00:00,29.5,119.0,-5.0,408.0
2024-01-23 01:00:00,29.5,119.0,-4.3,408.0
2024-01-23 02:00:00,29.5,119.0,-3.5,408.0
2024-01-23 03:00:00,29.5,119.0,-2.6,408.0
2024-01-23 04:00:00,29.5,119.0,-1.7,408.0
2024-01-23 05:00:00,29.5,119.0,-0.7,408.0
2024-01-23 06:00:00,29.5,119.0,0.4,408.0
2024-01-23 07:00:00,29.5,119.0,0.6,408.0
2024-01-23 08:00:00,29.5,119.0,0.4,408.0
2024-01-23 09:00:00,29.5,119.0,-0.6,408.0
2024-01-23 10:00:00,29.5,119.0,-1.7,408.0
2024-01-23 11:00:00,29.5,119.0,-2.0,408.0
2024-01-23 12:00:00,29.5,119.0,-2.2,408.0
2024-01-23 13:00:00,29.5,119.0,-2.3,408.0
2024-01-23 14:00:00,29.5,119.0,-2.5,408.0
2024-01-23 15:00:00,29.5,119.0,-2.6,408.0
2024-01-23 16:00:00,29.5,119.0,-2.8,408.0
2024-01-23 17:00:00,29.5,119.0,-3.0,408.0
2024-01-23 18:00:00,29.5,119.0,-3.2,408.0
2024-01-23 19:00:00,29.5,119.0,-3.4,408.0
2024-01-23 20:00:00,29.5,119.0,-3.6,408.0
2024-01-23 21:00:00,29.5,119.0,-3.7,408.0
2024-01-23 22:00:00,29.5,119.0,-3.7,408.0
2024-01-23 23:00:00,29.5,119.0,-3.8,408.0
2024-01-24 00:00:00,29.5,119.0,-3.7,408.0
2024-01-24 01:00:00,29.5,119.0,-2.4,408.0
2024-01-24 02:00:00,29.5,119.0,-1.3,408.0
2024-01-24 03:00:00,29.5,119.0,-0.2,408.0
2024-01-24 04:00:00,29.5,119.0,0.7,408.0
2024-01-24 05:00:00,29.5,119.0,1.4,408.0
2024-01-24 06:00:00,29.5,119.0,1.6,408.0
2024-01-24 07:00:00,29.5,119.0,1.8,408.0
2024-01-24 08:00:00,29.5,119.0,1.7,408.0
2024-01-24 09:00:00,29.5,119.0,0.8,408.0
2024-01-24 10:00:00,29.5,119.0,-0.8,408.0
2024-01-24 11:00:00,29.5,119.0,-1.2,408.0
2024-01-24 12:00:00,29.5,119.0,-1.3,408.0
2024-01-24 13:00:00,29.5,119.0,-1.8,408.0
2024-01-24 14:00:00,29.5,119.0,-1.7,408.0
2024-01-24 15:00:00,29.5,119.0,-1.8,408.0
2024-01-24 16:00:00,29.5,119.0,-2.0,408.0
2024-01-24 17:00:00,29.5,119.0,-1.8,408.0
2024-01-24 18:00:00,29.5,119.0,-2.0,408.0
2024-01-24 19:00:00,29.5,119.0,-2.2,408.0
2024-01-24 20:00:00,29.5,119.0,-2.6,408.0
2024-01-24 21:00:00,29.5,119.0,-2.8,408.0
2024-01-24 22:00:00,29.5,119.0,-2.9,408.0
2024-01-24 23:00:00,29.5,119.0,-2.9,408.0
2024-01-22 00:00:00,29.5,119.25,-1.0,329.0
2024-01-22 01:00:00,29.5,119.25,-1.4,329.0
2024-01-22 02:00:00,29.5,119.25,-1.5,329.0
2024-01-22 03:00:00,29.5,119.25,-1.5,329.0
2024-01-22 04:00:00,29.5,119.25,-1.8,329.0
2024-01-22 05:00:00,29.5,119.25,-1.8,329.0
2024-01-22 06:00:00,29.5,119.25,-1.8,329.0
2024-01-22 07:00:00,29.5,119.25,-1.2,329.0
2024-01-22 08:00:00,29.5,119.25,-2.0,329.0
2024-01-22 09:00:00,29.5,119.25,-2.6,329.0
2024-01-22 10:00:00,29.5,119.25,-2.9,329.0
2024-01-22 11:00:00,29.5,119.25,-3.4,329.0
2024-01-22 12:00:00,29.5,119.25,-4.0,329.0
2024-01-22 13:00:00,29.5,119.25,-4.1,329.0
2024-01-22 14:00:00,29.5,119.25,-4.1,329.0
2024-01-22 15:00:00,29.5,119.25,-4.3,329.0
2024-01-22 16:00:00,29.5,119.25,-4.5,329.0
2024-01-22 17:00:00,29.5,119.25,-5.6,329.0
2024-01-22 18:00:00,29.5,119.25,-6.3,329.0
2024-01-22 19:00:00,29.5,119.25,-6.3,329.0
2024-01-22 20:00:00,29.5,119.25,-7.2,329.0
2024-01-22 21:00:00,29.5,119.25,-7.3,329.0
2024-01-22 22:00:00,29.5,119.25,-7.5,329.0
2024-01-22 23:00:00,29.5,119.25,-7.6,329.0
2024-01-23 00:00:00,29.5,119.25,-4.7,329.0
2024-01-23 01:00:00,29.5,119.25,-3.5,329.0
2024-01-23 02:00:00,29.5,119.25,-2.2,329.0
2024-01-23 03:00:00,29.5,119.25,-1.0,329.0
2024-01-23 04:00:00,29.5,119.25,0.0,329.0
2024-01-23 05:00:00,29.5,119.25,0.5,329.0
2024-01-23 06:00:00,29.5,119.25,0.3,329.0
2024-01-23 07:00:00,29.5,119.25,0.6,329.0
2024-01-23 08:00:00,29.5,119.25,0.5,329.0
2024-01-23 09:00:00,29.5,119.25,-0.4,329.0
2024-01-23 10:00:00,29.5,119.25,-2.0,329.0
2024-01-23 11:00:00,29.5,119.25,-2.9,329.0
2024-01-23 12:00:00,29.5,119.25,-3.4,329.0
2024-01-23 13:00:00,29.5,119.25,-3.5,329.0
2024-01-23 14:00:00,29.5,119.25,-3.6,329.0
2024-01-23 15:00:00,29.5,119.25,-3.7,329.0
2024-01-23 16:00:00,29.5,119.25,-3.8,329.0
2024-01-23 17:00:00,29.5,119.25,-3.8,329.0
2024-01-23 18:00:00,29.5,119.25,-3.8,329.0
2024-01-23 19:00:00,29.5,119.25,-3.8,329.0
2024-01-23 20:00:00,29.5,119.25,-3.8,329.0
2024-01-23 21:00:00,29.5,119.25,-3.8,329.0
2024-01-23 22:00:00,29.5,119.25,-3.8,329.0
2024-01-23 23:00:00,29.5,119.25,-3.8,329.0
2024-01-24 00:00:00,29.5,119.25,-2.9,329.0
2024-01-24 01:00:00,29.5,119.25,-1.3,329.0
2024-01-24 02:00:00,29.5,119.25,0.4,329.0
2024-01-24 03:00:00,29.5,119.25,1.9,329.0
2024-01-24 04:00:00,29.5,119.25,3.1,329.0
2024-01-24 05:00:00,29.5,119.25,3.8,329.0
2024-01-24 06:00:00,29.5,119.25,4.1,329.0
2024-01-24 07:00:00,29.5,119.25,3.9,329.0
2024-01-24 08:00:00,29.5,119.25,3.2,329.0
2024-01-24 09:00:00,29.5,119.25,0.8,329.0
2024-01-24 10:00:00,29.5,119.25,-1.2,329.0
2024-01-24 11:00:00,29.5,119.25,-1.8,329.0
2024-01-24 12:00:00,29.5,119.25,-2.3,329.0
2024-01-24 13:00:00,29.5,119.25,-2.4,329.0
2024-01-24 14:00:00,29.5,119.25,-2.2,329.0
2024-01-24 15:00:00,29.5,119.25,-2.2,329.0
2024-01-24 16:00:00,29.5,119.25,-2.4,329.0
2024-01-24 17:00:00,29.5,119.25,-2.6,329.0
2024-01-24 18:00:00,29.5,119.25,-2.7,329.0
2024-01-24 19:00:00,29.5,119.25,-2.6,329.0
2024-01-24 20:00:00,29.5,119.25,-3.2,329.0
2024-01-24 21:00:00,29.5,119.25,-3.4,329.0
2024-01-24 22:00:00,29.5,119.25,-3.5,329.0
2024-01-24 23:00:00,29.5,119.25,-3.6,329.0
2024-01-22 00:00:00,29.5,119.5,-1.7,323.0
2024-01-22 01:00:00,29.5,119.5,-1.4,323.0
2024-01-22 02:00:00,29.5,119.5,-1.4,323.0
2024-01-22 03:00:00,29.5,119.5,-1.4,323.0
2024-01-22 04:00:00,29.5,119.5,-1.4,323.0
2024-01-22 05:00:00,29.5,119.5,-1.3,323.0
2024-01-22 06:00:00,29.5,119.5,-1.3,323.0
2024-01-22 07:00:00,29.5,119.5,-1.3,323.0
2024-01-22 08:00:00,29.5,119.5,-2.7,323.0
2024-01-22 09:00:00,29.5,119.5,-3.8,323.0
2024-01-22 10:00:00,29.5,119.5,-3.3,323.0
2024-01-22 11:00:00,29.5,119.5,-3.1,323.0
2024-01-22 12:00:00,29.5,119.5,-3.5,323.0
2024-01-22 13:00:00,29.5,119.5,-3.8,323.0
2024-01-22 14:00:00,29.5,119.5,-3.9,323.0
2024-01-22 15:00:00,29.5,119.5,-4.1,323.0
2024-01-22 16:00:00,29.5,119.5,-4.1,323.0
2024-01-22 17:00:00,29.5,119.5,-5.0,323.0
2024-01-22 18:00:00,29.5,119.5,-5.7,323.0
2024-01-22 19:00:00,29.5,119.5,-5.9,323.0
2024-01-22 20:00:00,29.5,119.5,-6.9,323.0
2024-01-22 21:00:00,29.5,119.5,-7.0,323.0
2024-01-22 22:00:00,29.5,119.5,-7.3,323.0
2024-01-22 23:00:00,29.5,119.5,-7.4,323.0
2024-01-23 00:00:00,29.5,119.5,-5.1,323.0
2024-01-23 01:00:00,29.5,119.5,-3.8,323.0
2024-01-23 02:00:00,29.5,119.5,-2.6,323.0
2024-01-23 03:00:00,29.5,119.5,-1.2,323.0
2024-01-23 04:00:00,29.5,119.5,0.5,323.0
2024-01-23 05:00:00,29.5,119.5,1.6,323.0
2024-01-23 06:00:00,29.5,119.5,1.6,323.0
2024-01-23 07:00:00,29.5,119.5,1.7,323.0
2024-01-23 08:00:00,29.5,119.5,1.2,323.0
2024-01-23 09:00:00,29.5,119.5,-0.6,323.0
2024-01-23 10:00:00,29.5,119.5,-2.8,323.0
2024-01-23 11:00:00,29.5,119.5,-3.3,323.0
2024-01-23 12:00:00,29.5,119.5,-3.4,323.0
2024-01-23 13:00:00,29.5,119.5,-3.6,323.0
2024-01-23 14:00:00,29.5,119.5,-3.8,323.0
2024-01-23 15:00:00,29.5,119.5,-3.9,323.0
2024-01-23 16:00:00,29.5,119.5,-4.0,323.0
2024-01-23 17:00:00,29.5,119.5,-4.1,323.0
2024-01-23 18:00:00,29.5,119.5,-4.2,323.0
2024-01-23 19:00:00,29.5,119.5,-4.3,323.0
2024-01-23 20:00:00,29.5,119.5,-4.3,323.0
2024-01-23 21:00:00,29.5,119.5,-4.3,323.0
2024-01-23 22:00:00,29.5,119.5,-4.3,323.0
2024-01-23 23:00:00,29.5,119.5,-4.2,323.0
2024-01-24 00:00:00,29.5,119.5,-3.2,323.0
2024-01-24 01:00:00,29.5,119.5,-1.5,323.0
2024-01-24 02:00:00,29.5,119.5,0.2,323.0
2024-01-24 03:00:00,29.5,119.5,1.5,323.0
2024-01-24 04:00:00,29.5,119.5,3.1,323.0
2024-01-24 05:00:00,29.5,119.5,3.9,323.0
2024-01-24 06:00:00,29.5,119.5,4.5,323.0
2024-01-24 07:00:00,29.5,119.5,4.3,323.0
2024-01-24 08:00:00,29.5,119.5,3.8,323.0
2024-01-24 09:00:00,29.5,119.5,1.8,323.0
2024-01-24 10:00:00,29.5,119.5,0.0,323.0
2024-01-24 11:00:00,29.5,119.5,-1.1,323.0
2024-01-24 12:00:00,29.5,119.5,-1.8,323.0
2024-01-24 13:00:00,29.5,119.5,-1.9,323.0
2024-01-24 14:00:00,29.5,119.5,-1.5,323.0
2024-01-24 15:00:00,29.5,119.5,-1.9,323.0
2024-01-24 16:00:00,29.5,119.5,-1.9,323.0
2024-01-24 17:00:00,29.5,119.5,-2.1,323.0
2024-01-24 18:00:00,29.5,119.5,-2.2,323.0
2024-01-24 19:00:00,29.5,119.5,-2.1,323.0
2024-01-24 20:00:00,29.5,119.5,-2.7,323.0
2024-01-24 21:00:00,29.5,119.5,-3.0,323.0
2024-01-24 22:00:00,29.5,119.5,-3.2,323.0
2024-01-24 23:00:00,29.5,119.5,-3.2,323.0
2024-01-22 00:00:00,29.5,119.75,-3.3,558.0
2024-01-22 01:00:00,29.5,119.75,-3.0,558.0
2024-01-22 02:00:00,29.5,119.75,-3.2,558.0
2024-01-22 03:00:00,29.5,119.75,-3.4,558.0
2024-01-22 04:00:00,29.5,119.75,-3.5,558.0
2024-01-22 05:00:00,29.5,119.75,-3.3,558.0
2024-01-22 06:00:00,29.5,119.75,-3.3,558.0
2024-01-22 07:00:00,29.5,119.75,-3.0,558.0
2024-01-22 08:00:00,29.5,119.75,-3.6,558.0
2024-01-22 09:00:00,29.5,119.75,-4.3,558.0
2024-01-22 10:00:00,29.5,119.75,-5.0,558.0
2024-01-22 11:00:00,29.5,119.75,-5.2,558.0
2024-01-22 12:00:00,29.5,119.75,-5.5,558.0
2024-01-22 13:00:00,29.5,119.75,-5.9,558.0
2024-01-22 14:00:00,29.5,119.75,-6.0,558.0
2024-01-22 15:00:00,29.5,119.75,-6.0,558.0
2024-01-22 16:00:00,29.5,119.75,-6.0,558.0
2024-01-22 17:00:00,29.5,119.75,-6.3,558.0
2024-01-22 18:00:00,29.5,119.75,-6.7,558.0
2024-01-22 19:00:00,29.5,119.75,-6.9,558.0
2024-01-22 20:00:00,29.5,119.75,-7.3,558.0
2024-01-22 21:00:00,29.5,119.75,-7.4,558.0
2024-01-22 22:00:00,29.5,119.75,-7.9,558.0
2024-01-22 23:00:00,29.5,119.75,-8.2,558.0
2024-01-23 00:00:00,29.5,119.75,-6.5,558.0
2024-01-23 01:00:00,29.5,119.75,-5.3,558.0
2024-01-23 02:00:00,29.5,119.75,-4.1,558.0
2024-01-23 03:00:00,29.5,119.75,-3.0,558.0
2024-01-23 04:00:00,29.5,119.75,-2.1,558.0
2024-01-23 05:00:00,29.5,119.75,-1.0,558.0
2024-01-23 06:00:00,29.5,119.75,-0.8,558.0
2024-01-23 07:00:00,29.5,119.75,-0.8,558.0
2024-01-23 08:00:00,29.5,119.75,-1.3,558.0
2024-01-23 09:00:00,29.5,119.75,-2.3,558.0
2024-01-23 10:00:00,29.5,119.75,-3.8,558.0
2024-01-23 11:00:00,29.5,119.75,-4.3,558.0
2024-01-23 12:00:00,29.5,119.75,-4.5,558.0
2024-01-23 13:00:00,29.5,119.75,-4.7,558.0
2024-01-23 14:00:00,29.5,119.75,-4.8,558.0
2024-01-23 15:00:00,29.5,119.75,-4.9,558.0
2024-01-23 16:00:00,29.5,119.75,-5.0,558.0
2024-01-23 17:00:00,29.5,119.75,-5.0,558.0
2024-01-23 18:00:00,29.5,119.75,-5.1,558.0
2024-01-23 19:00:00,29.5,119.75,-5.2,558.0
2024-01-23 20:00:00,29.5,119.75,-5.2,558.0
2024-01-23 21:00:00,29.5,119.75,-5.3,558.0
2024-01-23 22:00:00,29.5,119.75,-5.3,558.0
2024-01-23 23:00:00,29.5,119.75,-5.4,558.0
2024-01-24 00:00:00,29.5,119.75,-4.7,558.0
2024-01-24 01:00:00,29.5,119.75,-3.1,558.0
2024-01-24 02:00:00,29.5,119.75,-1.3,558.0
2024-01-24 03:00:00,29.5,119.75,0.2,558.0
2024-01-24 04:00:00,29.5,119.75,1.5,558.0
2024-01-24 05:00:00,29.5,119.75,2.4,558.0
2024-01-24 06:00:00,29.5,119.75,3.4,558.0
2024-01-24 07:00:00,29.5,119.75,3.1,558.0
2024-01-24 08:00:00,29.5,119.75,2.5,558.0
2024-01-24 09:00:00,29.5,119.75,0.5,558.0
2024-01-24 10:00:00,29.5,119.75,-1.6,558.0
2024-01-24 11:00:00,29.5,119.75,-2.2,558.0
2024-01-24 12:00:00,29.5,119.75,-2.8,558.0
2024-01-24 13:00:00,29.5,119.75,-2.8,558.0
2024-01-24 14:00:00,29.5,119.75,-2.8,558.0
2024-01-24 15:00:00,29.5,119.75,-2.9,558.0
2024-01-24 16:00:00,29.5,119.75,-3.0,558.0
2024-01-24 17:00:00,29.5,119.75,-2.9,558.0
2024-01-24 18:00:00,29.5,119.75,-3.0,558.0
2024-01-24 19:00:00,29.5,119.75,-3.0,558.0
2024-01-24 20:00:00,29.5,119.75,-3.6,558.0
2024-01-24 21:00:00,29.5,119.75,-3.8,558.0
2024-01-24 22:00:00,29.5,119.75,-3.8,558.0
2024-01-24 23:00:00,29.5,119.75,-3.9,558.0
2024-01-22 00:00:00,29.5,120.0,-0.5,145.0
2024-01-22 01:00:00,29.5,120.0,0.0,145.0
2024-01-22 02:00:00,29.5,120.0,-0.1,145.0
2024-01-22 03:00:00,29.5,120.0,-0.6,145.0
2024-01-22 04:00:00,29.5,120.0,-0.7,145.0
2024-01-22 05:00:00,29.5,120.0,-0.6,145.0
2024-01-22 06:00:00,29.5,120.0,-0.9,145.0
2024-01-22 07:00:00,29.5,120.0,0.1,145.0
2024-01-22 08:00:00,29.5,120.0,-0.8,145.0
2024-01-22 09:00:00,29.5,120.0,-1.1,145.0
2024-01-22 10:00:00,29.5,120.0,-1.6,145.0
2024-01-22 11:00:00,29.5,120.0,-2.0,145.0
2024-01-22 12:00:00,29.5,120.0,-2.5,145.0
2024-01-22 13:00:00,29.5,120.0,-2.6,145.0
2024-01-22 14:00:00,29.5,120.0,-2.6,145.0
2024-01-22 15:00:00,29.5,120.0,-2.7,145.0
2024-01-22 16:00:00,29.5,120.0,-2.7,145.0
2024-01-22 17:00:00,29.5,120.0,-3.1,145.0
2024-01-22 18:00:00,29.5,120.0,-3.5,145.0
2024-01-22 19:00:00,29.5,120.0,-3.6,145.0
2024-01-22 20:00:00,29.5,120.0,-4.0,145.0
2024-01-22 21:00:00,29.5,120.0,-4.3,145.0
2024-01-22 22:00:00,29.5,120.0,-4.5,145.0
2024-01-22 23:00:00,29.5,120.0,-4.6,145.0
2024-01-23 00:00:00,29.5,120.0,-3.9,145.0
2024-01-23 01:00:00,29.5,120.0,-2.9,145.0
2024-01-23 02:00:00,29.5,120.0,-1.5,145.0
2024-01-23 03:00:00,29.5,120.0,-0.1,145.0
2024-01-23 04:00:00,29.5,120.0,1.1,145.0
2024-01-23 05:00:00,29.5,120.0,2.0,145.0
2024-01-23 06:00:00,29.5,120.0,2.1,145.0
2024-01-23 07:00:00,29.5,120.0,2.4,145.0
2024-01-23 08:00:00,29.5,120.0,2.1,145.0
2024-01-23 09:00:00,29.5,120.0,0.8,145.0
2024-01-23 10:00:00,29.5,120.0,-1.2,145.0
2024-01-23 11:00:00,29.5,120.0,-2.1,145.0
2024-01-23 12:00:00,29.5,120.0,-2.5,145.0
2024-01-23 13:00:00,29.5,120.0,-2.7,145.0
2024-01-23 14:00:00,29.5,120.0,-2.9,145.0
2024-01-23 15:00:00,29.5,120.0,-2.9,145.0
2024-01-23 16:00:00,29.5,120.0,-3.0,145.0
2024-01-23 17:00:00,29.5,120.0,-3.1,145.0
2024-01-23 18:00:00,29.5,120.0,-3.1,145.0
2024-01-23 19:00:00,29.5,120.0,-3.2,145.0
2024-01-23 20:00:00,29.5,120.0,-3.2,145.0
2024-01-23 21:00:00,29.5,120.0,-3.2,145.0
2024-01-23 22:00:00,29.5,120.0,-3.2,145.0
2024-01-23 23:00:00,29.5,120.0,-3.1,145.0
2024-01-24 00:00:00,29.5,120.0,-2.5,145.0
2024-01-24 01:00:00,29.5,120.0,-1.0,145.0
2024-01-24 02:00:00,29.5,120.0,0.5,145.0
2024-01-24 03:00:00,29.5,120.0,1.8,145.0
2024-01-24 04:00:00,29.5,120.0,3.0,145.0
2024-01-24 05:00:00,29.5,120.0,4.1,145.0
2024-01-24 06:00:00,29.5,120.0,4.8,145.0
2024-01-24 07:00:00,29.5,120.0,4.9,145.0
2024-01-24 08:00:00,29.5,120.0,4.8,145.0
2024-01-24 09:00:00,29.5,120.0,2.8,145.0
2024-01-24 10:00:00,29.5,120.0,0.2,145.0
2024-01-24 11:00:00,29.5,120.0,-0.1,145.0
2024-01-24 12:00:00,29.5,120.0,-0.7,145.0
2024-01-24 13:00:00,29.5,120.0,-0.8,145.0
2024-01-24 14:00:00,29.5,120.0,-0.6,145.0
2024-01-24 15:00:00,29.5,120.0,-0.9,145.0
2024-01-24 16:00:00,29.5,120.0,-1.0,145.0
2024-01-24 17:00:00,29.5,120.0,-0.8,145.0
2024-01-24 18:00:00,29.5,120.0,-0.9,145.0
2024-01-24 19:00:00,29.5,120.0,-1.1,145.0
2024-01-24 20:00:00,29.5,120.0,-1.5,145.0
2024-01-24 21:00:00,29.5,120.0,-1.7,145.0
2024-01-24 22:00:00,29.5,120.0,-1.6,145.0
2024-01-24 23:00:00,29.5,120.0,-1.7,145.0
2024-01-22 00:00:00,29.5,120.25,-3.8,548.0
2024-01-22 01:00:00,29.5,120.25,-3.4,548.0
2024-01-22 02:00:00,29.5,120.25,-3.5,548.0
2024-01-22 03:00:00,29.5,120.25,-3.7,548.0
2024-01-22 04:00:00,29.5,120.25,-3.9,548.0
2024-01-22 05:00:00,29.5,120.25,-3.8,548.0
2024-01-22 06:00:00,29.5,120.25,-3.6,548.0
2024-01-22 07:00:00,29.5,120.25,-2.9,548.0
2024-01-22 08:00:00,29.5,120.25,-3.7,548.0
2024-01-22 09:00:00,29.5,120.25,-4.3,548.0
2024-01-22 10:00:00,29.5,120.25,-4.8,548.0
2024-01-22 11:00:00,29.5,120.25,-5.3,548.0
2024-01-22 12:00:00,29.5,120.25,-5.7,548.0
2024-01-22 13:00:00,29.5,120.25,-5.9,548.0
2024-01-22 14:00:00,29.5,120.25,-5.9,548.0
2024-01-22 15:00:00,29.5,120.25,-6.2,548.0
2024-01-22 16:00:00,29.5,120.25,-6.5,548.0
2024-01-22 17:00:00,29.5,120.25,-6.9,548.0
2024-01-22 18:00:00,29.5,120.25,-7.6,548.0
2024-01-22 19:00:00,29.5,120.25,-7.5,548.0
2024-01-22 20:00:00,29.5,120.25,-8.4,548.0
2024-01-22 21:00:00,29.5,120.25,-8.9,548.0
2024-01-22 22:00:00,29.5,120.25,-8.9,548.0
2024-01-22 23:00:00,29.5,120.25,-9.0,548.0
2024-01-23 00:00:00,29.5,120.25,-7.4,548.0
2024-01-23 01:00:00,29.5,120.25,-6.2,548.0
2024-01-23 02:00:00,29.5,120.25,-4.8,548.0
2024-01-23 03:00:00,29.5,120.25,-3.4,548.0
2024-01-23 04:00:00,29.5,120.25,-2.2,548.0
2024-01-23 05:00:00,29.5,120.25,-1.2,548.0
2024-01-23 06:00:00,29.5,120.25,-1.1,548.0
2024-01-23 07:00:00,29.5,120.25,-0.9,548.0
2024-01-23 08:00:00,29.5,120.25,-1.4,548.0
2024-01-23 09:00:00,29.5,120.25,-2.9,548.0
2024-01-23 10:00:00,29.5,120.25,-4.7,548.0
2024-01-23 11:00:00,29.5,120.25,-5.2,548.0
2024-01-23 12:00:00,29.5,120.25,-5.4,548.0
2024-01-23 13:00:00,29.5,120.25,-5.6,548.0
2024-01-23 14:00:00,29.5,120.25,-5.8,548.0
2024-01-23 15:00:00,29.5,120.25,-5.8,548.0
2024-01-23 16:00:00,29.5,120.25,-5.8,548.0
2024-01-23 17:00:00,29.5,120.25,-5.8,548.0
2024-01-23 18:00:00,29.5,120.25,-5.9,548.0
2024-01-23 19:00:00,29.5,120.25,-5.9,548.0
2024-01-23 20:00:00,29.5,120.25,-6.0,548.0
2024-01-23 21:00:00,29.5,120.25,-6.0,548.0
2024-01-23 22:00:00,29.5,120.25,-6.1,548.0
2024-01-23 23:00:00,29.5,120.25,-6.2,548.0
2024-01-24 00:00:00,29.5,120.25,-5.2,548.0
2024-01-24 01:00:00,29.5,120.25,-3.6,548.0
2024-01-24 02:00:00,29.5,120.25,-2.2,548.0
2024-01-24 03:00:00,29.5,120.25,-1.2,548.0
2024-01-24 04:00:00,29.5,120.25,-0.3,548.0
2024-01-24 05:00:00,29.5,120.25,0.6,548.0
2024-01-24 06:00:00,29.5,120.25,1.6,548.0
2024-01-24 07:00:00,29.5,120.25,1.6,548.0
2024-01-24 08:00:00,29.5,120.25,0.9,548.0
2024-01-24 09:00:00,29.5,120.25,-0.9,548.0
2024-01-24 10:00:00,29.5,120.25,-3.3,548.0
2024-01-24 11:00:00,29.5,120.25,-3.4,548.0
2024-01-24 12:00:00,29.5,120.25,-4.0,548.0
2024-01-24 13:00:00,29.5,120.25,-4.1,548.0
2024-01-24 14:00:00,29.5,120.25,-3.9,548.0
2024-01-24 15:00:00,29.5,120.25,-4.2,548.0
2024-01-24 16:00:00,29.5,120.25,-4.5,548.0
2024-01-24 17:00:00,29.5,120.25,-4.4,548.0
2024-01-24 18:00:00,29.5,120.25,-4.5,548.0
2024-01-24 19:00:00,29.5,120.25,-4.5,548.0
2024-01-24 20:00:00,29.5,120.25,-4.8,548.0
2024-01-24 21:00:00,29.5,120.25,-4.9,548.0
2024-01-24 22:00:00,29.5,120.25,-5.0,548.0
2024-01-24 23:00:00,29.5,120.25,-5.0,548.0
2024-01-22 00:00:00,29.5,120.5,-4.5,778.0
2024-01-22 01:00:00,29.5,120.5,-4.4,778.0
2024-01-22 02:00:00,29.5,120.5,-4.8,778.0
2024-01-22 03:00:00,29.5,120.5,-4.5,778.0
2024-01-22 04:00:00,29.5,120.5,-4.8,778.0
2024-01-22 05:00:00,29.5,120.5,-5.3,778.0
2024-01-22 06:00:00,29.5,120.5,-5.4,778.0
2024-01-22 07:00:00,29.5,120.5,-4.7,778.0
2024-01-22 08:00:00,29.5,120.5,-5.3,778.0
2024-01-22 09:00:00,29.5,120.5,-6.0,778.0
2024-01-22 10:00:00,29.5,120.5,-6.4,778.0
2024-01-22 11:00:00,29.5,120.5,-6.7,778.0
2024-01-22 12:00:00,29.5,120.5,-7.0,778.0
2024-01-22 13:00:00,29.5,120.5,-7.1,778.0
2024-01-22 14:00:00,29.5,120.5,-7.2,778.0
2024-01-22 15:00:00,29.5,120.5,-7.4,778.0
2024-01-22 16:00:00,29.5,120.5,-7.8,778.0
2024-01-22 17:00:00,29.5,120.5,-8.0,778.0
2024-01-22 18:00:00,29.5,120.5,-9.0,778.0
2024-01-22 19:00:00,29.5,120.5,-8.7,778.0
2024-01-22 20:00:00,29.5,120.5,-9.9,778.0
2024-01-22 21:00:00,29.5,120.5,-10.4,778.0
2024-01-22 22:00:00,29.5,120.5,-10.7,778.0
2024-01-22 23:00:00,29.5,120.5,-10.7,778.0
2024-01-23 00:00:00,29.5,120.5,-8.7,778.0
2024-01-23 01:00:00,29.5,120.5,-7.6,778.0
2024-01-23 02:00:00,29.5,120.5,-6.2,778.0
2024-01-23 03:00:00,29.5,120.5,-5.1,778.0
2024-01-23 04:00:00,29.5,120.5,-4.2,778.0
2024-01-23 05:00:00,29.5,120.5,-3.5,778.0
2024-01-23 06:00:00,29.5,120.5,-3.3,778.0
2024-01-23 07:00:00,29.5,120.5,-3.2,778.0
2024-01-23 08:00:00,29.5,120.5,-3.6,778.0
2024-01-23 09:00:00,29.5,120.5,-4.6,778.0
2024-01-23 10:00:00,29.5,120.5,-6.1,778.0
2024-01-23 11:00:00,29.5,120.5,-6.4,778.0
2024-01-23 12:00:00,29.5,120.5,-6.5,778.0
2024-01-23 13:00:00,29.5,120.5,-6.7,778.0
2024-01-23 14:00:00,29.5,120.5,-6.8,778.0
2024-01-23 15:00:00,29.5,120.5,-6.9,778.0
2024-01-23 16:00:00,29.5,120.5,-7.0,778.0
2024-01-23 17:00:00,29.5,120.5,-7.0,778.0
2024-01-23 18:00:00,29.5,120.5,-7.1,778.0
2024-01-23 19:00:00,29.5,120.5,-7.1,778.0
2024-01-23 20:00:00,29.5,120.5,-7.1,778.0
2024-01-23 21:00:00,29.5,120.5,-7.2,778.0
2024-01-23 22:00:00,29.5,120.5,-7.3,778.0
2024-01-23 23:00:00,29.5,120.5,-7.4,778.0
2024-01-24 00:00:00,29.5,120.5,-6.3,778.0
2024-01-24 01:00:00,29.5,120.5,-4.9,778.0
2024-01-24 02:00:00,29.5,120.5,-3.4,778.0
2024-01-24 03:00:00,29.5,120.5,-2.2,778.0
2024-01-24 04:00:00,29.5,120.5,-1.1,778.0
2024-01-24 05:00:00,29.5,120.5,-0.4,778.0
2024-01-24 06:00:00,29.5,120.5,0.5,778.0
2024-01-24 07:00:00,29.5,120.5,0.3,778.0
2024-01-24 08:00:00,29.5,120.5,-0.3,778.0
2024-01-24 09:00:00,29.5,120.5,-2.6,778.0
2024-01-24 10:00:00,29.5,120.5,-5.0,778.0
2024-01-24 11:00:00,29.5,120.5,-5.2,778.0
2024-01-24 12:00:00,29.5,120.5,-5.6,778.0
2024-01-24 13:00:00,29.5,120.5,-5.7,778.0
2024-01-24 14:00:00,29.5,120.5,-5.6,778.0
2024-01-24 15:00:00,29.5,120.5,-5.5,778.0
2024-01-24 16:00:00,29.5,120.5,-5.8,778.0
2024-01-24 17:00:00,29.5,120.5,-5.7,778.0
2024-01-24 18:00:00,29.5,120.5,-6.0,778.0
2024-01-24 19:00:00,29.5,120.5,-5.9,778.0
2024-01-24 20:00:00,29.5,120.5,-6.0,778.0
2024-01-24 21:00:00,29.5,120.5,-6.2,778.0
2024-01-24 22:00:00,29.5,120.5,-6.4,778.0
2024-01-24 23:00:00,29.5,120.5,-6.4,778.0
2024-01-22 00:00:00,29.5,120.75,-0.8,206.0
2024-01-22 01:00:00,29.5,120.75,-0.3,206.0
2024-01-22 02:00:00,29.5,120.75,-0.5,206.0
2024-01-22 03:00:00,29.5,120.75,-0.4,206.0
2024-01-22 04:00:00,29.5,120.75,-0.8,206.0
2024-01-22 05:00:00,29.5,120.75,-1.1,206.0
2024-01-22 06:00:00,29.5,120.75,-0.9,206.0
2024-01-22 07:00:00,29.5,120.75,-0.7,206.0
2024-01-22 08:00:00,29.5,120.75,-0.9,206.0
2024-01-22 09:00:00,29.5,120.75,-2.0,206.0
2024-01-22 10:00:00,29.5,120.75,-2.6,206.0
2024-01-22 11:00:00,29.5,120.75,-2.8,206.0
2024-01-22 12:00:00,29.5,120.75,-2.9,206.0
2024-01-22 13:00:00,29.5,120.75,-2.9,206.0
2024-01-22 14:00:00,29.5,120.75,-2.9,206.0
2024-01-22 15:00:00,29.5,120.75,-3.1,206.0
2024-01-22 16:00:00,29.5,120.75,-3.4,206.0
2024-01-22 17:00:00,29.5,120.75,-3.6,206.0
2024-01-22 18:00:00,29.5,120.75,-4.0,206.0
2024-01-22 19:00:00,29.5,120.75,-4.1,206.0
2024-01-22 20:00:00,29.5,120.75,-4.8,206.0
2024-01-22 21:00:00,29.5,120.75,-5.2,206.0
2024-01-22 22:00:00,29.5,120.75,-5.3,206.0
2024-01-22 23:00:00,29.5,120.75,-5.4,206.0
2024-01-23 00:00:00,29.5,120.75,-4.4,206.0
2024-01-23 01:00:00,29.5,120.75,-3.2,206.0
2024-01-23 02:00:00,29.5,120.75,-1.8,206.0
2024-01-23 03:00:00,29.5,120.75,-0.8,206.0
2024-01-23 04:00:00,29.5,120.75,0.1,206.0
2024-01-23 05:00:00,29.5,120.75,0.7,206.0
2024-01-23 06:00:00,29.5,120.75,0.6,206.0
2024-01-23 07:00:00,29.5,120.75,0.5,206.0
2024-01-23 08:00:00,29.5,120.75,0.1,206.0
2024-01-23 09:00:00,29.5,120.75,-1.1,206.0
2024-01-23 10:00:00,29.5,120.75,-2.5,206.0
2024-01-23 11:00:00,29.5,120.75,-2.9,206.0
2024-01-23 12:00:00,29.5,120.75,-2.9,206.0
2024-01-23 13:00:00,29.5,120.75,-3.0,206.0
2024-01-23 14:00:00,29.5,120.75,-3.1,206.0
2024-01-23 15:00:00,29.5,120.75,-3.3,206.0
2024-01-23 16:00:00,29.5,120.75,-3.5,206.0
2024-01-23 17:00:00,29.5,120.75,-3.5,206.0
2024-01-23 18:00:00,29.5,120.75,-3.5,206.0
2024-01-23 19:00:00,29.5,120.75,-3.5,206.0
2024-01-23 20:00:00,29.5,120.75,-3.5,206.0
2024-01-23 21:00:00,29.5,120.75,-3.4,206.0
2024-01-23 22:00:00,29.5,120.75,-3.4,206.0
2024-01-23 23:00:00,29.5,120.75,-3.5,206.0
2024-01-24 00:00:00,29.5,120.75,-2.5,206.0
2024-01-24 01:00:00,29.5,120.75,-1.2,206.0
2024-01-24 02:00:00,29.5,120.75,0.3,206.0
2024-01-24 03:00:00,29.5,120.75,1.7,206.0
2024-01-24 04:00:00,29.5,120.75,2.8,206.0
2024-01-24 05:00:00,29.5,120.75,3.5,206.0
2024-01-24 06:00:00,29.5,120.75,4.2,206.0
2024-01-24 07:00:00,29.5,120.75,4.0,206.0
2024-01-24 08:00:00,29.5,120.75,3.1,206.0
2024-01-24 09:00:00,29.5,120.75,0.9,206.0
2024-01-24 10:00:00,29.5,120.75,-1.9,206.0
2024-01-24 11:00:00,29.5,120.75,-2.3,206.0
2024-01-24 12:00:00,29.5,120.75,-2.5,206.0
2024-01-24 13:00:00,29.5,120.75,-2.7,206.0
2024-01-24 14:00:00,29.5,120.75,-2.7,206.0
2024-01-24 15:00:00,29.5,120.75,-2.3,206.0
2024-01-24 16:00:00,29.5,120.75,-2.5,206.0
2024-01-24 17:00:00,29.5,120.75,-2.4,206.0
2024-01-24 18:00:00,29.5,120.75,-2.7,206.0
2024-01-24 19:00:00,29.5,120.75,-2.6,206.0
2024-01-24 20:00:00,29.5,120.75,-2.7,206.0
2024-01-24 21:00:00,29.5,120.75,-2.9,206.0
2024-01-24 22:00:00,29.5,120.75,-3.0,206.0
2024-01-24 23:00:00,29.5,120.75,-3.0,206.0
2024-01-22 00:00:00,29.5,121.0,-0.8,177.0
2024-01-22 01:00:00,29.5,121.0,-0.3,177.0
2024-01-22 02:00:00,29.5,121.0,-0.3,177.0
2024-01-22 03:00:00,29.5,121.0,-0.2,177.0
2024-01-22 04:00:00,29.5,121.0,-0.7,177.0
2024-01-22 05:00:00,29.5,121.0,-0.8,177.0
2024-01-22 06:00:00,29.5,121.0,-1.0,177.0
2024-01-22 07:00:00,29.5,121.0,-1.0,177.0
2024-01-22 08:00:00,29.5,121.0,-1.3,177.0
2024-01-22 09:00:00,29.5,121.0,-2.1,177.0
2024-01-22 10:00:00,29.5,121.0,-2.5,177.0
2024-01-22 11:00:00,29.5,121.0,-2.6,177.0
2024-01-22 12:00:00,29.5,121.0,-2.7,177.0
2024-01-22 13:00:00,29.5,121.0,-2.6,177.0
2024-01-22 14:00:00,29.5,121.0,-2.8,177.0
2024-01-22 15:00:00,29.5,121.0,-2.8,177.0
2024-01-22 16:00:00,29.5,121.0,-3.0,177.0
2024-01-22 17:00:00,29.5,121.0,-3.1,177.0
2024-01-22 18:00:00,29.5,121.0,-3.4,177.0
2024-01-22 19:00:00,29.5,121.0,-3.6,177.0
2024-01-22 20:00:00,29.5,121.0,-4.3,177.0
2024-01-22 21:00:00,29.5,121.0,-5.0,177.0
2024-01-22 22:00:00,29.5,121.0,-5.2,177.0
2024-01-22 23:00:00,29.5,121.0,-5.2,177.0
2024-01-23 00:00:00,29.5,121.0,-4.5,177.0
2024-01-23 01:00:00,29.5,121.0,-3.5,177.0
2024-01-23 02:00:00,29.5,121.0,-2.3,177.0
2024-01-23 03:00:00,29.5,121.0,-1.3,177.0
2024-01-23 04:00:00,29.5,121.0,-0.4,177.0
2024-01-23 05:00:00,29.5,121.0,0.1,177.0
2024-01-23 06:00:00,29.5,121.0,-0.0,177.0
2024-01-23 07:00:00,29.5,121.0,-0.1,177.0
2024-01-23 08:00:00,29.5,121.0,-0.7,177.0
2024-01-23 09:00:00,29.5,121.0,-1.7,177.0
2024-01-23 10:00:00,29.5,121.0,-2.8,177.0
2024-01-23 11:00:00,29.5,121.0,-3.1,177.0
2024-01-23 12:00:00,29.5,121.0,-3.0,177.0
2024-01-23 13:00:00,29.5,121.0,-3.1,177.0
2024-01-23 14:00:00,29.5,121.0,-3.3,177.0
2024-01-23 15:00:00,29.5,121.0,-3.4,177.0
2024-01-23 16:00:00,29.5,121.0,-3.6,177.0
2024-01-23 17:00:00,29.5,121.0,-3.7,177.0
2024-01-23 18:00:00,29.5,121.0,-3.7,177.0
2024-01-23 19:00:00,29.5,121.0,-3.7,177.0
2024-01-23 20:00:00,29.5,121.0,-3.8,177.0
2024-01-23 21:00:00,29.5,121.0,-3.9,177.0
2024-01-23 22:00:00,29.5,121.0,-3.9,177.0
2024-01-23 23:00:00,29.5,121.0,-4.0,177.0
2024-01-24 00:00:00,29.5,121.0,-3.0,177.0
2024-01-24 01:00:00,29.5,121.0,-1.8,177.0
2024-01-24 02:00:00,29.5,121.0,-0.3,177.0
2024-01-24 03:00:00,29.5,121.0,1.1,177.0
2024-01-24 04:00:00,29.5,121.0,2.1,177.0
2024-01-24 05:00:00,29.5,121.0,3.0,177.0
2024-01-24 06:00:00,29.5,121.0,4.0,177.0
2024-01-24 07:00:00,29.5,121.0,3.7,177.0
2024-01-24 08:00:00,29.5,121.0,2.7,177.0
2024-01-24 09:00:00,29.5,121.0,0.8,177.0
2024-01-24 10:00:00,29.5,121.0,-2.0,177.0
2024-01-24 11:00:00,29.5,121.0,-2.5,177.0
2024-01-24 12:00:00,29.5,121.0,-2.8,177.0
2024-01-24 13:00:00,29.5,121.0,-3.1,177.0
2024-01-24 14:00:00,29.5,121.0,-3.2,177.0
2024-01-24 15:00:00,29.5,121.0,-2.6,177.0
2024-01-24 16:00:00,29.5,121.0,-2.7,177.0
2024-01-24 17:00:00,29.5,121.0,-2.8,177.0
2024-01-24 18:00:00,29.5,121.0,-3.1,177.0
2024-01-24 19:00:00,29.5,121.0,-3.1,177.0
2024-01-24 20:00:00,29.5,121.0,-3.1,177.0
2024-01-24 21:00:00,29.5,121.0,-3.3,177.0
2024-01-24 22:00:00,29.5,121.0,-3.4,177.0
2024-01-24 23:00:00,29.5,121.0,-3.4,177.0
2024-01-22 00:00:00,29.5,121.25,-1.6,423.0
2024-01-22 01:00:00,29.5,121.25,-1.3,423.0
2024-01-22 02:00:00,29.5,121.25,-1.3,423.0
2024-01-22 03:00:00,29.5,121.25,-1.3,423.0
2024-01-22 04:00:00,29.5,121.25,-1.9,423.0
2024-01-22 05:00:00,29.5,121.25,-2.3,423.0
2024-01-22 06:00:00,29.5,121.25,-2.3,423.0
2024-01-22 07:00:00,29.5,121.25,-2.4,423.0
2024-01-22 08:00:00,29.5,121.25,-2.5,423.0
2024-01-22 09:00:00,29.5,121.25,-3.4,423.0
2024-01-22 10:00:00,29.5,121.25,-4.1,423.0
2024-01-22 11:00:00,29.5,121.25,-4.1,423.0
2024-01-22 12:00:00,29.5,121.25,-4.2,423.0
2024-01-22 13:00:00,29.5,121.25,-4.3,423.0
2024-01-22 14:00:00,29.5,121.25,-4.4,423.0
2024-01-22 15:00:00,29.5,121.25,-4.5,423.0
2024-01-22 16:00:00,29.5,121.25,-4.6,423.0
2024-01-22 17:00:00,29.5,121.25,-4.8,423.0
2024-01-22 18:00:00,29.5,121.25,-5.1,423.0
2024-01-22 19:00:00,29.5,121.25,-5.4,423.0
2024-01-22 20:00:00,29.5,121.25,-5.6,423.0
2024-01-22 21:00:00,29.5,121.25,-6.3,423.0
2024-01-22 22:00:00,29.5,121.25,-6.5,423.0
2024-01-22 23:00:00,29.5,121.25,-6.5,423.0
2024-01-23 00:00:00,29.5,121.25,-5.6,423.0
2024-01-23 01:00:00,29.5,121.25,-4.5,423.0
2024-01-23 02:00:00,29.5,121.25,-3.0,423.0
2024-01-23 03:00:00,29.5,121.25,-2.0,423.0
2024-01-23 04:00:00,29.5,121.25,-1.4,423.0
2024-01-23 05:00:00,29.5,121.25,-1.1,423.0
2024-01-23 06:00:00,29.5,121.25,-1.2,423.0
2024-01-23 07:00:00,29.5,121.25,-1.5,423.0
2024-01-23 08:00:00,29.5,121.25,-2.1,423.0
2024-01-23 09:00:00,29.5,121.25,-3.3,423.0
2024-01-23 10:00:00,29.5,121.25,-4.3,423.0
2024-01-23 11:00:00,29.5,121.25,-4.5,423.0
2024-01-23 12:00:00,29.5,121.25,-4.4,423.0
2024-01-23 13:00:00,29.5,121.25,-4.5,423.0
2024-01-23 14:00:00,29.5,121.25,-4.7,423.0
2024-01-23 15:00:00,29.5,121.25,-4.8,423.0
2024-01-23 16:00:00,29.5,121.25,-5.1,423.0
2024-01-23 17:00:00,29.5,121.25,-5.3,423.0
2024-01-23 18:00:00,29.5,121.25,-5.4,423.0
2024-01-23 19:00:00,29.5,121.25,-5.6,423.0
2024-01-23 20:00:00,29.5,121.25,-5.8,423.0
2024-01-23 21:00:00,29.5,121.25,-5.9,423.0
2024-01-23 22:00:00,29.5,121.25,-6.1,423.0
2024-01-23 23:00:00,29.5,121.25,-6.2,423.0
2024-01-24 00:00:00,29.5,121.25,-4.7,423.0
2024-01-24 01:00:00,29.5,121.25,-2.8,423.0
2024-01-24 02:00:00,29.5,121.25,-1.0,423.0
2024-01-24 03:00:00,29.5,121.25,0.5,423.0
2024-01-24 04:00:00,29.5,121.25,1.7,423.0
2024-01-24 05:00:00,29.5,121.25,2.6,423.0
2024-01-24 06:00:00,29.5,121.25,3.6,423.0
2024-01-24 07:00:00,29.5,121.25,3.5,423.0
2024-01-24 08:00:00,29.5,121.25,2.6,423.0
2024-01-24 09:00:00,29.5,121.25,0.4,423.0
2024-01-24 10:00:00,29.5,121.25,-2.8,423.0
2024-01-24 11:00:00,29.5,121.25,-3.8,423.0
2024-01-24 12:00:00,29.5,121.25,-4.2,423.0
2024-01-24 13:00:00,29.5,121.25,-4.3,423.0
2024-01-24 14:00:00,29.5,121.25,-4.5,423.0
2024-01-24 15:00:00,29.5,121.25,-3.7,423.0
2024-01-24 16:00:00,29.5,121.25,-3.8,423.0
2024-01-24 17:00:00,29.5,121.25,-4.0,423.0
2024-01-24 18:00:00,29.5,121.25,-4.3,423.0
2024-01-24 19:00:00,29.5,121.25,-4.4,423.0
2024-01-24 20:00:00,29.5,121.25,-3.9,423.0
2024-01-24 21:00:00,29.5,121.25,-3.8,423.0
2024-01-24 22:00:00,29.5,121.25,-4.1,423.0
2024-01-24 23:00:00,29.5,121.25,-4.3,423.0
2024-01-22 00:00:00,29.5,121.5,1.2,0.0
2024-01-22 01:00:00,29.5,121.5,1.8,0.0
2024-01-22 02:00:00,29.5,121.5,2.1,0.0
2024-01-22 03:00:00,29.5,121.5,1.9,0.0
2024-01-22 04:00:00,29.5,121.5,1.7,0.0
2024-01-22 05:00:00,29.5,121.5,1.6,0.0
2024-01-22 06:00:00,29.5,121.5,1.8,0.0
2024-01-22 07:00:00,29.5,121.5,1.3,0.0
2024-01-22 08:00:00,29.5,121.5,1.1,0.0
2024-01-22 09:00:00,29.5,121.5,0.5,0.0
2024-01-22 10:00:00,29.5,121.5,0.0,0.0
2024-01-22 11:00:00,29.5,121.5,-0.2,0.0
2024-01-22 12:00:00,29.5,121.5,-0.5,0.0
2024-01-22 13:00:00,29.5,121.5,-0.7,0.0
2024-01-22 14:00:00,29.5,121.5,-0.8,0.0
2024-01-22 15:00:00,29.5,121.5,-1.0,0.0
2024-01-22 16:00:00,29.5,121.5,-1.1,0.0
2024-01-22 17:00:00,29.5,121.5,-1.2,0.0
2024-01-22 18:00:00,29.5,121.5,-1.6,0.0
2024-01-22 19:00:00,29.5,121.5,-1.9,0.0
2024-01-22 20:00:00,29.5,121.5,-2.3,0.0
2024-01-22 21:00:00,29.5,121.5,-2.8,0.0
2024-01-22 22:00:00,29.5,121.5,-3.0,0.0
2024-01-22 23:00:00,29.5,121.5,-3.0,0.0
2024-01-23 00:00:00,29.5,121.5,-2.2,0.0
2024-01-23 01:00:00,29.5,121.5,-1.3,0.0
2024-01-23 02:00:00,29.5,121.5,-0.2,0.0
2024-01-23 03:00:00,29.5,121.5,0.6,0.0
2024-01-23 04:00:00,29.5,121.5,1.3,0.0
2024-01-23 05:00:00,29.5,121.5,1.5,0.0
2024-01-23 06:00:00,29.5,121.5,1.1,0.0
2024-01-23 07:00:00,29.5,121.5,1.2,0.0
2024-01-23 08:00:00,29.5,121.5,0.6,0.0
2024-01-23 09:00:00,29.5,121.5,-0.6,0.0
2024-01-23 10:00:00,29.5,121.5,-1.4,0.0
2024-01-23 11:00:00,29.5,121.5,-1.7,0.0
2024-01-23 12:00:00,29.5,121.5,-1.7,0.0
2024-01-23 13:00:00,29.5,121.5,-1.6,0.0
2024-01-23 14:00:00,29.5,121.5,-1.5,0.0
2024-01-23 15:00:00,29.5,121.5,-1.6,0.0
2024-01-23 16:00:00,29.5,121.5,-1.8,0.0
2024-01-23 17:00:00,29.5,121.5,-1.8,0.0
2024-01-23 18:00:00,29.5,121.5,-1.9,0.0
2024-01-23 19:00:00,29.5,121.5,-1.9,0.0
2024-01-23 20:00:00,29.5,121.5,-2.0,0.0
2024-01-23 21:00:00,29.5,121.5,-2.0,0.0
2024-01-23 22:00:00,29.5,121.5,-1.9,0.0
2024-01-23 23:00:00,29.5,121.5,-2.0,0.0
2024-01-24 00:00:00,29.5,121.5,-0.9,0.0
2024-01-24 01:00:00,29.5,121.5,0.4,0.0
2024-01-24 02:00:00,29.5,121.5,1.8,0.0
2024-01-24 03:00:00,29.5,121.5,3.1,0.0
2024-01-24 04:00:00,29.5,121.5,4.0,0.0
2024-01-24 05:00:00,29.5,121.5,4.4,0.0
2024-01-24 06:00:00,29.5,121.5,4.8,0.0
2024-01-24 07:00:00,29.5,121.5,4.5,0.0
2024-01-24 08:00:00,29.5,121.5,4.2,0.0
2024-01-24 09:00:00,29.5,121.5,2.7,0.0
2024-01-24 10:00:00,29.5,121.5,1.3,0.0
2024-01-24 11:00:00,29.5,121.5,0.2,0.0
2024-01-24 12:00:00,29.5,121.5,-0.4,0.0
2024-01-24 13:00:00,29.5,121.5,-0.7,0.0
2024-01-24 14:00:00,29.5,121.5,-1.0,0.0
2024-01-24 15:00:00,29.5,121.5,-1.0,0.0
2024-01-24 16:00:00,29.5,121.5,-0.6,0.0
2024-01-24 17:00:00,29.5,121.5,-0.3,0.0
2024-01-24 18:00:00,29.5,121.5,-0.7,0.0
2024-01-24 19:00:00,29.5,121.5,-0.8,0.0
2024-01-24 20:00:00,29.5,121.5,-0.5,0.0
2024-01-24 21:00:00,29.5,121.5,-0.5,0.0
2024-01-24 22:00:00,29.5,121.5,-0.5,0.0
2024-01-24 23:00:00,29.5,121.5,-0.4,0.0
2024-01-22 00:00:00,29.5,121.75,0.6,138.0
2024-01-22 01:00:00,29.5,121.75,0.6,138.0
2024-01-22 02:00:00,29.5,121.75,1.2,138.0
2024-01-22 03:00:00,29.5,121.75,0.9,138.0
2024-01-22 04:00:00,29.5,121.75,0.7,138.0
2024-01-22 05:00:00,29.5,121.75,0.7,138.0
2024-01-22 06:00:00,29.5,121.75,0.5,138.0
2024-01-22 07:00:00,29.5,121.75,0.1,138.0
2024-01-22 08:00:00,29.5,121.75,-0.2,138.0
2024-01-22 09:00:00,29.5,121.75,-0.8,138.0
2024-01-22 10:00:00,29.5,121.75,-1.2,138.0
2024-01-22 11:00:00,29.5,121.75,-1.4,138.0
2024-01-22 12:00:00,29.5,121.75,-1.6,138.0
2024-01-22 13:00:00,29.5,121.75,-1.9,138.0
2024-01-22 14:00:00,29.5,121.75,-2.1,138.0
2024-01-22 15:00:00,29.5,121.75,-2.3,138.0
2024-01-22 16:00:00,29.5,121.75,-2.7,138.0
2024-01-22 17:00:00,29.5,121.75,-2.8,138.0
2024-01-22 18:00:00,29.5,121.75,-3.0,138.0
2024-01-22 19:00:00,29.5,121.75,-3.3,138.0
2024-01-22 20:00:00,29.5,121.75,-3.6,138.0
2024-01-22 21:00:00,29.5,121.75,-4.3,138.0
2024-01-22 22:00:00,29.5,121.75,-4.7,138.0
2024-01-22 23:00:00,29.5,121.75,-4.8,138.0
2024-01-23 00:00:00,29.5,121.75,-3.8,138.0
2024-01-23 01:00:00,29.5,121.75,-2.7,138.0
2024-01-23 02:00:00,29.5,121.75,-1.2,138.0
2024-01-23 03:00:00,29.5,121.75,-0.1,138.0
2024-01-23 04:00:00,29.5,121.75,0.5,138.0
2024-01-23 05:00:00,29.5,121.75,0.9,138.0
2024-01-23 06:00:00,29.5,121.75,0.7,138.0
2024-01-23 07:00:00,29.5,121.75,0.4,138.0
2024-01-23 08:00:00,29.5,121.75,-0.2,138.0
2024-01-23 09:00:00,29.5,121.75,-1.8,138.0
2024-01-23 10:00:00,29.5,121.75,-2.8,138.0
2024-01-23 11:00:00,29.5,121.75,-3.1,138.0
2024-01-23 12:00:00,29.5,121.75,-3.1,138.0
2024-01-23 13:00:00,29.5,121.75,-3.0,138.0
2024-01-23 14:00:00,29.5,121.75,-3.0,138.0
2024-01-23 15:00:00,29.5,121.75,-3.1,138.0
2024-01-23 16:00:00,29.5,121.75,-3.3,138.0
2024-01-23 17:00:00,29.5,121.75,-3.4,138.0
2024-01-23 18:00:00,29.5,121.75,-3.5,138.0
2024-01-23 19:00:00,29.5,121.75,-3.7,138.0
2024-01-23 20:00:00,29.5,121.75,-3.8,138.0
2024-01-23 21:00:00,29.5,121.75,-3.8,138.0
2024-01-23 22:00:00,29.5,121.75,-3.8,138.0
2024-01-23 23:00:00,29.5,121.75,-3.7,138.0
2024-01-24 00:00:00,29.5,121.75,-2.3,138.0
2024-01-24 01:00:00,29.5,121.75,-0.8,138.0
2024-01-24 02:00:00,29.5,121.75,0.8,138.0
2024-01-24 03:00:00,29.5,121.75,2.2,138.0
2024-01-24 04:00:00,29.5,121.75,3.2,138.0
2024-01-24 05:00:00,29.5,121.75,3.7,138.0
2024-01-24 06:00:00,29.5,121.75,4.0,138.0
2024-01-24 07:00:00,29.5,121.75,3.7,138.0
2024-01-24 08:00:00,29.5,121.75,3.2,138.0
2024-01-24 09:00:00,29.5,121.75,1.9,138.0
2024-01-24 10:00:00,29.5,121.75,0.4,138.0
2024-01-24 11:00:00,29.5,121.75,-0.2,138.0
2024-01-24 12:00:00,29.5,121.75,-0.6,138.0
2024-01-24 13:00:00,29.5,121.75,-0.8,138.0
2024-01-24 14:00:00,29.5,121.75,-1.3,138.0
2024-01-24 15:00:00,29.5,121.75,-1.5,138.0
2024-01-24 16:00:00,29.5,121.75,-1.5,138.0
2024-01-24 17:00:00,29.5,121.75,-1.7,138.0
2024-01-24 18:00:00,29.5,121.75,-1.8,138.0
2024-01-24 19:00:00,29.5,121.75,-2.4,138.0
2024-01-24 20:00:00,29.5,121.75,-2.3,138.0
2024-01-24 21:00:00,29.5,121.75,-1.7,138.0
2024-01-24 22:00:00,29.5,121.75,-1.4,138.0
2024-01-24 23:00:00,29.5,121.75,-1.3,138.0
2024-01-22 00:00:00,29.5,122.0,2.3,0.0
2024-01-22 01:00:00,29.5,122.0,2.4,0.0
2024-01-22 02:00:00,29.5,122.0,2.9,0.0
2024-01-22 03:00:00,29.5,122.0,2.6,0.0
2024-01-22 04:00:00,29.5,122.0,2.5,0.0
2024-01-22 05:00:00,29.5,122.0,2.3,0.0
2024-01-22 06:00:00,29.5,122.0,2.0,0.0
2024-01-22 07:00:00,29.5,122.0,1.6,0.0
2024-01-22 08:00:00,29.5,122.0,1.5,0.0
2024-01-22 09:00:00,29.5,122.0,0.7,0.0
2024-01-22 10:00:00,29.5,122.0,0.2,0.0
2024-01-22 11:00:00,29.5,122.0,0.1,0.0
2024-01-22 12:00:00,29.5,122.0,-0.3,0.0
2024-01-22 13:00:00,29.5,122.0,-0.5,0.0
2024-01-22 14:00:00,29.5,122.0,-0.6,0.0
2024-01-22 15:00:00,29.5,122.0,-0.9,0.0
2024-01-22 16:00:00,29.5,122.0,-1.5,0.0
2024-01-22 17:00:00,29.5,122.0,-1.8,0.0
2024-01-22 18:00:00,29.5,122.0,-2.1,0.0
2024-01-22 19:00:00,29.5,122.0,-2.4,0.0
2024-01-22 20:00:00,29.5,122.0,-2.7,0.0
2024-01-22 21:00:00,29.5,122.0,-3.5,0.0
2024-01-22 22:00:00,29.5,122.0,-4.1,0.0
2024-01-22 23:00:00,29.5,122.0,-4.4,0.0
2024-01-23 00:00:00,29.5,122.0,-3.0,0.0
2024-01-23 01:00:00,29.5,122.0,-1.3,0.0
2024-01-23 02:00:00,29.5,122.0,-0.3,0.0
2024-01-23 03:00:00,29.5,122.0,1.1,0.0
2024-01-23 04:00:00,29.5,122.0,2.0,0.0
2024-01-23 05:00:00,29.5,122.0,2.4,0.0
2024-01-23 06:00:00,29.5,122.0,2.3,0.0
2024-01-23 07:00:00,29.5,122.0,1.8,0.0
2024-01-23 08:00:00,29.5,122.0,1.4,0.0
2024-01-23 09:00:00,29.5,122.0,-0.6,0.0
2024-01-23 10:00:00,29.5,122.0,-1.8,0.0
2024-01-23 11:00:00,29.5,122.0,-2.1,0.0
2024-01-23 12:00:00,29.5,122.0,-2.2,0.0
2024-01-23 13:00:00,29.5,122.0,-2.2,0.0
2024-01-23 14:00:00,29.5,122.0,-2.3,0.0
2024-01-23 15:00:00,29.5,122.0,-2.6,0.0
2024-01-23 16:00:00,29.5,122.0,-2.6,0.0
2024-01-23 17:00:00,29.5,122.0,-2.7,0.0
2024-01-23 18:00:00,29.5,122.0,-2.9,0.0
2024-01-23 19:00:00,29.5,122.0,-3.0,0.0
2024-01-23 20:00:00,29.5,122.0,-3.1,0.0
2024-01-23 21:00:00,29.5,122.0,-3.1,0.0
2024-01-23 22:00:00,29.5,122.0,-3.1,0.0
2024-01-23 23:00:00,29.5,122.0,-3.1,0.0
2024-01-24 00:00:00,29.5,122.0,-1.7,0.0
2024-01-24 01:00:00,29.5,122.0,0.3,0.0
2024-01-24 02:00:00,29.5,122.0,2.0,0.0
2024-01-24 03:00:00,29.5,122.0,3.5,0.0
2024-01-24 04:00:00,29.5,122.0,4.6,0.0
2024-01-24 05:00:00,29.5,122.0,5.1,0.0
2024-01-24 06:00:00,29.5,122.0,5.6,0.0
2024-01-24 07:00:00,29.5,122.0,5.5,0.0
2024-01-24 08:00:00,29.5,122.0,4.8,0.0
2024-01-24 09:00:00,29.5,122.0,3.2,0.0
2024-01-24 10:00:00,29.5,122.0,1.4,0.0
2024-01-24 11:00:00,29.5,122.0,0.5,0.0
2024-01-24 12:00:00,29.5,122.0,-0.1,0.0
2024-01-24 13:00:00,29.5,122.0,-0.3,0.0
2024-01-24 14:00:00,29.5,122.0,-0.6,0.0
2024-01-24 15:00:00,29.5,122.0,-0.8,0.0
2024-01-24 16:00:00,29.5,122.0,-1.2,0.0
2024-01-24 17:00:00,29.5,122.0,-1.5,0.0
2024-01-24 18:00:00,29.5,122.0,-1.7,0.0
2024-01-24 19:00:00,29.5,122.0,-2.0,0.0
2024-01-24 20:00:00,29.5,122.0,-1.9,0.0
2024-01-24 21:00:00,29.5,122.0,-1.3,0.0
2024-01-24 22:00:00,29.5,122.0,-0.7,0.0
2024-01-24 23:00:00,29.5,122.0,-0.6,0.0
2024-01-22 00:00:00,29.75,116.5,-0.6,192.0
2024-01-22 01:00:00,29.75,116.5,-0.5,192.0
2024-01-22 02:00:00,29.75,116.5,-0.3,192.0
2024-01-22 03:00:00,29.75,116.5,-0.6,192.0
2024-01-22 04:00:00,29.75,116.5,-0.7,192.0
2024-01-22 05:00:00,29.75,116.5,-0.2,192.0
2024-01-22 06:00:00,29.75,116.5,-0.5,192.0
2024-01-22 07:00:00,29.75,116.5,-0.9,192.0
2024-01-22 08:00:00,29.75,116.5,-1.3,192.0
2024-01-22 09:00:00,29.75,116.5,-1.7,192.0
2024-01-22 10:00:00,29.75,116.5,-2.1,192.0
2024-01-22 11:00:00,29.75,116.5,-2.2,192.0
2024-01-22 12:00:00,29.75,116.5,-2.4,192.0
2024-01-22 13:00:00,29.75,116.5,-2.6,192.0
2024-01-22 14:00:00,29.75,116.5,-2.9,192.0
2024-01-22 15:00:00,29.75,116.5,-3.1,192.0
2024-01-22 16:00:00,29.75,116.5,-3.5,192.0
2024-01-22 17:00:00,29.75,116.5,-3.7,192.0
2024-01-22 18:00:00,29.75,116.5,-4.0,192.0
2024-01-22 19:00:00,29.75,116.5,-4.2,192.0
2024-01-22 20:00:00,29.75,116.5,-4.2,192.0
2024-01-22 21:00:00,29.75,116.5,-4.4,192.0
2024-01-22 22:00:00,29.75,116.5,-4.5,192.0
2024-01-22 23:00:00,29.75,116.5,-4.7,192.0
2024-01-23 00:00:00,29.75,116.5,-4.4,192.0
2024-01-23 01:00:00,29.75,116.5,-3.5,192.0
2024-01-23 02:00:00,29.75,116.5,-2.4,192.0
2024-01-23 03:00:00,29.75,116.5,-1.4,192.0
2024-01-23 04:00:00,29.75,116.5,-0.6,192.0
2024-01-23 05:00:00,29.75,116.5,0.0,192.0
2024-01-23 06:00:00,29.75,116.5,0.0,192.0
2024-01-23 07:00:00,29.75,116.5,0.0,192.0
2024-01-23 08:00:00,29.75,116.5,-0.3,192.0
2024-01-23 09:00:00,29.75,116.5,-1.0,192.0
2024-01-23 10:00:00,29.75,116.5,-2.3,192.0
2024-01-23 11:00:00,29.75,116.5,-2.6,192.0
2024-01-23 12:00:00,29.75,116.5,-2.7,192.0
2024-01-23 13:00:00,29.75,116.5,-2.8,192.0
2024-01-23 14:00:00,29.75,116.5,-2.7,192.0
2024-01-23 15:00:00,29.75,116.5,-2.7,192.0
2024-01-23 16:00:00,29.75,116.5,-2.7,192.0
2024-01-23 17:00:00,29.75,116.5,-2.6,192.0
2024-01-23 18:00:00,29.75,116.5,-2.7,192.0
2024-01-23 19:00:00,29.75,116.5,-2.7,192.0
2024-01-23 20:00:00,29.75,116.5,-2.7,192.0
2024-01-23 21:00:00,29.75,116.5,-2.8,192.0
2024-01-23 22:00:00,29.75,116.5,-2.8,192.0
2024-01-23 23:00:00,29.75,116.5,-2.9,192.0
2024-01-24 00:00:00,29.75,116.5,-2.2,192.0
2024-01-24 01:00:00,29.75,116.5,-0.9,192.0
2024-01-24 02:00:00,29.75,116.5,0.3,192.0
2024-01-24 03:00:00,29.75,116.5,1.3,192.0
2024-01-24 04:00:00,29.75,116.5,2.1,192.0
2024-01-24 05:00:00,29.75,116.5,2.7,192.0
2024-01-24 06:00:00,29.75,116.5,3.0,192.0
2024-01-24 07:00:00,29.75,116.5,3.0,192.0
2024-01-24 08:00:00,29.75,116.5,2.6,192.0
2024-01-24 09:00:00,29.75,116.5,1.7,192.0
2024-01-24 10:00:00,29.75,116.5,-0.5,192.0
2024-01-24 11:00:00,29.75,116.5,-0.9,192.0
2024-01-24 12:00:00,29.75,116.5,-1.0,192.0
2024-01-24 13:00:00,29.75,116.5,-1.1,192.0
2024-01-24 14:00:00,29.75,116.5,-1.3,192.0
2024-01-24 15:00:00,29.75,116.5,-1.3,192.0
2024-01-24 16:00:00,29.75,116.5,-1.3,192.0
2024-01-24 17:00:00,29.75,116.5,-1.3,192.0
2024-01-24 18:00:00,29.75,116.5,-1.6,192.0
2024-01-24 19:00:00,29.75,116.5,-1.4,192.0
2024-01-24 20:00:00,29.75,116.5,-1.7,192.0
2024-01-24 21:00:00,29.75,116.5,-1.3,192.0
2024-01-24 22:00:00,29.75,116.5,-1.3,192.0
2024-01-24 23:00:00,29.75,116.5,-1.3,192.0
2024-01-22 00:00:00,29.75,116.75,0.1,90.0
2024-01-22 01:00:00,29.75,116.75,0.3,90.0
2024-01-22 02:00:00,29.75,116.75,0.4,90.0
2024-01-22 03:00:00,29.75,116.75,0.6,90.0
2024-01-22 04:00:00,29.75,116.75,0.3,90.0
2024-01-22 05:00:00,29.75,116.75,1.0,90.0
2024-01-22 06:00:00,29.75,116.75,0.5,90.0
2024-01-22 07:00:00,29.75,116.75,-0.1,90.0
2024-01-22 08:00:00,29.75,116.75,-0.7,90.0
2024-01-22 09:00:00,29.75,116.75,-1.1,90.0
2024-01-22 10:00:00,29.75,116.75,-1.5,90.0
2024-01-22 11:00:00,29.75,116.75,-1.7,90.0
2024-01-22 12:00:00,29.75,116.75,-1.9,90.0
2024-01-22 13:00:00,29.75,116.75,-2.0,90.0
2024-01-22 14:00:00,29.75,116.75,-2.5,90.0
2024-01-22 15:00:00,29.75,116.75,-2.7,90.0
2024-01-22 16:00:00,29.75,116.75,-3.1,90.0
2024-01-22 17:00:00,29.75,116.75,-3.4,90.0
2024-01-22 18:00:00,29.75,116.75,-3.8,90.0
2024-01-22 19:00:00,29.75,116.75,-3.9,90.0
2024-01-22 20:00:00,29.75,116.75,-4.0,90.0
2024-01-22 21:00:00,29.75,116.75,-4.0,90.0
2024-01-22 22:00:00,29.75,116.75,-4.2,90.0
2024-01-22 23:00:00,29.75,116.75,-4.3,90.0
2024-01-23 00:00:00,29.75,116.75,-4.0,90.0
2024-01-23 01:00:00,29.75,116.75,-2.9,90.0
2024-01-23 02:00:00,29.75,116.75,-1.6,90.0
2024-01-23 03:00:00,29.75,116.75,-0.4,90.0
2024-01-23 04:00:00,29.75,116.75,0.7,90.0
2024-01-23 05:00:00,29.75,116.75,1.3,90.0
2024-01-23 06:00:00,29.75,116.75,1.2,90.0
2024-01-23 07:00:00,29.75,116.75,1.1,90.0
2024-01-23 08:00:00,29.75,116.75,0.7,90.0
2024-01-23 09:00:00,29.75,116.75,-0.3,90.0
2024-01-23 10:00:00,29.75,116.75,-2.0,90.0
2024-01-23 11:00:00,29.75,116.75,-2.4,90.0
2024-01-23 12:00:00,29.75,116.75,-2.7,90.0
2024-01-23 13:00:00,29.75,116.75,-2.8,90.0
2024-01-23 14:00:00,29.75,116.75,-2.8,90.0
2024-01-23 15:00:00,29.75,116.75,-2.9,90.0
2024-01-23 16:00:00,29.75,116.75,-2.8,90.0
2024-01-23 17:00:00,29.75,116.75,-2.8,90.0
2024-01-23 18:00:00,29.75,116.75,-2.9,90.0
2024-01-23 19:00:00,29.75,116.75,-2.9,90.0
2024-01-23 20:00:00,29.75,116.75,-3.0,90.0
2024-01-23 21:00:00,29.75,116.75,-3.0,90.0
2024-01-23 22:00:00,29.75,116.75,-2.9,90.0
2024-01-23 23:00:00,29.75,116.75,-2.8,90.0
2024-01-24 00:00:00,29.75,116.75,-2.0,90.0
2024-01-24 01:00:00,29.75,116.75,-0.4,90.0
2024-01-24 02:00:00,29.75,116.75,1.1,90.0
2024-01-24 03:00:00,29.75,116.75,2.6,90.0
2024-01-24 04:00:00,29.75,116.75,3.7,90.0
2024-01-24 05:00:00,29.75,116.75,4.3,90.0
2024-01-24 06:00:00,29.75,116.75,4.5,90.0
2024-01-24 07:00:00,29.75,116.75,4.4,90.0
2024-01-24 08:00:00,29.75,116.75,3.8,90.0
2024-01-24 09:00:00,29.75,116.75,1.9,90.0
2024-01-24 10:00:00,29.75,116.75,-0.5,90.0
2024-01-24 11:00:00,29.75,116.75,-1.3,90.0
2024-01-24 12:00:00,29.75,116.75,-1.5,90.0
2024-01-24 13:00:00,29.75,116.75,-1.8,90.0
2024-01-24 14:00:00,29.75,116.75,-2.0,90.0
2024-01-24 15:00:00,29.75,116.75,-2.1,90.0
2024-01-24 16:00:00,29.75,116.75,-1.9,90.0
2024-01-24 17:00:00,29.75,116.75,-1.9,90.0
2024-01-24 18:00:00,29.75,116.75,-2.3,90.0
2024-01-24 19:00:00,29.75,116.75,-2.1,90.0
2024-01-24 20:00:00,29.75,116.75,-2.5,90.0
2024-01-24 21:00:00,29.75,116.75,-2.0,90.0
2024-01-24 22:00:00,29.75,116.75,-1.9,90.0
2024-01-24 23:00:00,29.75,116.75,-1.9,90.0
2024-01-22 00:00:00,29.75,117.0,-0.4,112.0
2024-01-22 01:00:00,29.75,117.0,-0.1,112.0
2024-01-22 02:00:00,29.75,117.0,0.1,112.0
2024-01-22 03:00:00,29.75,117.0,0.8,112.0
2024-01-22 04:00:00,29.75,117.0,0.3,112.0
2024-01-22 05:00:00,29.75,117.0,0.6,112.0
2024-01-22 06:00:00,29.75,117.0,0.6,112.0
2024-01-22 07:00:00,29.75,117.0,-0.1,112.0
2024-01-22 08:00:00,29.75,117.0,-0.5,112.0
2024-01-22 09:00:00,29.75,117.0,-1.0,112.0
2024-01-22 10:00:00,29.75,117.0,-1.5,112.0
2024-01-22 11:00:00,29.75,117.0,-1.8,112.0
2024-01-22 12:00:00,29.75,117.0,-1.9,112.0
2024-01-22 13:00:00,29.75,117.0,-2.2,112.0
2024-01-22 14:00:00,29.75,117.0,-2.6,112.0
2024-01-22 15:00:00,29.75,117.0,-2.9,112.0
2024-01-22 16:00:00,29.75,117.0,-3.4,112.0
2024-01-22 17:00:00,29.75,117.0,-3.7,112.0
2024-01-22 18:00:00,29.75,117.0,-4.1,112.0
2024-01-22 19:00:00,29.75,117.0,-4.4,112.0
2024-01-22 20:00:00,29.75,117.0,-4.5,112.0
2024-01-22 21:00:00,29.75,117.0,-4.5,112.0
2024-01-22 22:00:00,29.75,117.0,-4.6,112.0
2024-01-22 23:00:00,29.75,117.0,-4.5,112.0
2024-01-23 00:00:00,29.75,117.0,-4.1,112.0
2024-01-23 01:00:00,29.75,117.0,-3.0,112.0
2024-01-23 02:00:00,29.75,117.0,-1.6,112.0
2024-01-23 03:00:00,29.75,117.0,-0.2,112.0
2024-01-23 04:00:00,29.75,117.0,1.1,112.0
2024-01-23 05:00:00,29.75,117.0,1.8,112.0
2024-01-23 06:00:00,29.75,117.0,1.8,112.0
2024-01-23 07:00:00,29.75,117.0,1.7,112.0
2024-01-23 08:00:00,29.75,117.0,1.1,112.0
2024-01-23 09:00:00,29.75,117.0,-0.2,112.0
2024-01-23 10:00:00,29.75,117.0,-2.2,112.0
2024-01-23 11:00:00,29.75,117.0,-2.9,112.0
2024-01-23 12:00:00,29.75,117.0,-3.1,112.0
2024-01-23 13:00:00,29.75,117.0,-3.2,112.0
2024-01-23 14:00:00,29.75,117.0,-3.2,112.0
2024-01-23 15:00:00,29.75,117.0,-3.2,112.0
2024-01-23 16:00:00,29.75,117.0,-3.2,112.0
2024-01-23 17:00:00,29.75,117.0,-3.2,112.0
2024-01-23 18:00:00,29.75,117.0,-3.2,112.0
2024-01-23 19:00:00,29.75,117.0,-3.2,112.0
2024-01-23 20:00:00,29.75,117.0,-3.3,112.0
2024-01-23 21:00:00,29.75,117.0,-3.2,112.0
2024-01-23 22:00:00,29.75,117.0,-3.2,112.0
2024-01-23 23:00:00,29.75,117.0,-3.1,112.0
2024-01-24 00:00:00,29.75,117.0,-2.3,112.0
2024-01-24 01:00:00,29.75,117.0,-0.5,112.0
2024-01-24 02:00:00,29.75,117.0,1.3,112.0
2024-01-24 03:00:00,29.75,117.0,3.0,112.0
2024-01-24 04:00:00,29.75,117.0,4.4,112.0
2024-01-24 05:00:00,29.75,117.0,4.9,112.0
2024-01-24 06:00:00,29.75,117.0,5.2,112.0
2024-01-24 07:00:00,29.75,117.0,5.1,112.0
2024-01-24 08:00:00,29.75,117.0,4.3,112.0
2024-01-24 09:00:00,29.75,117.0,2.2,112.0
2024-01-24 10:00:00,29.75,117.0,-0.8,112.0
2024-01-24 11:00:00,29.75,117.0,-1.6,112.0
2024-01-24 12:00:00,29.75,117.0,-1.9,112.0
2024-01-24 13:00:00,29.75,117.0,-2.0,112.0
2024-01-24 14:00:00,29.75,117.0,-2.2,112.0
2024-01-24 15:00:00,29.75,117.0,-2.1,112.0
2024-01-24 16:00:00,29.75,117.0,-1.8,112.0
2024-01-24 17:00:00,29.75,117.0,-1.8,112.0
2024-01-24 18:00:00,29.75,117.0,-2.3,112.0
2024-01-24 19:00:00,29.75,117.0,-2.4,112.0
2024-01-24 20:00:00,29.75,117.0,-2.6,112.0
2024-01-24 21:00:00,29.75,117.0,-2.3,112.0
2024-01-24 22:00:00,29.75,117.0,-2.0,112.0
2024-01-24 23:00:00,29.75,117.0,-2.0,112.0
2024-01-22 00:00:00,29.75,117.25,-1.8,383.0
2024-01-22 01:00:00,29.75,117.25,-1.7,383.0
2024-01-22 02:00:00,29.75,117.25,-0.9,383.0
2024-01-22 03:00:00,29.75,117.25,-0.1,383.0
2024-01-22 04:00:00,29.75,117.25,-0.7,383.0
2024-01-22 05:00:00,29.75,117.25,-1.0,383.0
2024-01-22 06:00:00,29.75,117.25,-0.8,383.0
2024-01-22 07:00:00,29.75,117.25,-1.1,383.0
2024-01-22 08:00:00,29.75,117.25,-1.7,383.0
2024-01-22 09:00:00,29.75,117.25,-2.2,383.0
2024-01-22 10:00:00,29.75,117.25,-2.8,383.0
2024-01-22 11:00:00,29.75,117.25,-3.0,383.0
2024-01-22 12:00:00,29.75,117.25,-3.3,383.0
2024-01-22 13:00:00,29.75,117.25,-3.3,383.0
2024-01-22 14:00:00,29.75,117.25,-3.4,383.0
2024-01-22 15:00:00,29.75,117.25,-4.1,383.0
2024-01-22 16:00:00,29.75,117.25,-4.2,383.0
2024-01-22 17:00:00,29.75,117.25,-4.9,383.0
2024-01-22 18:00:00,29.75,117.25,-5.5,383.0
2024-01-22 19:00:00,29.75,117.25,-5.8,383.0
2024-01-22 20:00:00,29.75,117.25,-6.0,383.0
2024-01-22 21:00:00,29.75,117.25,-6.1,383.0
2024-01-22 22:00:00,29.75,117.25,-6.1,383.0
2024-01-22 23:00:00,29.75,117.25,-6.2,383.0
2024-01-23 00:00:00,29.75,117.25,-5.4,383.0
2024-01-23 01:00:00,29.75,117.25,-4.3,383.0
2024-01-23 02:00:00,29.75,117.25,-2.8,383.0
2024-01-23 03:00:00,29.75,117.25,-1.2,383.0
2024-01-23 04:00:00,29.75,117.25,0.3,383.0
2024-01-23 05:00:00,29.75,117.25,1.3,383.0
2024-01-23 06:00:00,29.75,117.25,2.0,383.0
2024-01-23 07:00:00,29.75,117.25,2.0,383.0
2024-01-23 08:00:00,29.75,117.25,1.5,383.0
2024-01-23 09:00:00,29.75,117.25,-0.0,383.0
2024-01-23 10:00:00,29.75,117.25,-3.2,383.0
2024-01-23 11:00:00,29.75,117.25,-4.2,383.0
2024-01-23 12:00:00,29.75,117.25,-4.7,383.0
2024-01-23 13:00:00,29.75,117.25,-4.9,383.0
2024-01-23 14:00:00,29.75,117.25,-5.0,383.0
2024-01-23 15:00:00,29.75,117.25,-5.1,383.0
2024-01-23 16:00:00,29.75,117.25,-5.1,383.0
2024-01-23 17:00:00,29.75,117.25,-5.2,383.0
2024-01-23 18:00:00,29.75,117.25,-5.3,383.0
2024-01-23 19:00:00,29.75,117.25,-5.4,383.0
2024-01-23 20:00:00,29.75,117.25,-5.6,383.0
2024-01-23 21:00:00,29.75,117.25,-5.7,383.0
2024-01-23 22:00:00,29.75,117.25,-5.8,383.0
2024-01-23 23:00:00,29.75,117.25,-6.0,383.0
2024-01-24 00:00:00,29.75,117.25,-4.9,383.0
2024-01-24 01:00:00,29.75,117.25,-2.8,383.0
2024-01-24 02:00:00,29.75,117.25,-0.7,383.0
2024-01-24 03:00:00,29.75,117.25,1.4,383.0
2024-01-24 04:00:00,29.75,117.25,3.1,383.0
2024-01-24 05:00:00,29.75,117.25,4.2,383.0
2024-01-24 06:00:00,29.75,117.25,4.8,383.0
2024-01-24 07:00:00,29.75,117.25,4.8,383.0
2024-01-24 08:00:00,29.75,117.25,4.2,383.0
2024-01-24 09:00:00,29.75,117.25,2.1,383.0
2024-01-24 10:00:00,29.75,117.25,-0.9,383.0
2024-01-24 11:00:00,29.75,117.25,-2.4,383.0
2024-01-24 12:00:00,29.75,117.25,-3.2,383.0
2024-01-24 13:00:00,29.75,117.25,-3.4,383.0
2024-01-24 14:00:00,29.75,117.25,-3.5,383.0
2024-01-24 15:00:00,29.75,117.25,-3.6,383.0
2024-01-24 16:00:00,29.75,117.25,-3.3,383.0
2024-01-24 17:00:00,29.75,117.25,-3.4,383.0
2024-01-24 18:00:00,29.75,117.25,-3.9,383.0
2024-01-24 19:00:00,29.75,117.25,-4.3,383.0
2024-01-24 20:00:00,29.75,117.25,-4.4,383.0
2024-01-24 21:00:00,29.75,117.25,-4.5,383.0
2024-01-24 22:00:00,29.75,117.25,-3.9,383.0
2024-01-24 23:00:00,29.75,117.25,-3.8,383.0
2024-01-22 00:00:00,29.75,117.5,-1.0,157.0
2024-01-22 01:00:00,29.75,117.5,-1.0,157.0
2024-01-22 02:00:00,29.75,117.5,-0.0,157.0
2024-01-22 03:00:00,29.75,117.5,0.7,157.0
2024-01-22 04:00:00,29.75,117.5,0.5,157.0
2024-01-22 05:00:00,29.75,117.5,0.2,157.0
2024-01-22 06:00:00,29.75,117.5,0.7,157.0
2024-01-22 07:00:00,29.75,117.5,0.2,157.0
2024-01-22 08:00:00,29.75,117.5,-0.6,157.0
2024-01-22 09:00:00,29.75,117.5,-1.4,157.0
2024-01-22 10:00:00,29.75,117.5,-1.8,157.0
2024-01-22 11:00:00,29.75,117.5,-2.0,157.0
2024-01-22 12:00:00,29.75,117.5,-2.2,157.0
2024-01-22 13:00:00,29.75,117.5,-2.3,157.0
2024-01-22 14:00:00,29.75,117.5,-2.4,157.0
2024-01-22 15:00:00,29.75,117.5,-2.9,157.0
2024-01-22 16:00:00,29.75,117.5,-3.0,157.0
2024-01-22 17:00:00,29.75,117.5,-3.5,157.0
2024-01-22 18:00:00,29.75,117.5,-4.2,157.0
2024-01-22 19:00:00,29.75,117.5,-4.4,157.0
2024-01-22 20:00:00,29.75,117.5,-4.7,157.0
2024-01-22 21:00:00,29.75,117.5,-4.8,157.0
2024-01-22 22:00:00,29.75,117.5,-4.9,157.0
2024-01-22 23:00:00,29.75,117.5,-5.0,157.0
2024-01-23 00:00:00,29.75,117.5,-4.2,157.0
2024-01-23 01:00:00,29.75,117.5,-3.0,157.0
2024-01-23 02:00:00,29.75,117.5,-1.7,157.0
2024-01-23 03:00:00,29.75,117.5,-0.3,157.0
2024-01-23 04:00:00,29.75,117.5,0.9,157.0
2024-01-23 05:00:00,29.75,117.5,2.0,157.0
2024-01-23 06:00:00,29.75,117.5,2.6,157.0
2024-01-23 07:00:00,29.75,117.5,2.8,157.0
2024-01-23 08:00:00,29.75,117.5,2.2,157.0
2024-01-23 09:00:00,29.75,117.5,0.9,157.0
2024-01-23 10:00:00,29.75,117.5,-1.8,157.0
2024-01-23 11:00:00,29.75,117.5,-2.6,157.0
2024-01-23 12:00:00,29.75,117.5,-3.0,157.0
2024-01-23 13:00:00,29.75,117.5,-3.2,157.0
2024-01-23 14:00:00,29.75,117.5,-3.3,157.0
2024-01-23 15:00:00,29.75,117.5,-3.5,157.0
2024-01-23 16:00:00,29.75,117.5,-3.6,157.0
2024-01-23 17:00:00,29.75,117.5,-3.8,157.0
2024-01-23 18:00:00,29.75,117.5,-4.0,157.0
2024-01-23 19:00:00,29.75,117.5,-4.2,157.0
2024-01-23 20:00:00,29.75,117.5,-4.4,157.0
2024-01-23 21:00:00,29.75,117.5,-4.6,157.0
2024-01-23 22:00:00,29.75,117.5,-4.7,157.0
2024-01-23 23:00:00,29.75,117.5,-4.8,157.0
2024-01-24 00:00:00,29.75,117.5,-3.5,157.0
2024-01-24 01:00:00,29.75,117.5,-1.4,157.0
2024-01-24 02:00:00,29.75,117.5,0.6,157.0
2024-01-24 03:00:00,29.75,117.5,2.4,157.0
2024-01-24 04:00:00,29.75,117.5,3.9,157.0
2024-01-24 05:00:00,29.75,117.5,4.9,157.0
2024-01-24 06:00:00,29.75,117.5,5.6,157.0
2024-01-24 07:00:00,29.75,117.5,5.7,157.0
2024-01-24 08:00:00,29.75,117.5,5.4,157.0
2024-01-24 09:00:00,29.75,117.5,3.3,157.0
2024-01-24 10:00:00,29.75,117.5,0.6,157.0
2024-01-24 11:00:00,29.75,117.5,-0.4,157.0
2024-01-24 12:00:00,29.75,117.5,-1.1,157.0
2024-01-24 13:00:00,29.75,117.5,-1.6,157.0
2024-01-24 14:00:00,29.75,117.5,-1.6,157.0
2024-01-24 15:00:00,29.75,117.5,-1.8,157.0
2024-01-24 16:00:00,29.75,117.5,-1.8,157.0
2024-01-24 17:00:00,29.75,117.5,-1.8,157.0
2024-01-24 18:00:00,29.75,117.5,-2.4,157.0
2024-01-24 19:00:00,29.75,117.5,-2.7,157.0
2024-01-24 20:00:00,29.75,117.5,-2.7,157.0
2024-01-24 21:00:00,29.75,117.5,-2.9,157.0
2024-01-24 22:00:00,29.75,117.5,-2.5,157.0
2024-01-24 23:00:00,29.75,117.5,-2.2,157.0
2024-01-22 00:00:00,29.75,117.75,-2.8,354.0
2024-01-22 01:00:00,29.75,117.75,-2.7,354.0
2024-01-22 02:00:00,29.75,117.75,-2.1,354.0
2024-01-22 03:00:00,29.75,117.75,-1.5,354.0
2024-01-22 04:00:00,29.75,117.75,-1.6,354.0
2024-01-22 05:00:00,29.75,117.75,-1.9,354.0
2024-01-22 06:00:00,29.75,117.75,-1.8,354.0
2024-01-22 07:00:00,29.75,117.75,-2.0,354.0
2024-01-22 08:00:00,29.75,117.75,-2.3,354.0
2024-01-22 09:00:00,29.75,117.75,-2.9,354.0
2024-01-22 10:00:00,29.75,117.75,-3.6,354.0
2024-01-22 11:00:00,29.75,117.75,-3.9,354.0
2024-01-22 12:00:00,29.75,117.75,-4.2,354.0
2024-01-22 13:00:00,29.75,117.75,-4.5,354.0
2024-01-22 14:00:00,29.75,117.75,-4.6,354.0
2024-01-22 15:00:00,29.75,117.75,-5.4,354.0
2024-01-22 16:00:00,29.75,117.75,-5.3,354.0
2024-01-22 17:00:00,29.75,117.75,-5.9,354.0
2024-01-22 18:00:00,29.75,117.75,-7.0,354.0
2024-01-22 19:00:00,29.75,117.75,-7.3,354.0
2024-01-22 20:00:00,29.75,117.75,-7.6,354.0
2024-01-22 21:00:00,29.75,117.75,-7.7,354.0
2024-01-22 22:00:00,29.75,117.75,-7.7,354.0
2024-01-22 23:00:00,29.75,117.75,-7.8,354.0
2024-01-23 00:00:00,29.75,117.75,-5.9,354.0
2024-01-23 01:00:00,29.75,117.75,-4.8,354.0
2024-01-23 02:00:00,29.75,117.75,-3.4,354.0
2024-01-23 03:00:00,29.75,117.75,-2.0,354.0
2024-01-23 04:00:00,29.75,117.75,-0.8,354.0
2024-01-23 05:00:00,29.75,117.75,0.1,354.0
2024-01-23 06:00:00,29.75,117.75,0.7,354.0
2024-01-23 07:00:00,29.75,117.75,0.8,354.0
2024-01-23 08:00:00,29.75,117.75,0.3,354.0
2024-01-23 09:00:00,29.75,117.75,-0.9,354.0
2024-01-23 10:00:00,29.75,117.75,-3.2,354.0
2024-01-23 11:00:00,29.75,117.75,-3.8,354.0
2024-01-23 12:00:00,29.75,117.75,-3.9,354.0
2024-01-23 13:00:00,29.75,117.75,-4.1,354.0
2024-01-23 14:00:00,29.75,117.75,-4.3,354.0
2024-01-23 15:00:00,29.75,117.75,-4.5,354.0
2024-01-23 16:00:00,29.75,117.75,-4.7,354.0
2024-01-23 17:00:00,29.75,117.75,-4.9,354.0
2024-01-23 18:00:00,29.75,117.75,-5.1,354.0
2024-01-23 19:00:00,29.75,117.75,-5.3,354.0
2024-01-23 20:00:00,29.75,117.75,-5.5,354.0
2024-01-23 21:00:00,29.75,117.75,-5.6,354.0
2024-01-23 22:00:00,29.75,117.75,-5.7,354.0
2024-01-23 23:00:00,29.75,117.75,-5.8,354.0
2024-01-24 00:00:00,29.75,117.75,-5.3,354.0
2024-01-24 01:00:00,29.75,117.75,-3.0,354.0
2024-01-24 02:00:00,29.75,117.75,-1.0,354.0
2024-01-24 03:00:00,29.75,117.75,0.8,354.0
2024-01-24 04:00:00,29.75,117.75,2.2,354.0
2024-01-24 05:00:00,29.75,117.75,3.3,354.0
2024-01-24 06:00:00,29.75,117.75,3.8,354.0
2024-01-24 07:00:00,29.75,117.75,3.9,354.0
2024-01-24 08:00:00,29.75,117.75,3.5,354.0
2024-01-24 09:00:00,29.75,117.75,1.4,354.0
2024-01-24 10:00:00,29.75,117.75,-2.4,354.0
2024-01-24 11:00:00,29.75,117.75,-3.3,354.0
2024-01-24 12:00:00,29.75,117.75,-3.8,354.0
2024-01-24 13:00:00,29.75,117.75,-3.9,354.0
2024-01-24 14:00:00,29.75,117.75,-3.5,354.0
2024-01-24 15:00:00,29.75,117.75,-3.6,354.0
2024-01-24 16:00:00,29.75,117.75,-4.0,354.0
2024-01-24 17:00:00,29.75,117.75,-4.0,354.0
2024-01-24 18:00:00,29.75,117.75,-4.4,354.0
2024-01-24 19:00:00,29.75,117.75,-5.0,354.0
2024-01-24 20:00:00,29.75,117.75,-5.0,354.0
2024-01-24 21:00:00,29.75,117.75,-5.1,354.0
2024-01-24 22:00:00,29.75,117.75,-4.3,354.0
2024-01-24 23:00:00,29.75,117.75,-4.0,354.0
2024-01-22 00:00:00,29.75,118.0,-2.2,290.0
2024-01-22 01:00:00,29.75,118.0,-2.0,290.0
2024-01-22 02:00:00,29.75,118.0,-1.6,290.0
2024-01-22 03:00:00,29.75,118.0,-1.0,290.0
2024-01-22 04:00:00,29.75,118.0,-1.0,290.0
2024-01-22 05:00:00,29.75,118.0,-1.2,290.0
2024-01-22 06:00:00,29.75,118.0,-1.4,290.0
2024-01-22 07:00:00,29.75,118.0,-1.7,290.0
2024-01-22 08:00:00,29.75,118.0,-1.7,290.0
2024-01-22 09:00:00,29.75,118.0,-2.1,290.0
2024-01-22 10:00:00,29.75,118.0,-2.7,290.0
2024-01-22 11:00:00,29.75,118.0,-3.1,290.0
2024-01-22 12:00:00,29.75,118.0,-3.5,290.0
2024-01-22 13:00:00,29.75,118.0,-3.8,290.0
2024-01-22 14:00:00,29.75,118.0,-4.2,290.0
2024-01-22 15:00:00,29.75,118.0,-4.7,290.0
2024-01-22 16:00:00,29.75,118.0,-5.1,290.0
2024-01-22 17:00:00,29.75,118.0,-5.9,290.0
2024-01-22 18:00:00,29.75,118.0,-7.0,290.0
2024-01-22 19:00:00,29.75,118.0,-7.4,290.0
2024-01-22 20:00:00,29.75,118.0,-7.8,290.0
2024-01-22 21:00:00,29.75,118.0,-7.9,290.0
2024-01-22 22:00:00,29.75,118.0,-8.0,290.0
2024-01-22 23:00:00,29.75,118.0,-8.0,290.0
2024-01-23 00:00:00,29.75,118.0,-5.3,290.0
2024-01-23 01:00:00,29.75,118.0,-4.3,290.0
2024-01-23 02:00:00,29.75,118.0,-2.8,290.0
2024-01-23 03:00:00,29.75,118.0,-1.3,290.0
2024-01-23 04:00:00,29.75,118.0,0.0,290.0
2024-01-23 05:00:00,29.75,118.0,0.9,290.0
2024-01-23 06:00:00,29.75,118.0,1.5,290.0
2024-01-23 07:00:00,29.75,118.0,1.5,290.0
2024-01-23 08:00:00,29.75,118.0,1.0,290.0
2024-01-23 09:00:00,29.75,118.0,-0.3,290.0
2024-01-23 10:00:00,29.75,118.0,-2.8,290.0
2024-01-23 11:00:00,29.75,118.0,-3.5,290.0
2024-01-23 12:00:00,29.75,118.0,-3.7,290.0
2024-01-23 13:00:00,29.75,118.0,-3.8,290.0
2024-01-23 14:00:00,29.75,118.0,-3.9,290.0
2024-01-23 15:00:00,29.75,118.0,-4.0,290.0
2024-01-23 16:00:00,29.75,118.0,-4.2,290.0
2024-01-23 17:00:00,29.75,118.0,-4.3,290.0
2024-01-23 18:00:00,29.75,118.0,-4.4,290.0
2024-01-23 19:00:00,29.75,118.0,-4.6,290.0
2024-01-23 20:00:00,29.75,118.0,-4.8,290.0
2024-01-23 21:00:00,29.75,118.0,-5.0,290.0
2024-01-23 22:00:00,29.75,118.0,-5.2,290.0
2024-01-23 23:00:00,29.75,118.0,-5.3,290.0
2024-01-24 00:00:00,29.75,118.0,-5.0,290.0
2024-01-24 01:00:00,29.75,118.0,-2.7,290.0
2024-01-24 02:00:00,29.75,118.0,-0.8,290.0
2024-01-24 03:00:00,29.75,118.0,1.1,290.0
2024-01-24 04:00:00,29.75,118.0,2.8,290.0
2024-01-24 05:00:00,29.75,118.0,3.8,290.0
2024-01-24 06:00:00,29.75,118.0,4.3,290.0
2024-01-24 07:00:00,29.75,118.0,4.2,290.0
2024-01-24 08:00:00,29.75,118.0,3.6,290.0
2024-01-24 09:00:00,29.75,118.0,1.3,290.0
2024-01-24 10:00:00,29.75,118.0,-2.5,290.0
2024-01-24 11:00:00,29.75,118.0,-3.5,290.0
2024-01-24 12:00:00,29.75,118.0,-3.6,290.0
2024-01-24 13:00:00,29.75,118.0,-3.8,290.0
2024-01-24 14:00:00,29.75,118.0,-3.5,290.0
2024-01-24 15:00:00,29.75,118.0,-3.8,290.0
2024-01-24 16:00:00,29.75,118.0,-3.9,290.0
2024-01-24 17:00:00,29.75,118.0,-4.0,290.0
2024-01-24 18:00:00,29.75,118.0,-4.2,290.0
2024-01-24 19:00:00,29.75,118.0,-4.9,290.0
2024-01-24 20:00:00,29.75,118.0,-5.1,290.0
2024-01-24 21:00:00,29.75,118.0,-5.1,290.0
2024-01-24 22:00:00,29.75,118.0,-5.1,290.0
2024-01-24 23:00:00,29.75,118.0,-4.4,290.0
2024-01-22 00:00:00,29.75,118.25,-1.0,133.0
2024-01-22 01:00:00,29.75,118.25,-1.0,133.0
2024-01-22 02:00:00,29.75,118.25,-0.7,133.0
2024-01-22 03:00:00,29.75,118.25,0.1,133.0
2024-01-22 04:00:00,29.75,118.25,0.3,133.0
2024-01-22 05:00:00,29.75,118.25,0.2,133.0
2024-01-22 06:00:00,29.75,118.25,-0.0,133.0
2024-01-22 07:00:00,29.75,118.25,-0.9,133.0
2024-01-22 08:00:00,29.75,118.25,-1.0,133.0
2024-01-22 09:00:00,29.75,118.25,-0.7,133.0
2024-01-22 10:00:00,29.75,118.25,-1.2,133.0
2024-01-22 11:00:00,29.75,118.25,-1.8,133.0
2024-01-22 12:00:00,29.75,118.25,-2.1,133.0
2024-01-22 13:00:00,29.75,118.25,-2.4,133.0
2024-01-22 14:00:00,29.75,118.25,-2.6,133.0
2024-01-22 15:00:00,29.75,118.25,-2.6,133.0
2024-01-22 16:00:00,29.75,118.25,-2.9,133.0
2024-01-22 17:00:00,29.75,118.25,-3.8,133.0
2024-01-22 18:00:00,29.75,118.25,-4.6,133.0
2024-01-22 19:00:00,29.75,118.25,-5.0,133.0
2024-01-22 20:00:00,29.75,118.25,-5.4,133.0
2024-01-22 21:00:00,29.75,118.25,-5.5,133.0
2024-01-22 22:00:00,29.75,118.25,-5.6,133.0
2024-01-22 23:00:00,29.75,118.25,-5.6,133.0
2024-01-23 00:00:00,29.75,118.25,-3.9,133.0
2024-01-23 01:00:00,29.75,118.25,-2.9,133.0
2024-01-23 02:00:00,29.75,118.25,-1.6,133.0
2024-01-23 03:00:00,29.75,118.25,-0.2,133.0
2024-01-23 04:00:00,29.75,118.25,1.1,133.0
2024-01-23 05:00:00,29.75,118.25,2.1,133.0
2024-01-23 06:00:00,29.75,118.25,2.7,133.0
2024-01-23 07:00:00,29.75,118.25,2.7,133.0
2024-01-23 08:00:00,29.75,118.25,2.2,133.0
2024-01-23 09:00:00,29.75,118.25,0.9,133.0
2024-01-23 10:00:00,29.75,118.25,-1.7,133.0
2024-01-23 11:00:00,29.75,118.25,-2.8,133.0
2024-01-23 12:00:00,29.75,118.25,-3.1,133.0
2024-01-23 13:00:00,29.75,118.25,-3.3,133.0
2024-01-23 14:00:00,29.75,118.25,-3.5,133.0
2024-01-23 15:00:00,29.75,118.25,-3.6,133.0
2024-01-23 16:00:00,29.75,118.25,-3.7,133.0
2024-01-23 17:00:00,29.75,118.25,-3.7,133.0
2024-01-23 18:00:00,29.75,118.25,-3.8,133.0
2024-01-23 19:00:00,29.75,118.25,-3.8,133.0
2024-01-23 20:00:00,29.75,118.25,-3.9,133.0
2024-01-23 21:00:00,29.75,118.25,-4.0,133.0
2024-01-23 22:00:00,29.75,118.25,-4.0,133.0
2024-01-23 23:00:00,29.75,118.25,-4.1,133.0
2024-01-24 00:00:00,29.75,118.25,-4.0,133.0
2024-01-24 01:00:00,29.75,118.25,-1.7,133.0
2024-01-24 02:00:00,29.75,118.25,0.2,133.0
2024-01-24 03:00:00,29.75,118.25,2.0,133.0
2024-01-24 04:00:00,29.75,118.25,3.5,133.0
2024-01-24 05:00:00,29.75,118.25,4.5,133.0
2024-01-24 06:00:00,29.75,118.25,4.9,133.0
2024-01-24 07:00:00,29.75,118.25,4.8,133.0
2024-01-24 08:00:00,29.75,118.25,4.3,133.0
2024-01-24 09:00:00,29.75,118.25,2.1,133.0
2024-01-24 10:00:00,29.75,118.25,-0.9,133.0
2024-01-24 11:00:00,29.75,118.25,-2.3,133.0
2024-01-24 12:00:00,29.75,118.25,-2.0,133.0
2024-01-24 13:00:00,29.75,118.25,-2.3,133.0
2024-01-24 14:00:00,29.75,118.25,-2.5,133.0
2024-01-24 15:00:00,29.75,118.25,-2.7,133.0
2024-01-24 16:00:00,29.75,118.25,-2.9,133.0
2024-01-24 17:00:00,29.75,118.25,-3.0,133.0
2024-01-24 18:00:00,29.75,118.25,-3.0,133.0
2024-01-24 19:00:00,29.75,118.25,-3.7,133.0
2024-01-24 20:00:00,29.75,118.25,-4.1,133.0
2024-01-24 21:00:00,29.75,118.25,-4.2,133.0
2024-01-24 22:00:00,29.75,118.25,-4.3,133.0
2024-01-24 23:00:00,29.75,118.25,-4.1,133.0
2024-01-22 00:00:00,29.75,118.5,-2.9,332.0
2024-01-22 01:00:00,29.75,118.5,-2.7,332.0
2024-01-22 02:00:00,29.75,118.5,-2.2,332.0
2024-01-22 03:00:00,29.75,118.5,-1.4,332.0
2024-01-22 04:00:00,29.75,118.5,-1.5,332.0
2024-01-22 05:00:00,29.75,118.5,-1.6,332.0
2024-01-22 06:00:00,29.75,118.5,-1.6,332.0
2024-01-22 07:00:00,29.75,118.5,-2.3,332.0
2024-01-22 08:00:00,29.75,118.5,-2.5,332.0
2024-01-22 09:00:00,29.75,118.5,-2.7,332.0
2024-01-22 10:00:00,29.75,118.5,-3.4,332.0
2024-01-22 11:00:00,29.75,118.5,-3.7,332.0
2024-01-22 12:00:00,29.75,118.5,-4.0,332.0
2024-01-22 13:00:00,29.75,118.5,-4.3,332.0
2024-01-22 14:00:00,29.75,118.5,-4.7,332.0
2024-01-22 15:00:00,29.75,118.5,-4.4,332.0
2024-01-22 16:00:00,29.75,118.5,-4.7,332.0
2024-01-22 17:00:00,29.75,118.5,-6.0,332.0
2024-01-22 18:00:00,29.75,118.5,-6.6,332.0
2024-01-22 19:00:00,29.75,118.5,-7.0,332.0
2024-01-22 20:00:00,29.75,118.5,-7.4,332.0
2024-01-22 21:00:00,29.75,118.5,-7.4,332.0
2024-01-22 22:00:00,29.75,118.5,-7.4,332.0
2024-01-22 23:00:00,29.75,118.5,-7.5,332.0
2024-01-23 00:00:00,29.75,118.5,-5.6,332.0
2024-01-23 01:00:00,29.75,118.5,-4.6,332.0
2024-01-23 02:00:00,29.75,118.5,-3.3,332.0
2024-01-23 03:00:00,29.75,118.5,-1.9,332.0
2024-01-23 04:00:00,29.75,118.5,-0.7,332.0
2024-01-23 05:00:00,29.75,118.5,0.2,332.0
2024-01-23 06:00:00,29.75,118.5,0.9,332.0
2024-01-23 07:00:00,29.75,118.5,0.8,332.0
2024-01-23 08:00:00,29.75,118.5,0.4,332.0
2024-01-23 09:00:00,29.75,118.5,-0.8,332.0
2024-01-23 10:00:00,29.75,118.5,-3.2,332.0
2024-01-23 11:00:00,29.75,118.5,-3.8,332.0
2024-01-23 12:00:00,29.75,118.5,-4.1,332.0
2024-01-23 13:00:00,29.75,118.5,-4.2,332.0
2024-01-23 14:00:00,29.75,118.5,-4.4,332.0
2024-01-23 15:00:00,29.75,118.5,-4.5,332.0
2024-01-23 16:00:00,29.75,118.5,-4.6,332.0
2024-01-23 17:00:00,29.75,118.5,-4.7,332.0
2024-01-23 18:00:00,29.75,118.5,-4.8,332.0
2024-01-23 19:00:00,29.75,118.5,-4.9,332.0
2024-01-23 20:00:00,29.75,118.5,-5.1,332.0
2024-01-23 21:00:00,29.75,118.5,-5.2,332.0
2024-01-23 22:00:00,29.75,118.5,-5.3,332.0
2024-01-23 23:00:00,29.75,118.5,-5.4,332.0
2024-01-24 00:00:00,29.75,118.5,-4.4,332.0
2024-01-24 01:00:00,29.75,118.5,-2.6,332.0
2024-01-24 02:00:00,29.75,118.5,-0.9,332.0
2024-01-24 03:00:00,29.75,118.5,0.8,332.0
2024-01-24 04:00:00,29.75,118.5,2.2,332.0
2024-01-24 05:00:00,29.75,118.5,3.1,332.0
2024-01-24 06:00:00,29.75,118.5,3.6,332.0
2024-01-24 07:00:00,29.75,118.5,3.6,332.0
2024-01-24 08:00:00,29.75,118.5,3.1,332.0
2024-01-24 09:00:00,29.75,118.5,1.3,332.0
2024-01-24 10:00:00,29.75,118.5,-0.7,332.0
2024-01-24 11:00:00,29.75,118.5,-1.4,332.0
2024-01-24 12:00:00,29.75,118.5,-1.5,332.0
2024-01-24 13:00:00,29.75,118.5,-1.6,332.0
2024-01-24 14:00:00,29.75,118.5,-1.9,332.0
2024-01-24 15:00:00,29.75,118.5,-2.2,332.0
2024-01-24 16:00:00,29.75,118.5,-2.4,332.0
2024-01-24 17:00:00,29.75,118.5,-2.7,332.0
2024-01-24 18:00:00,29.75,118.5,-2.8,332.0
2024-01-24 19:00:00,29.75,118.5,-3.3,332.0
2024-01-24 20:00:00,29.75,118.5,-3.5,332.0
2024-01-24 21:00:00,29.75,118.5,-3.6,332.0
2024-01-24 22:00:00,29.75,118.5,-3.6,332.0
2024-01-24 23:00:00,29.75,118.5,-3.6,332.0
2024-01-22 00:00:00,29.75,118.75,-2.1,254.0
2024-01-22 01:00:00,29.75,118.75,-2.1,254.0
2024-01-22 02:00:00,29.75,118.75,-1.8,254.0
2024-01-22 03:00:00,29.75,118.75,-1.1,254.0
2024-01-22 04:00:00,29.75,118.75,-0.9,254.0
2024-01-22 05:00:00,29.75,118.75,-1.0,254.0
2024-01-22 06:00:00,29.75,118.75,-0.7,254.0
2024-01-22 07:00:00,29.75,118.75,-1.1,254.0
2024-01-22 08:00:00,29.75,118.75,-1.8,254.0
2024-01-22 09:00:00,29.75,118.75,-2.1,254.0
2024-01-22 10:00:00,29.75,118.75,-2.8,254.0
2024-01-22 11:00:00,29.75,118.75,-3.1,254.0
2024-01-22 12:00:00,29.75,118.75,-3.4,254.0
2024-01-22 13:00:00,29.75,118.75,-3.8,254.0
2024-01-22 14:00:00,29.75,118.75,-4.2,254.0
2024-01-22 15:00:00,29.75,118.75,-3.9,254.0
2024-01-22 16:00:00,29.75,118.75,-4.5,254.0
2024-01-22 17:00:00,29.75,118.75,-5.6,254.0
2024-01-22 18:00:00,29.75,118.75,-6.2,254.0
2024-01-22 19:00:00,29.75,118.75,-6.6,254.0
2024-01-22 20:00:00,29.75,118.75,-7.0,254.0
2024-01-22 21:00:00,29.75,118.75,-7.0,254.0
2024-01-22 22:00:00,29.75,118.75,-7.0,254.0
2024-01-22 23:00:00,29.75,118.75,-7.1,254.0
2024-01-23 00:00:00,29.75,118.75,-4.9,254.0
2024-01-23 01:00:00,29.75,118.75,-3.8,254.0
2024-01-23 02:00:00,29.75,118.75,-2.6,254.0
2024-01-23 03:00:00,29.75,118.75,-1.4,254.0
2024-01-23 04:00:00,29.75,118.75,-0.2,254.0
2024-01-23 05:00:00,29.75,118.75,0.6,254.0
2024-01-23 06:00:00,29.75,118.75,1.1,254.0
2024-01-23 07:00:00,29.75,118.75,1.2,254.0
2024-01-23 08:00:00,29.75,118.75,0.5,254.0
2024-01-23 09:00:00,29.75,118.75,-0.6,254.0
2024-01-23 10:00:00,29.75,118.75,-2.5,254.0
2024-01-23 11:00:00,29.75,118.75,-2.9,254.0
2024-01-23 12:00:00,29.75,118.75,-3.0,254.0
2024-01-23 13:00:00,29.75,118.75,-3.2,254.0
2024-01-23 14:00:00,29.75,118.75,-3.4,254.0
2024-01-23 15:00:00,29.75,118.75,-3.5,254.0
2024-01-23 16:00:00,29.75,118.75,-3.7,254.0
2024-01-23 17:00:00,29.75,118.75,-3.9,254.0
2024-01-23 18:00:00,29.75,118.75,-4.1,254.0
2024-01-23 19:00:00,29.75,118.75,-4.3,254.0
2024-01-23 20:00:00,29.75,118.75,-4.6,254.0
2024-01-23 21:00:00,29.75,118.75,-4.7,254.0
2024-01-23 22:00:00,29.75,118.75,-4.9,254.0
2024-01-23 23:00:00,29.75,118.75,-4.9,254.0
2024-01-24 00:00:00,29.75,118.75,-3.8,254.0
2024-01-24 01:00:00,29.75,118.75,-1.7,254.0
2024-01-24 02:00:00,29.75,118.75,0.1,254.0
2024-01-24 03:00:00,29.75,118.75,1.8,254.0
2024-01-24 04:00:00,29.75,118.75,3.2,254.0
2024-01-24 05:00:00,29.75,118.75,4.1,254.0
2024-01-24 06:00:00,29.75,118.75,4.6,254.0
2024-01-24 07:00:00,29.75,118.75,4.4,254.0
2024-01-24 08:00:00,29.75,118.75,3.9,254.0
2024-01-24 09:00:00,29.75,118.75,1.9,254.0
2024-01-24 10:00:00,29.75,118.75,-0.1,254.0
2024-01-24 11:00:00,29.75,118.75,-0.6,254.0
2024-01-24 12:00:00,29.75,118.75,-0.9,254.0
2024-01-24 13:00:00,29.75,118.75,-0.9,254.0
2024-01-24 14:00:00,29.75,118.75,-1.3,254.0
2024-01-24 15:00:00,29.75,118.75,-1.5,254.0
2024-01-24 16:00:00,29.75,118.75,-1.7,254.0
2024-01-24 17:00:00,29.75,118.75,-2.0,254.0
2024-01-24 18:00:00,29.75,118.75,-2.0,254.0
2024-01-24 19:00:00,29.75,118.75,-2.1,254.0
2024-01-24 20:00:00,29.75,118.75,-2.7,254.0
2024-01-24 21:00:00,29.75,118.75,-2.8,254.0
2024-01-24 22:00:00,29.75,118.75,-2.9,254.0
2024-01-24 23:00:00,29.75,118.75,-2.9,254.0
2024-01-22 00:00:00,29.75,119.0,-2.3,493.0
2024-01-22 01:00:00,29.75,119.0,-2.9,493.0
2024-01-22 02:00:00,29.75,119.0,-2.7,493.0
2024-01-22 03:00:00,29.75,119.0,-2.3,493.0
2024-01-22 04:00:00,29.75,119.0,-2.2,493.0
2024-01-22 05:00:00,29.75,119.0,-2.0,493.0
2024-01-22 06:00:00,29.75,119.0,-2.0,493.0
2024-01-22 07:00:00,29.75,119.0,-2.5,493.0
2024-01-22 08:00:00,29.75,119.0,-3.3,493.0
2024-01-22 09:00:00,29.75,119.0,-3.7,493.0
2024-01-22 10:00:00,29.75,119.0,-4.0,493.0
2024-01-22 11:00:00,29.75,119.0,-4.1,493.0
2024-01-22 12:00:00,29.75,119.0,-4.7,493.0
2024-01-22 13:00:00,29.75,119.0,-5.0,493.0
2024-01-22 14:00:00,29.75,119.0,-5.3,493.0
2024-01-22 15:00:00,29.75,119.0,-5.5,493.0
2024-01-22 16:00:00,29.75,119.0,-6.6,493.0
2024-01-22 17:00:00,29.75,119.0,-7.6,493.0
2024-01-22 18:00:00,29.75,119.0,-8.8,493.0
2024-01-22 19:00:00,29.75,119.0,-9.3,493.0
2024-01-22 20:00:00,29.75,119.0,-10.0,493.0
2024-01-22 21:00:00,29.75,119.0,-10.1,493.0
2024-01-22 22:00:00,29.75,119.0,-10.2,493.0
2024-01-22 23:00:00,29.75,119.0,-10.4,493.0
2024-01-23 00:00:00,29.75,119.0,-5.9,493.0
2024-01-23 01:00:00,29.75,119.0,-4.8,493.0
2024-01-23 02:00:00,29.75,119.0,-3.3,493.0
2024-01-23 03:00:00,29.75,119.0,-2.3,493.0
2024-01-23 04:00:00,29.75,119.0,-1.0,493.0
2024-01-23 05:00:00,29.75,119.0,0.1,493.0
2024-01-23 06:00:00,29.75,119.0,1.1,493.0
2024-01-23 07:00:00,29.75,119.0,1.0,493.0
2024-01-23 08:00:00,29.75,119.0,0.4,493.0
2024-01-23 09:00:00,29.75,119.0,-1.1,493.0
2024-01-23 10:00:00,29.75,119.0,-3.5,493.0
2024-01-23 11:00:00,29.75,119.0,-4.0,493.0
2024-01-23 12:00:00,29.75,119.0,-4.3,493.0
2024-01-23 13:00:00,29.75,119.0,-4.5,493.0
2024-01-23 14:00:00,29.75,119.0,-4.7,493.0
2024-01-23 15:00:00,29.75,119.0,-4.8,493.0
2024-01-23 16:00:00,29.75,119.0,-5.0,493.0
2024-01-23 17:00:00,29.75,119.0,-5.0,493.0
2024-01-23 18:00:00,29.75,119.0,-5.2,493.0
2024-01-23 19:00:00,29.75,119.0,-5.3,493.0
2024-01-23 20:00:00,29.75,119.0,-5.5,493.0
2024-01-23 21:00:00,29.75,119.0,-5.7,493.0
2024-01-23 22:00:00,29.75,119.0,-5.8,493.0
2024-01-23 23:00:00,29.75,119.0,-5.9,493.0
2024-01-24 00:00:00,29.75,119.0,-4.7,493.0
2024-01-24 01:00:00,29.75,119.0,-2.8,493.0
2024-01-24 02:00:00,29.75,119.0,-0.8,493.0
2024-01-24 03:00:00,29.75,119.0,1.1,493.0
2024-01-24 04:00:00,29.75,119.0,2.1,493.0
2024-01-24 05:00:00,29.75,119.0,2.6,493.0
2024-01-24 06:00:00,29.75,119.0,2.7,493.0
2024-01-24 07:00:00,29.75,119.0,2.7,493.0
2024-01-24 08:00:00,29.75,119.0,2.1,493.0
2024-01-24 09:00:00,29.75,119.0,-0.3,493.0
2024-01-24 10:00:00,29.75,119.0,-2.1,493.0
2024-01-24 11:00:00,29.75,119.0,-2.3,493.0
2024-01-24 12:00:00,29.75,119.0,-2.7,493.0
2024-01-24 13:00:00,29.75,119.0,-2.6,493.0
2024-01-24 14:00:00,29.75,119.0,-2.8,493.0
2024-01-24 15:00:00,29.75,119.0,-3.1,493.0
2024-01-24 16:00:00,29.75,119.0,-3.2,493.0
2024-01-24 17:00:00,29.75,119.0,-3.2,493.0
2024-01-24 18:00:00,29.75,119.0,-3.2,493.0
2024-01-24 19:00:00,29.75,119.0,-3.3,493.0
2024-01-24 20:00:00,29.75,119.0,-3.9,493.0
2024-01-24 21:00:00,29.75,119.0,-4.1,493.0
2024-01-24 22:00:00,29.75,119.0,-4.3,493.0
2024-01-24 23:00:00,29.75,119.0,-4.4,493.0
2024-01-22 00:00:00,29.75,119.25,-3.5,557.0
2024-01-22 01:00:00,29.75,119.25,-3.8,557.0
2024-01-22 02:00:00,29.75,119.25,-3.6,557.0
2024-01-22 03:00:00,29.75,119.25,-3.3,557.0
2024-01-22 04:00:00,29.75,119.25,-3.0,557.0
2024-01-22 05:00:00,29.75,119.25,-3.1,557.0
2024-01-22 06:00:00,29.75,119.25,-2.9,557.0
2024-01-22 07:00:00,29.75,119.25,-3.2,557.0
2024-01-22 08:00:00,29.75,119.25,-4.1,557.0
2024-01-22 09:00:00,29.75,119.25,-4.5,557.0
2024-01-22 10:00:00,29.75,119.25,-5.1,557.0
2024-01-22 11:00:00,29.75,119.25,-5.4,557.0
2024-01-22 12:00:00,29.75,119.25,-5.6,557.0
2024-01-22 13:00:00,29.75,119.25,-5.8,557.0
2024-01-22 14:00:00,29.75,119.25,-5.9,557.0
2024-01-22 15:00:00,29.75,119.25,-6.2,557.0
2024-01-22 16:00:00,29.75,119.25,-6.2,557.0
2024-01-22 17:00:00,29.75,119.25,-6.4,557.0
2024-01-22 18:00:00,29.75,119.25,-7.9,557.0
2024-01-22 19:00:00,29.75,119.25,-8.3,557.0
2024-01-22 20:00:00,29.75,119.25,-9.0,557.0
2024-01-22 21:00:00,29.75,119.25,-9.2,557.0
2024-01-22 22:00:00,29.75,119.25,-9.0,557.0
2024-01-22 23:00:00,29.75,119.25,-8.9,557.0
2024-01-23 00:00:00,29.75,119.25,-6.5,557.0
2024-01-23 01:00:00,29.75,119.25,-5.2,557.0
2024-01-23 02:00:00,29.75,119.25,-3.9,557.0
2024-01-23 03:00:00,29.75,119.25,-2.6,557.0
2024-01-23 04:00:00,29.75,119.25,-1.4,557.0
2024-01-23 05:00:00,29.75,119.25,-0.5,557.0
2024-01-23 06:00:00,29.75,119.25,0.4,557.0
2024-01-23 07:00:00,29.75,119.25,0.4,557.0
2024-01-23 08:00:00,29.75,119.25,-0.2,557.0
2024-01-23 09:00:00,29.75,119.25,-2.0,557.0
2024-01-23 10:00:00,29.75,119.25,-4.5,557.0
2024-01-23 11:00:00,29.75,119.25,-5.1,557.0
2024-01-23 12:00:00,29.75,119.25,-5.1,557.0
2024-01-23 13:00:00,29.75,119.25,-5.4,557.0
2024-01-23 14:00:00,29.75,119.25,-5.4,557.0
2024-01-23 15:00:00,29.75,119.25,-5.3,557.0
2024-01-23 16:00:00,29.75,119.25,-5.3,557.0
2024-01-23 17:00:00,29.75,119.25,-5.3,557.0
2024-01-23 18:00:00,29.75,119.25,-5.3,557.0
2024-01-23 19:00:00,29.75,119.25,-5.3,557.0
2024-01-23 20:00:00,29.75,119.25,-5.3,557.0
2024-01-23 21:00:00,29.75,119.25,-5.3,557.0
2024-01-23 22:00:00,29.75,119.25,-5.3,557.0
2024-01-23 23:00:00,29.75,119.25,-5.4,557.0
2024-01-24 00:00:00,29.75,119.25,-4.6,557.0
2024-01-24 01:00:00,29.75,119.25,-2.9,557.0
2024-01-24 02:00:00,29.75,119.25,-1.1,557.0
2024-01-24 03:00:00,29.75,119.25,0.2,557.0
2024-01-24 04:00:00,29.75,119.25,1.9,557.0
2024-01-24 05:00:00,29.75,119.25,2.7,557.0
2024-01-24 06:00:00,29.75,119.25,3.2,557.0
2024-01-24 07:00:00,29.75,119.25,2.9,557.0
2024-01-24 08:00:00,29.75,119.25,2.2,557.0
2024-01-24 09:00:00,29.75,119.25,-0.2,557.0
2024-01-24 10:00:00,29.75,119.25,-2.8,557.0
2024-01-24 11:00:00,29.75,119.25,-2.9,557.0
2024-01-24 12:00:00,29.75,119.25,-3.5,557.0
2024-01-24 13:00:00,29.75,119.25,-3.9,557.0
2024-01-24 14:00:00,29.75,119.25,-3.7,557.0
2024-01-24 15:00:00,29.75,119.25,-3.9,557.0
2024-01-24 16:00:00,29.75,119.25,-4.2,557.0
2024-01-24 17:00:00,29.75,119.25,-4.2,557.0
2024-01-24 18:00:00,29.75,119.25,-4.2,557.0
2024-01-24 19:00:00,29.75,119.25,-4.2,557.0
2024-01-24 20:00:00,29.75,119.25,-4.6,557.0
2024-01-24 21:00:00,29.75,119.25,-4.9,557.0
2024-01-24 22:00:00,29.75,119.25,-5.0,557.0
2024-01-24 23:00:00,29.75,119.25,-5.1,557.0
2024-01-22 00:00:00,29.75,119.5,-2.0,328.0
2024-01-22 01:00:00,29.75,119.5,-2.3,328.0
2024-01-22 02:00:00,29.75,119.5,-2.2,328.0
2024-01-22 03:00:00,29.75,119.5,-2.0,328.0
2024-01-22 04:00:00,29.75,119.5,-1.8,328.0
2024-01-22 05:00:00,29.75,119.5,-1.6,328.0
2024-01-22 06:00:00,29.75,119.5,-2.2,328.0
2024-01-22 07:00:00,29.75,119.5,-2.0,328.0
2024-01-22 08:00:00,29.75,119.5,-3.1,328.0
2024-01-22 09:00:00,29.75,119.5,-3.4,328.0
2024-01-22 10:00:00,29.75,119.5,-4.3,328.0
2024-01-22 11:00:00,29.75,119.5,-4.3,328.0
2024-01-22 12:00:00,29.75,119.5,-4.5,328.0
2024-01-22 13:00:00,29.75,119.5,-4.6,328.0
2024-01-22 14:00:00,29.75,119.5,-4.7,328.0
2024-01-22 15:00:00,29.75,119.5,-5.0,328.0
2024-01-22 16:00:00,29.75,119.5,-5.1,328.0
2024-01-22 17:00:00,29.75,119.5,-5.4,328.0
2024-01-22 18:00:00,29.75,119.5,-7.2,328.0
2024-01-22 19:00:00,29.75,119.5,-7.6,328.0
2024-01-22 20:00:00,29.75,119.5,-9.1,328.0
2024-01-22 21:00:00,29.75,119.5,-9.4,328.0
2024-01-22 22:00:00,29.75,119.5,-9.4,328.0
2024-01-22 23:00:00,29.75,119.5,-9.6,328.0
2024-01-23 00:00:00,29.75,119.5,-5.6,328.0
2024-01-23 01:00:00,29.75,119.5,-4.5,328.0
2024-01-23 02:00:00,29.75,119.5,-3.2,328.0
2024-01-23 03:00:00,29.75,119.5,-1.6,328.0
2024-01-23 04:00:00,29.75,119.5,-0.3,328.0
2024-01-23 05:00:00,29.75,119.5,0.5,328.0
2024-01-23 06:00:00,29.75,119.5,0.7,328.0
2024-01-23 07:00:00,29.75,119.5,0.6,328.0
2024-01-23 08:00:00,29.75,119.5,-0.1,328.0
2024-01-23 09:00:00,29.75,119.5,-1.5,328.0
2024-01-23 10:00:00,29.75,119.5,-3.3,328.0
2024-01-23 11:00:00,29.75,119.5,-3.7,328.0
2024-01-23 12:00:00,29.75,119.5,-3.7,328.0
2024-01-23 13:00:00,29.75,119.5,-3.8,328.0
2024-01-23 14:00:00,29.75,119.5,-3.9,328.0
2024-01-23 15:00:00,29.75,119.5,-4.1,328.0
2024-01-23 16:00:00,29.75,119.5,-4.2,328.0
2024-01-23 17:00:00,29.75,119.5,-4.2,328.0
2024-01-23 18:00:00,29.75,119.5,-4.2,328.0
2024-01-23 19:00:00,29.75,119.5,-4.2,328.0
2024-01-23 20:00:00,29.75,119.5,-4.3,328.0
2024-01-23 21:00:00,29.75,119.5,-4.5,328.0
2024-01-23 22:00:00,29.75,119.5,-4.6,328.0
2024-01-23 23:00:00,29.75,119.5,-4.8,328.0
2024-01-24 00:00:00,29.75,119.5,-3.7,328.0
2024-01-24 01:00:00,29.75,119.5,-1.9,328.0
2024-01-24 02:00:00,29.75,119.5,-0.0,328.0
2024-01-24 03:00:00,29.75,119.5,1.1,328.0
2024-01-24 04:00:00,29.75,119.5,2.4,328.0
2024-01-24 05:00:00,29.75,119.5,3.2,328.0
2024-01-24 06:00:00,29.75,119.5,3.7,328.0
2024-01-24 07:00:00,29.75,119.5,3.6,328.0
2024-01-24 08:00:00,29.75,119.5,3.0,328.0
2024-01-24 09:00:00,29.75,119.5,0.7,328.0
2024-01-24 10:00:00,29.75,119.5,-1.5,328.0
2024-01-24 11:00:00,29.75,119.5,-1.5,328.0
2024-01-24 12:00:00,29.75,119.5,-2.3,328.0
2024-01-24 13:00:00,29.75,119.5,-2.8,328.0
2024-01-24 14:00:00,29.75,119.5,-2.6,328.0
2024-01-24 15:00:00,29.75,119.5,-2.9,328.0
2024-01-24 16:00:00,29.75,119.5,-3.0,328.0
2024-01-24 17:00:00,29.75,119.5,-3.1,328.0
2024-01-24 18:00:00,29.75,119.5,-3.2,328.0
2024-01-24 19:00:00,29.75,119.5,-3.2,328.0
2024-01-24 20:00:00,29.75,119.5,-3.3,328.0
2024-01-24 21:00:00,29.75,119.5,-3.8,328.0
2024-01-24 22:00:00,29.75,119.5,-3.9,328.0
2024-01-24 23:00:00,29.75,119.5,-4.0,328.0
2024-01-22 00:00:00,29.75,119.75,-3.9,561.0
2024-01-22 01:00:00,29.75,119.75,-3.8,561.0
2024-01-22 02:00:00,29.75,119.75,-4.2,561.0
2024-01-22 03:00:00,29.75,119.75,-4.0,561.0
2024-01-22 04:00:00,29.75,119.75,-3.7,561.0
2024-01-22 05:00:00,29.75,119.75,-3.7,561.0
2024-01-22 06:00:00,29.75,119.75,-4.0,561.0
2024-01-22 07:00:00,29.75,119.75,-3.7,561.0
2024-01-22 08:00:00,29.75,119.75,-5.1,561.0
2024-01-22 09:00:00,29.75,119.75,-5.3,561.0
2024-01-22 10:00:00,29.75,119.75,-5.2,561.0
2024-01-22 11:00:00,29.75,119.75,-5.5,561.0
2024-01-22 12:00:00,29.75,119.75,-6.1,561.0
2024-01-22 13:00:00,29.75,119.75,-6.2,561.0
2024-01-22 14:00:00,29.75,119.75,-6.1,561.0
2024-01-22 15:00:00,29.75,119.75,-6.3,561.0
2024-01-22 16:00:00,29.75,119.75,-6.3,561.0
2024-01-22 17:00:00,29.75,119.75,-6.6,561.0
2024-01-22 18:00:00,29.75,119.75,-7.1,561.0
2024-01-22 19:00:00,29.75,119.75,-7.3,561.0
2024-01-22 20:00:00,29.75,119.75,-8.1,561.0
2024-01-22 21:00:00,29.75,119.75,-8.5,561.0
2024-01-22 22:00:00,29.75,119.75,-8.8,561.0
2024-01-22 23:00:00,29.75,119.75,-9.0,561.0
2024-01-23 00:00:00,29.75,119.75,-7.2,561.0
2024-01-23 01:00:00,29.75,119.75,-6.1,561.0
2024-01-23 02:00:00,29.75,119.75,-4.8,561.0
2024-01-23 03:00:00,29.75,119.75,-3.5,561.0
2024-01-23 04:00:00,29.75,119.75,-2.4,561.0
2024-01-23 05:00:00,29.75,119.75,-1.6,561.0
2024-01-23 06:00:00,29.75,119.75,-1.3,561.0
2024-01-23 07:00:00,29.75,119.75,-1.2,561.0
2024-01-23 08:00:00,29.75,119.75,-1.7,561.0
2024-01-23 09:00:00,29.75,119.75,-2.8,561.0
2024-01-23 10:00:00,29.75,119.75,-4.4,561.0
2024-01-23 11:00:00,29.75,119.75,-4.9,561.0
2024-01-23 12:00:00,29.75,119.75,-5.0,561.0
2024-01-23 13:00:00,29.75,119.75,-5.2,561.0
2024-01-23 14:00:00,29.75,119.75,-5.3,561.0
2024-01-23 15:00:00,29.75,119.75,-5.4,561.0
2024-01-23 16:00:00,29.75,119.75,-5.5,561.0
2024-01-23 17:00:00,29.75,119.75,-5.4,561.0
2024-01-23 18:00:00,29.75,119.75,-5.5,561.0
2024-01-23 19:00:00,29.75,119.75,-5.5,561.0
2024-01-23 20:00:00,29.75,119.75,-5.6,561.0
2024-01-23 21:00:00,29.75,119.75,-5.8,561.0
2024-01-23 22:00:00,29.75,119.75,-5.8,561.0
2024-01-23 23:00:00,29.75,119.75,-5.9,561.0
2024-01-24 00:00:00,29.75,119.75,-5.1,561.0
2024-01-24 01:00:00,29.75,119.75,-3.4,561.0
2024-01-24 02:00:00,29.75,119.75,-1.7,561.0
2024-01-24 03:00:00,29.75,119.75,-0.5,561.0
2024-01-24 04:00:00,29.75,119.75,0.7,561.0
2024-01-24 05:00:00,29.75,119.75,1.5,561.0
2024-01-24 06:00:00,29.75,119.75,2.3,561.0
2024-01-24 07:00:00,29.75,119.75,2.1,561.0
2024-01-24 08:00:00,29.75,119.75,1.4,561.0
2024-01-24 09:00:00,29.75,119.75,-0.7,561.0
2024-01-24 10:00:00,29.75,119.75,-3.1,561.0
2024-01-24 11:00:00,29.75,119.75,-3.2,561.0
2024-01-24 12:00:00,29.75,119.75,-3.5,561.0
2024-01-24 13:00:00,29.75,119.75,-3.9,561.0
2024-01-24 14:00:00,29.75,119.75,-3.6,561.0
2024-01-24 15:00:00,29.75,119.75,-3.6,561.0
2024-01-24 16:00:00,29.75,119.75,-3.6,561.0
2024-01-24 17:00:00,29.75,119.75,-3.5,561.0
2024-01-24 18:00:00,29.75,119.75,-3.6,561.0
2024-01-24 19:00:00,29.75,119.75,-3.7,561.0
2024-01-24 20:00:00,29.75,119.75,-4.2,561.0
2024-01-24 21:00:00,29.75,119.75,-4.4,561.0
2024-01-24 22:00:00,29.75,119.75,-4.5,561.0
2024-01-24 23:00:00,29.75,119.75,-4.6,561.0
2024-01-22 00:00:00,29.75,120.0,-2.4,378.0
2024-01-22 01:00:00,29.75,120.0,-2.2,378.0
2024-01-22 02:00:00,29.75,120.0,-2.7,378.0
2024-01-22 03:00:00,29.75,120.0,-2.6,378.0
2024-01-22 04:00:00,29.75,120.0,-2.3,378.0
2024-01-22 05:00:00,29.75,120.0,-2.1,378.0
2024-01-22 06:00:00,29.75,120.0,-2.4,378.0
2024-01-22 07:00:00,29.75,120.0,-1.7,378.0
2024-01-22 08:00:00,29.75,120.0,-2.8,378.0
2024-01-22 09:00:00,29.75,120.0,-3.3,378.0
2024-01-22 10:00:00,29.75,120.0,-4.0,378.0
2024-01-22 11:00:00,29.75,120.0,-4.4,378.0
2024-01-22 12:00:00,29.75,120.0,-4.5,378.0
2024-01-22 13:00:00,29.75,120.0,-4.5,378.0
2024-01-22 14:00:00,29.75,120.0,-4.6,378.0
2024-01-22 15:00:00,29.75,120.0,-4.9,378.0
2024-01-22 16:00:00,29.75,120.0,-4.9,378.0
2024-01-22 17:00:00,29.75,120.0,-5.4,378.0
2024-01-22 18:00:00,29.75,120.0,-5.7,378.0
2024-01-22 19:00:00,29.75,120.0,-5.9,378.0
2024-01-22 20:00:00,29.75,120.0,-6.4,378.0
2024-01-22 21:00:00,29.75,120.0,-6.7,378.0
2024-01-22 22:00:00,29.75,120.0,-6.8,378.0
2024-01-22 23:00:00,29.75,120.0,-6.9,378.0
2024-01-23 00:00:00,29.75,120.0,-5.8,378.0
2024-01-23 01:00:00,29.75,120.0,-4.3,378.0
2024-01-23 02:00:00,29.75,120.0,-3.0,378.0
2024-01-23 03:00:00,29.75,120.0,-1.8,378.0
2024-01-23 04:00:00,29.75,120.0,-0.6,378.0
2024-01-23 05:00:00,29.75,120.0,-0.0,378.0
2024-01-23 06:00:00,29.75,120.0,-0.0,378.0
2024-01-23 07:00:00,29.75,120.0,0.1,378.0
2024-01-23 08:00:00,29.75,120.0,-0.2,378.0
2024-01-23 09:00:00,29.75,120.0,-1.1,378.0
2024-01-23 10:00:00,29.75,120.0,-3.1,378.0
2024-01-23 11:00:00,29.75,120.0,-4.0,378.0
2024-01-23 12:00:00,29.75,120.0,-4.2,378.0
2024-01-23 13:00:00,29.75,120.0,-4.4,378.0
2024-01-23 14:00:00,29.75,120.0,-4.5,378.0
2024-01-23 15:00:00,29.75,120.0,-4.5,378.0
2024-01-23 16:00:00,29.75,120.0,-4.6,378.0
2024-01-23 17:00:00,29.75,120.0,-4.6,378.0
2024-01-23 18:00:00,29.75,120.0,-4.6,378.0
2024-01-23 19:00:00,29.75,120.0,-4.7,378.0
2024-01-23 20:00:00,29.75,120.0,-4.7,378.0
2024-01-23 21:00:00,29.75,120.0,-4.7,378.0
2024-01-23 22:00:00,29.75,120.0,-4.7,378.0
2024-01-23 23:00:00,29.75,120.0,-4.7,378.0
2024-01-24 00:00:00,29.75,120.0,-4.0,378.0
2024-01-24 01:00:00,29.75,120.0,-2.2,378.0
2024-01-24 02:00:00,29.75,120.0,-0.3,378.0
2024-01-24 03:00:00,29.75,120.0,1.2,378.0
2024-01-24 04:00:00,29.75,120.0,2.0,378.0
2024-01-24 05:00:00,29.75,120.0,2.9,378.0
2024-01-24 06:00:00,29.75,120.0,3.5,378.0
2024-01-24 07:00:00,29.75,120.0,3.3,378.0
2024-01-24 08:00:00,29.75,120.0,2.6,378.0
2024-01-24 09:00:00,29.75,120.0,0.4,378.0
2024-01-24 10:00:00,29.75,120.0,-2.1,378.0
2024-01-24 11:00:00,29.75,120.0,-2.5,378.0
2024-01-24 12:00:00,29.75,120.0,-2.6,378.0
2024-01-24 13:00:00,29.75,120.0,-2.9,378.0
2024-01-24 14:00:00,29.75,120.0,-2.7,378.0
2024-01-24 15:00:00,29.75,120.0,-2.8,378.0
2024-01-24 16:00:00,29.75,120.0,-2.7,378.0
2024-01-24 17:00:00,29.75,120.0,-2.7,378.0
2024-01-24 18:00:00,29.75,120.0,-2.9,378.0
2024-01-24 19:00:00,29.75,120.0,-2.9,378.0
2024-01-24 20:00:00,29.75,120.0,-3.1,378.0
2024-01-24 21:00:00,29.75,120.0,-3.4,378.0
2024-01-24 22:00:00,29.75,120.0,-3.5,378.0
2024-01-24 23:00:00,29.75,120.0,-3.6,378.0
2024-01-22 00:00:00,29.75,120.25,0.4,7.0
2024-01-22 01:00:00,29.75,120.25,0.6,7.0
2024-01-22 02:00:00,29.75,120.25,0.4,7.0
2024-01-22 03:00:00,29.75,120.25,0.5,7.0
2024-01-22 04:00:00,29.75,120.25,0.8,7.0
2024-01-22 05:00:00,29.75,120.25,1.1,7.0
2024-01-22 06:00:00,29.75,120.25,0.9,7.0
2024-01-22 07:00:00,29.75,120.25,1.3,7.0
2024-01-22 08:00:00,29.75,120.25,0.6,7.0
2024-01-22 09:00:00,29.75,120.25,0.1,7.0
2024-01-22 10:00:00,29.75,120.25,-0.9,7.0
2024-01-22 11:00:00,29.75,120.25,-1.2,7.0
2024-01-22 12:00:00,29.75,120.25,-1.4,7.0
2024-01-22 13:00:00,29.75,120.25,-1.4,7.0
2024-01-22 14:00:00,29.75,120.25,-1.6,7.0
2024-01-22 15:00:00,29.75,120.25,-2.0,7.0
2024-01-22 16:00:00,29.75,120.25,-2.2,7.0
2024-01-22 17:00:00,29.75,120.25,-2.7,7.0
2024-01-22 18:00:00,29.75,120.25,-2.9,7.0
2024-01-22 19:00:00,29.75,120.25,-3.2,7.0
2024-01-22 20:00:00,29.75,120.25,-3.9,7.0
2024-01-22 21:00:00,29.75,120.25,-4.1,7.0
2024-01-22 22:00:00,29.75,120.25,-4.2,7.0
2024-01-22 23:00:00,29.75,120.25,-4.3,7.0
2024-01-23 00:00:00,29.75,120.25,-3.5,7.0
2024-01-23 01:00:00,29.75,120.25,-2.4,7.0
2024-01-23 02:00:00,29.75,120.25,-1.0,7.0
2024-01-23 03:00:00,29.75,120.25,0.2,7.0
2024-01-23 04:00:00,29.75,120.25,1.4,7.0
2024-01-23 05:00:00,29.75,120.25,2.4,7.0
2024-01-23 06:00:00,29.75,120.25,2.5,7.0
2024-01-23 07:00:00,29.75,120.25,2.5,7.0
2024-01-23 08:00:00,29.75,120.25,1.9,7.0
2024-01-23 09:00:00,29.75,120.25,0.2,7.0
2024-01-23 10:00:00,29.75,120.25,-1.5,7.0
2024-01-23 11:00:00,29.75,120.25,-2.1,7.0
2024-01-23 12:00:00,29.75,120.25,-2.3,7.0
2024-01-23 13:00:00,29.75,120.25,-2.5,7.0
2024-01-23 14:00:00,29.75,120.25,-2.5,7.0
2024-01-23 15:00:00,29.75,120.25,-2.6,7.0
2024-01-23 16:00:00,29.75,120.25,-2.7,7.0
2024-01-23 17:00:00,29.75,120.25,-2.7,7.0
2024-01-23 18:00:00,29.75,120.25,-2.7,7.0
2024-01-23 19:00:00,29.75,120.25,-2.8,7.0
2024-01-23 20:00:00,29.75,120.25,-2.8,7.0
2024-01-23 21:00:00,29.75,120.25,-2.8,7.0
2024-01-23 22:00:00,29.75,120.25,-2.8,7.0
2024-01-23 23:00:00,29.75,120.25,-2.8,7.0
2024-01-24 00:00:00,29.75,120.25,-1.9,7.0
2024-01-24 01:00:00,29.75,120.25,-0.5,7.0
2024-01-24 02:00:00,29.75,120.25,0.8,7.0
2024-01-24 03:00:00,29.75,120.25,2.3,7.0
2024-01-24 04:00:00,29.75,120.25,3.4,7.0
2024-01-24 05:00:00,29.75,120.25,4.3,7.0
2024-01-24 06:00:00,29.75,120.25,5.1,7.0
2024-01-24 07:00:00,29.75,120.25,5.1,7.0
2024-01-24 08:00:00,29.75,120.25,4.7,7.0
2024-01-24 09:00:00,29.75,120.25,2.9,7.0
2024-01-24 10:00:00,29.75,120.25,0.6,7.0
2024-01-24 11:00:00,29.75,120.25,0.0,7.0
2024-01-24 12:00:00,29.75,120.25,-0.2,7.0
2024-01-24 13:00:00,29.75,120.25,-0.6,7.0
2024-01-24 14:00:00,29.75,120.25,-0.7,7.0
2024-01-24 15:00:00,29.75,120.25,-0.7,7.0
2024-01-24 16:00:00,29.75,120.25,-0.6,7.0
2024-01-24 17:00:00,29.75,120.25,-0.3,7.0
2024-01-24 18:00:00,29.75,120.25,-0.6,7.0
2024-01-24 19:00:00,29.75,120.25,-0.7,7.0
2024-01-24 20:00:00,29.75,120.25,-0.9,7.0
2024-01-24 21:00:00,29.75,120.25,-1.2,7.0
2024-01-24 22:00:00,29.75,120.25,-1.3,7.0
2024-01-24 23:00:00,29.75,120.25,-1.5,7.0
2024-01-22 00:00:00,29.75,120.5,-1.8,321.0
2024-01-22 01:00:00,29.75,120.5,-1.7,321.0
2024-01-22 02:00:00,29.75,120.5,-1.7,321.0
2024-01-22 03:00:00,29.75,120.5,-1.9,321.0
2024-01-22 04:00:00,29.75,120.5,-1.7,321.0
2024-01-22 05:00:00,29.75,120.5,-1.7,321.0
2024-01-22 06:00:00,29.75,120.5,-1.7,321.0
2024-01-22 07:00:00,29.75,120.5,-1.7,321.0
2024-01-22 08:00:00,29.75,120.5,-2.2,321.0
2024-01-22 09:00:00,29.75,120.5,-3.0,321.0
2024-01-22 10:00:00,29.75,120.5,-3.8,321.0
2024-01-22 11:00:00,29.75,120.5,-3.9,321.0
2024-01-22 12:00:00,29.75,120.5,-3.9,321.0
2024-01-22 13:00:00,29.75,120.5,-3.9,321.0
2024-01-22 14:00:00,29.75,120.5,-4.2,321.0
2024-01-22 15:00:00,29.75,120.5,-4.4,321.0
2024-01-22 16:00:00,29.75,120.5,-4.7,321.0
2024-01-22 17:00:00,29.75,120.5,-4.9,321.0
2024-01-22 18:00:00,29.75,120.5,-5.4,321.0
2024-01-22 19:00:00,29.75,120.5,-5.6,321.0
2024-01-22 20:00:00,29.75,120.5,-6.3,321.0
2024-01-22 21:00:00,29.75,120.5,-6.6,321.0
2024-01-22 22:00:00,29.75,120.5,-6.7,321.0
2024-01-22 23:00:00,29.75,120.5,-6.8,321.0
2024-01-23 00:00:00,29.75,120.5,-5.7,321.0
2024-01-23 01:00:00,29.75,120.5,-4.7,321.0
2024-01-23 02:00:00,29.75,120.5,-3.5,321.0
2024-01-23 03:00:00,29.75,120.5,-2.4,321.0
2024-01-23 04:00:00,29.75,120.5,-1.5,321.0
2024-01-23 05:00:00,29.75,120.5,-0.8,321.0
2024-01-23 06:00:00,29.75,120.5,-0.7,321.0
2024-01-23 07:00:00,29.75,120.5,-0.7,321.0
2024-01-23 08:00:00,29.75,120.5,-1.1,321.0
2024-01-23 09:00:00,29.75,120.5,-1.9,321.0
2024-01-23 10:00:00,29.75,120.5,-3.3,321.0
2024-01-23 11:00:00,29.75,120.5,-3.6,321.0
2024-01-23 12:00:00,29.75,120.5,-3.8,321.0
2024-01-23 13:00:00,29.75,120.5,-3.9,321.0
2024-01-23 14:00:00,29.75,120.5,-4.1,321.0
2024-01-23 15:00:00,29.75,120.5,-4.2,321.0
2024-01-23 16:00:00,29.75,120.5,-4.3,321.0
2024-01-23 17:00:00,29.75,120.5,-4.3,321.0
2024-01-23 18:00:00,29.75,120.5,-4.3,321.0
2024-01-23 19:00:00,29.75,120.5,-4.4,321.0
2024-01-23 20:00:00,29.75,120.5,-4.5,321.0
2024-01-23 21:00:00,29.75,120.5,-4.6,321.0
2024-01-23 22:00:00,29.75,120.5,-4.7,321.0
2024-01-23 23:00:00,29.75,120.5,-4.8,321.0
2024-01-24 00:00:00,29.75,120.5,-3.7,321.0
2024-01-24 01:00:00,29.75,120.5,-2.5,321.0
2024-01-24 02:00:00,29.75,120.5,-1.3,321.0
2024-01-24 03:00:00,29.75,120.5,-0.1,321.0
2024-01-24 04:00:00,29.75,120.5,1.0,321.0
2024-01-24 05:00:00,29.75,120.5,1.9,321.0
2024-01-24 06:00:00,29.75,120.5,2.6,321.0
2024-01-24 07:00:00,29.75,120.5,2.4,321.0
2024-01-24 08:00:00,29.75,120.5,1.7,321.0
2024-01-24 09:00:00,29.75,120.5,-0.3,321.0
2024-01-24 10:00:00,29.75,120.5,-2.4,321.0
2024-01-24 11:00:00,29.75,120.5,-2.7,321.0
2024-01-24 12:00:00,29.75,120.5,-2.7,321.0
2024-01-24 13:00:00,29.75,120.5,-2.9,321.0
2024-01-24 14:00:00,29.75,120.5,-3.1,321.0
2024-01-24 15:00:00,29.75,120.5,-2.7,321.0
2024-01-24 16:00:00,29.75,120.5,-2.9,321.0
2024-01-24 17:00:00,29.75,120.5,-2.8,321.0
2024-01-24 18:00:00,29.75,120.5,-2.7,321.0
2024-01-24 19:00:00,29.75,120.5,-2.9,321.0
2024-01-24 20:00:00,29.75,120.5,-3.1,321.0
2024-01-24 21:00:00,29.75,120.5,-3.4,321.0
2024-01-24 22:00:00,29.75,120.5,-3.6,321.0
2024-01-24 23:00:00,29.75,120.5,-3.6,321.0
2024-01-22 00:00:00,29.75,120.75,-1.2,255.0
2024-01-22 01:00:00,29.75,120.75,-0.8,255.0
2024-01-22 02:00:00,29.75,120.75,-0.7,255.0
2024-01-22 03:00:00,29.75,120.75,-1.1,255.0
2024-01-22 04:00:00,29.75,120.75,-0.7,255.0
2024-01-22 05:00:00,29.75,120.75,-0.8,255.0
2024-01-22 06:00:00,29.75,120.75,-1.1,255.0
2024-01-22 07:00:00,29.75,120.75,-1.0,255.0
2024-01-22 08:00:00,29.75,120.75,-1.7,255.0
2024-01-22 09:00:00,29.75,120.75,-2.6,255.0
2024-01-22 10:00:00,29.75,120.75,-3.1,255.0
2024-01-22 11:00:00,29.75,120.75,-3.3,255.0
2024-01-22 12:00:00,29.75,120.75,-3.2,255.0
2024-01-22 13:00:00,29.75,120.75,-3.2,255.0
2024-01-22 14:00:00,29.75,120.75,-3.4,255.0
2024-01-22 15:00:00,29.75,120.75,-3.5,255.0
2024-01-22 16:00:00,29.75,120.75,-3.8,255.0
2024-01-22 17:00:00,29.75,120.75,-4.0,255.0
2024-01-22 18:00:00,29.75,120.75,-4.6,255.0
2024-01-22 19:00:00,29.75,120.75,-4.8,255.0
2024-01-22 20:00:00,29.75,120.75,-5.4,255.0
2024-01-22 21:00:00,29.75,120.75,-5.5,255.0
2024-01-22 22:00:00,29.75,120.75,-5.6,255.0
2024-01-22 23:00:00,29.75,120.75,-5.6,255.0
2024-01-23 00:00:00,29.75,120.75,-4.9,255.0
2024-01-23 01:00:00,29.75,120.75,-3.9,255.0
2024-01-23 02:00:00,29.75,120.75,-2.6,255.0
2024-01-23 03:00:00,29.75,120.75,-1.5,255.0
2024-01-23 04:00:00,29.75,120.75,-0.8,255.0
2024-01-23 05:00:00,29.75,120.75,-0.3,255.0
2024-01-23 06:00:00,29.75,120.75,-0.4,255.0
2024-01-23 07:00:00,29.75,120.75,-0.5,255.0
2024-01-23 08:00:00,29.75,120.75,-0.7,255.0
2024-01-23 09:00:00,29.75,120.75,-1.7,255.0
2024-01-23 10:00:00,29.75,120.75,-2.8,255.0
2024-01-23 11:00:00,29.75,120.75,-3.2,255.0
2024-01-23 12:00:00,29.75,120.75,-3.3,255.0
2024-01-23 13:00:00,29.75,120.75,-3.5,255.0
2024-01-23 14:00:00,29.75,120.75,-3.6,255.0
2024-01-23 15:00:00,29.75,120.75,-3.7,255.0
2024-01-23 16:00:00,29.75,120.75,-3.8,255.0
2024-01-23 17:00:00,29.75,120.75,-3.8,255.0
2024-01-23 18:00:00,29.75,120.75,-3.7,255.0
2024-01-23 19:00:00,29.75,120.75,-3.7,255.0
2024-01-23 20:00:00,29.75,120.75,-3.8,255.0
2024-01-23 21:00:00,29.75,120.75,-3.9,255.0
2024-01-23 22:00:00,29.75,120.75,-4.0,255.0
2024-01-23 23:00:00,29.75,120.75,-4.1,255.0
2024-01-24 00:00:00,29.75,120.75,-3.1,255.0
2024-01-24 01:00:00,29.75,120.75,-1.8,255.0
2024-01-24 02:00:00,29.75,120.75,-0.4,255.0
2024-01-24 03:00:00,29.75,120.75,0.8,255.0
2024-01-24 04:00:00,29.75,120.75,1.8,255.0
2024-01-24 05:00:00,29.75,120.75,2.4,255.0
2024-01-24 06:00:00,29.75,120.75,2.8,255.0
2024-01-24 07:00:00,29.75,120.75,2.6,255.0
2024-01-24 08:00:00,29.75,120.75,1.9,255.0
2024-01-24 09:00:00,29.75,120.75,-0.0,255.0
2024-01-24 10:00:00,29.75,120.75,-2.4,255.0
2024-01-24 11:00:00,29.75,120.75,-2.8,255.0
2024-01-24 12:00:00,29.75,120.75,-2.9,255.0
2024-01-24 13:00:00,29.75,120.75,-3.1,255.0
2024-01-24 14:00:00,29.75,120.75,-3.3,255.0
2024-01-24 15:00:00,29.75,120.75,-3.0,255.0
2024-01-24 16:00:00,29.75,120.75,-2.7,255.0
2024-01-24 17:00:00,29.75,120.75,-2.6,255.0
2024-01-24 18:00:00,29.75,120.75,-2.4,255.0
2024-01-24 19:00:00,29.75,120.75,-2.5,255.0
2024-01-24 20:00:00,29.75,120.75,-2.6,255.0
2024-01-24 21:00:00,29.75,120.75,-2.9,255.0
2024-01-24 22:00:00,29.75,120.75,-3.1,255.0
2024-01-24 23:00:00,29.75,120.75,-3.3,255.0
2024-01-22 00:00:00,29.75,121.0,-3.4,500.0
2024-01-22 01:00:00,29.75,121.0,-3.1,500.0
2024-01-22 02:00:00,29.75,121.0,-3.0,500.0
2024-01-22 03:00:00,29.75,121.0,-3.0,500.0
2024-01-22 04:00:00,29.75,121.0,-3.3,500.0
2024-01-22 05:00:00,29.75,121.0,-3.2,500.0
2024-01-22 06:00:00,29.75,121.0,-3.2,500.0
2024-01-22 07:00:00,29.75,121.0,-3.4,500.0
2024-01-22 08:00:00,29.75,121.0,-4.0,500.0
2024-01-22 09:00:00,29.75,121.0,-4.9,500.0
2024-01-22 10:00:00,29.75,121.0,-5.2,500.0
2024-01-22 11:00:00,29.75,121.0,-5.3,500.0
2024-01-22 12:00:00,29.75,121.0,-5.3,500.0
2024-01-22 13:00:00,29.75,121.0,-5.4,500.0
2024-01-22 14:00:00,29.75,121.0,-5.4,500.0
2024-01-22 15:00:00,29.75,121.0,-5.6,500.0
2024-01-22 16:00:00,29.75,121.0,-5.8,500.0
2024-01-22 17:00:00,29.75,121.0,-6.0,500.0
2024-01-22 18:00:00,29.75,121.0,-6.4,500.0
2024-01-22 19:00:00,29.75,121.0,-6.5,500.0
2024-01-22 20:00:00,29.75,121.0,-7.0,500.0
2024-01-22 21:00:00,29.75,121.0,-7.3,500.0
2024-01-22 22:00:00,29.75,121.0,-7.5,500.0
2024-01-22 23:00:00,29.75,121.0,-7.8,500.0
2024-01-23 00:00:00,29.75,121.0,-6.9,500.0
2024-01-23 01:00:00,29.75,121.0,-5.8,500.0
2024-01-23 02:00:00,29.75,121.0,-4.8,500.0
2024-01-23 03:00:00,29.75,121.0,-4.0,500.0
2024-01-23 04:00:00,29.75,121.0,-3.5,500.0
2024-01-23 05:00:00,29.75,121.0,-3.1,500.0
2024-01-23 06:00:00,29.75,121.0,-3.1,500.0
2024-01-23 07:00:00,29.75,121.0,-3.2,500.0
2024-01-23 08:00:00,29.75,121.0,-3.6,500.0
2024-01-23 09:00:00,29.75,121.0,-4.3,500.0
2024-01-23 10:00:00,29.75,121.0,-5.0,500.0
2024-01-23 11:00:00,29.75,121.0,-5.1,500.0
2024-01-23 12:00:00,29.75,121.0,-5.0,500.0
2024-01-23 13:00:00,29.75,121.0,-5.0,500.0
2024-01-23 14:00:00,29.75,121.0,-5.1,500.0
2024-01-23 15:00:00,29.75,121.0,-5.2,500.0
2024-01-23 16:00:00,29.75,121.0,-5.4,500.0
2024-01-23 17:00:00,29.75,121.0,-5.5,500.0
2024-01-23 18:00:00,29.75,121.0,-5.7,500.0
2024-01-23 19:00:00,29.75,121.0,-5.8,500.0
2024-01-23 20:00:00,29.75,121.0,-5.9,500.0
2024-01-23 21:00:00,29.75,121.0,-6.0,500.0
2024-01-23 22:00:00,29.75,121.0,-6.2,500.0
2024-01-23 23:00:00,29.75,121.0,-6.3,500.0
2024-01-24 00:00:00,29.75,121.0,-5.1,500.0
2024-01-24 01:00:00,29.75,121.0,-3.9,500.0
2024-01-24 02:00:00,29.75,121.0,-2.5,500.0
2024-01-24 03:00:00,29.75,121.0,-1.2,500.0
2024-01-24 04:00:00,29.75,121.0,-0.3,500.0
2024-01-24 05:00:00,29.75,121.0,0.4,500.0
2024-01-24 06:00:00,29.75,121.0,1.0,500.0
2024-01-24 07:00:00,29.75,121.0,0.5,500.0
2024-01-24 08:00:00,29.75,121.0,-0.4,500.0
2024-01-24 09:00:00,29.75,121.0,-2.0,500.0
2024-01-24 10:00:00,29.75,121.0,-4.0,500.0
2024-01-24 11:00:00,29.75,121.0,-4.2,500.0
2024-01-24 12:00:00,29.75,121.0,-4.4,500.0
2024-01-24 13:00:00,29.75,121.0,-4.2,500.0
2024-01-24 14:00:00,29.75,121.0,-4.4,500.0
2024-01-24 15:00:00,29.75,121.0,-4.4,500.0
2024-01-24 16:00:00,29.75,121.0,-3.8,500.0
2024-01-24 17:00:00,29.75,121.0,-3.9,500.0
2024-01-24 18:00:00,29.75,121.0,-4.1,500.0
2024-01-24 19:00:00,29.75,121.0,-4.1,500.0
2024-01-24 20:00:00,29.75,121.0,-3.9,500.0
2024-01-24 21:00:00,29.75,121.0,-3.9,500.0
2024-01-24 22:00:00,29.75,121.0,-4.3,500.0
2024-01-24 23:00:00,29.75,121.0,-4.5,500.0
2024-01-22 00:00:00,29.75,121.25,-2.6,505.0
2024-01-22 01:00:00,29.75,121.25,-2.2,505.0
2024-01-22 02:00:00,29.75,121.25,-2.2,505.0
2024-01-22 03:00:00,29.75,121.25,-2.3,505.0
2024-01-22 04:00:00,29.75,121.25,-2.7,505.0
2024-01-22 05:00:00,29.75,121.25,-2.6,505.0
2024-01-22 06:00:00,29.75,121.25,-2.5,505.0
2024-01-22 07:00:00,29.75,121.25,-2.6,505.0
2024-01-22 08:00:00,29.75,121.25,-2.8,505.0
2024-01-22 09:00:00,29.75,121.25,-3.8,505.0
2024-01-22 10:00:00,29.75,121.25,-4.2,505.0
2024-01-22 11:00:00,29.75,121.25,-4.3,505.0
2024-01-22 12:00:00,29.75,121.25,-4.4,505.0
2024-01-22 13:00:00,29.75,121.25,-4.5,505.0
2024-01-22 14:00:00,29.75,121.25,-4.6,505.0
2024-01-22 15:00:00,29.75,121.25,-4.9,505.0
2024-01-22 16:00:00,29.75,121.25,-5.0,505.0
2024-01-22 17:00:00,29.75,121.25,-5.3,505.0
2024-01-22 18:00:00,29.75,121.25,-5.7,505.0
2024-01-22 19:00:00,29.75,121.25,-5.9,505.0
2024-01-22 20:00:00,29.75,121.25,-6.3,505.0
2024-01-22 21:00:00,29.75,121.25,-6.7,505.0
2024-01-22 22:00:00,29.75,121.25,-6.7,505.0
2024-01-22 23:00:00,29.75,121.25,-6.7,505.0
2024-01-23 00:00:00,29.75,121.25,-6.1,505.0
2024-01-23 01:00:00,29.75,121.25,-5.2,505.0
2024-01-23 02:00:00,29.75,121.25,-4.0,505.0
2024-01-23 03:00:00,29.75,121.25,-3.2,505.0
2024-01-23 04:00:00,29.75,121.25,-2.6,505.0
2024-01-23 05:00:00,29.75,121.25,-2.3,505.0
2024-01-23 06:00:00,29.75,121.25,-2.5,505.0
2024-01-23 07:00:00,29.75,121.25,-2.7,505.0
2024-01-23 08:00:00,29.75,121.25,-3.2,505.0
2024-01-23 09:00:00,29.75,121.25,-4.1,505.0
2024-01-23 10:00:00,29.75,121.25,-5.0,505.0
2024-01-23 11:00:00,29.75,121.25,-5.1,505.0
2024-01-23 12:00:00,29.75,121.25,-5.0,505.0
2024-01-23 13:00:00,29.75,121.25,-4.8,505.0
2024-01-23 14:00:00,29.75,121.25,-4.8,505.0
2024-01-23 15:00:00,29.75,121.25,-4.9,505.0
2024-01-23 16:00:00,29.75,121.25,-5.0,505.0
2024-01-23 17:00:00,29.75,121.25,-5.1,505.0
2024-01-23 18:00:00,29.75,121.25,-5.1,505.0
2024-01-23 19:00:00,29.75,121.25,-5.3,505.0
2024-01-23 20:00:00,29.75,121.25,-5.4,505.0
2024-01-23 21:00:00,29.75,121.25,-5.5,505.0
2024-01-23 22:00:00,29.75,121.25,-5.6,505.0
2024-01-23 23:00:00,29.75,121.25,-5.7,505.0
2024-01-24 00:00:00,29.75,121.25,-4.5,505.0
2024-01-24 01:00:00,29.75,121.25,-3.1,505.0
2024-01-24 02:00:00,29.75,121.25,-1.5,505.0
2024-01-24 03:00:00,29.75,121.25,-0.3,505.0
2024-01-24 04:00:00,29.75,121.25,0.6,505.0
2024-01-24 05:00:00,29.75,121.25,1.1,505.0
2024-01-24 06:00:00,29.75,121.25,1.5,505.0
2024-01-24 07:00:00,29.75,121.25,1.4,505.0
2024-01-24 08:00:00,29.75,121.25,0.5,505.0
2024-01-24 09:00:00,29.75,121.25,-1.2,505.0
2024-01-24 10:00:00,29.75,121.25,-3.3,505.0
2024-01-24 11:00:00,29.75,121.25,-3.7,505.0
2024-01-24 12:00:00,29.75,121.25,-3.9,505.0
2024-01-24 13:00:00,29.75,121.25,-3.8,505.0
2024-01-24 14:00:00,29.75,121.25,-3.8,505.0
2024-01-24 15:00:00,29.75,121.25,-4.0,505.0
2024-01-24 16:00:00,29.75,121.25,-3.6,505.0
2024-01-24 17:00:00,29.75,121.25,-3.3,505.0
2024-01-24 18:00:00,29.75,121.25,-3.6,505.0
2024-01-24 19:00:00,29.75,121.25,-3.5,505.0
2024-01-24 20:00:00,29.75,121.25,-3.2,505.0
2024-01-24 21:00:00,29.75,121.25,-3.4,505.0
2024-01-24 22:00:00,29.75,121.25,-3.4,505.0
2024-01-24 23:00:00,29.75,121.25,-3.5,505.0
2024-01-22 00:00:00,29.75,121.5,1.1,3.0
2024-01-22 01:00:00,29.75,121.5,1.7,3.0
2024-01-22 02:00:00,29.75,121.5,2.0,3.0
2024-01-22 03:00:00,29.75,121.5,1.9,3.0
2024-01-22 04:00:00,29.75,121.5,1.7,3.0
2024-01-22 05:00:00,29.75,121.5,1.6,3.0
2024-01-22 06:00:00,29.75,121.5,1.7,3.0
2024-01-22 07:00:00,29.75,121.5,1.2,3.0
2024-01-22 08:00:00,29.75,121.5,1.0,3.0
2024-01-22 09:00:00,29.75,121.5,0.3,3.0
2024-01-22 10:00:00,29.75,121.5,-0.1,3.0
2024-01-22 11:00:00,29.75,121.5,-0.5,3.0
2024-01-22 12:00:00,29.75,121.5,-0.8,3.0
2024-01-22 13:00:00,29.75,121.5,-1.0,3.0
2024-01-22 14:00:00,29.75,121.5,-1.1,3.0
2024-01-22 15:00:00,29.75,121.5,-1.3,3.0
2024-01-22 16:00:00,29.75,121.5,-1.4,3.0
2024-01-22 17:00:00,29.75,121.5,-1.6,3.0
2024-01-22 18:00:00,29.75,121.5,-1.9,3.0
2024-01-22 19:00:00,29.75,121.5,-2.3,3.0
2024-01-22 20:00:00,29.75,121.5,-2.8,3.0
2024-01-22 21:00:00,29.75,121.5,-3.3,3.0
2024-01-22 22:00:00,29.75,121.5,-3.5,3.0
2024-01-22 23:00:00,29.75,121.5,-3.6,3.0
2024-01-23 00:00:00,29.75,121.5,-2.7,3.0
2024-01-23 01:00:00,29.75,121.5,-1.5,3.0
2024-01-23 02:00:00,29.75,121.5,-0.3,3.0
2024-01-23 03:00:00,29.75,121.5,0.6,3.0
2024-01-23 04:00:00,29.75,121.5,1.2,3.0
2024-01-23 05:00:00,29.75,121.5,1.4,3.0
2024-01-23 06:00:00,29.75,121.5,1.2,3.0
2024-01-23 07:00:00,29.75,121.5,1.0,3.0
2024-01-23 08:00:00,29.75,121.5,0.2,3.0
2024-01-23 09:00:00,29.75,121.5,-1.1,3.0
2024-01-23 10:00:00,29.75,121.5,-2.0,3.0
2024-01-23 11:00:00,29.75,121.5,-2.1,3.0
2024-01-23 12:00:00,29.75,121.5,-2.0,3.0
2024-01-23 13:00:00,29.75,121.5,-1.9,3.0
2024-01-23 14:00:00,29.75,121.5,-1.9,3.0
2024-01-23 15:00:00,29.75,121.5,-2.0,3.0
2024-01-23 16:00:00,29.75,121.5,-2.2,3.0
2024-01-23 17:00:00,29.75,121.5,-2.2,3.0
2024-01-23 18:00:00,29.75,121.5,-2.3,3.0
2024-01-23 19:00:00,29.75,121.5,-2.3,3.0
2024-01-23 20:00:00,29.75,121.5,-2.4,3.0
2024-01-23 21:00:00,29.75,121.5,-2.3,3.0
2024-01-23 22:00:00,29.75,121.5,-2.3,3.0
2024-01-23 23:00:00,29.75,121.5,-2.3,3.0
2024-01-24 00:00:00,29.75,121.5,-1.1,3.0
2024-01-24 01:00:00,29.75,121.5,0.3,3.0
2024-01-24 02:00:00,29.75,121.5,1.8,3.0
2024-01-24 03:00:00,29.75,121.5,3.0,3.0
2024-01-24 04:00:00,29.75,121.5,3.8,3.0
2024-01-24 05:00:00,29.75,121.5,4.1,3.0
2024-01-24 06:00:00,29.75,121.5,4.6,3.0
2024-01-24 07:00:00,29.75,121.5,4.4,3.0
2024-01-24 08:00:00,29.75,121.5,4.0,3.0
2024-01-24 09:00:00,29.75,121.5,2.4,3.0
2024-01-24 10:00:00,29.75,121.5,0.8,3.0
2024-01-24 11:00:00,29.75,121.5,-0.3,3.0
2024-01-24 12:00:00,29.75,121.5,-1.1,3.0
2024-01-24 13:00:00,29.75,121.5,-1.6,3.0
2024-01-24 14:00:00,29.75,121.5,-1.7,3.0
2024-01-24 15:00:00,29.75,121.5,-1.7,3.0
2024-01-24 16:00:00,29.75,121.5,-1.7,3.0
2024-01-24 17:00:00,29.75,121.5,-1.2,3.0
2024-01-24 18:00:00,29.75,121.5,-1.5,3.0
2024-01-24 19:00:00,29.75,121.5,-1.6,3.0
2024-01-24 20:00:00,29.75,121.5,-1.5,3.0
2024-01-24 21:00:00,29.75,121.5,-1.2,3.0
2024-01-24 22:00:00,29.75,121.5,-1.3,3.0
2024-01-24 23:00:00,29.75,121.5,-1.3,3.0
2024-01-22 00:00:00,29.75,121.75,0.9,226.0
2024-01-22 01:00:00,29.75,121.75,1.0,226.0
2024-01-22 02:00:00,29.75,121.75,1.0,226.0
2024-01-22 03:00:00,29.75,121.75,0.8,226.0
2024-01-22 04:00:00,29.75,121.75,0.6,226.0
2024-01-22 05:00:00,29.75,121.75,0.5,226.0
2024-01-22 06:00:00,29.75,121.75,0.4,226.0
2024-01-22 07:00:00,29.75,121.75,0.1,226.0
2024-01-22 08:00:00,29.75,121.75,0.0,226.0
2024-01-22 09:00:00,29.75,121.75,-0.9,226.0
2024-01-22 10:00:00,29.75,121.75,-1.2,226.0
2024-01-22 11:00:00,29.75,121.75,-1.4,226.0
2024-01-22 12:00:00,29.75,121.75,-1.6,226.0
2024-01-22 13:00:00,29.75,121.75,-1.7,226.0
2024-01-22 14:00:00,29.75,121.75,-1.9,226.0
2024-01-22 15:00:00,29.75,121.75,-2.2,226.0
2024-01-22 16:00:00,29.75,121.75,-2.7,226.0
2024-01-22 17:00:00,29.75,121.75,-3.0,226.0
2024-01-22 18:00:00,29.75,121.75,-3.3,226.0
2024-01-22 19:00:00,29.75,121.75,-3.7,226.0
2024-01-22 20:00:00,29.75,121.75,-4.1,226.0
2024-01-22 21:00:00,29.75,121.75,-4.8,226.0
2024-01-22 22:00:00,29.75,121.75,-5.4,226.0
2024-01-22 23:00:00,29.75,121.75,-5.5,226.0
2024-01-23 00:00:00,29.75,121.75,-4.4,226.0
2024-01-23 01:00:00,29.75,121.75,-3.2,226.0
2024-01-23 02:00:00,29.75,121.75,-2.0,226.0
2024-01-23 03:00:00,29.75,121.75,-0.8,226.0
2024-01-23 04:00:00,29.75,121.75,-0.1,226.0
2024-01-23 05:00:00,29.75,121.75,0.2,226.0
2024-01-23 06:00:00,29.75,121.75,0.2,226.0
2024-01-23 07:00:00,29.75,121.75,-0.1,226.0
2024-01-23 08:00:00,29.75,121.75,-0.7,226.0
2024-01-23 09:00:00,29.75,121.75,-2.1,226.0
2024-01-23 10:00:00,29.75,121.75,-3.2,226.0
2024-01-23 11:00:00,29.75,121.75,-3.4,226.0
2024-01-23 12:00:00,29.75,121.75,-3.4,226.0
2024-01-23 13:00:00,29.75,121.75,-3.4,226.0
2024-01-23 14:00:00,29.75,121.75,-3.7,226.0
2024-01-23 15:00:00,29.75,121.75,-4.1,226.0
2024-01-23 16:00:00,29.75,121.75,-4.1,226.0
2024-01-23 17:00:00,29.75,121.75,-4.1,226.0
2024-01-23 18:00:00,29.75,121.75,-4.2,226.0
2024-01-23 19:00:00,29.75,121.75,-4.3,226.0
2024-01-23 20:00:00,29.75,121.75,-4.3,226.0
2024-01-23 21:00:00,29.75,121.75,-4.3,226.0
2024-01-23 22:00:00,29.75,121.75,-4.3,226.0
2024-01-23 23:00:00,29.75,121.75,-4.4,226.0
2024-01-24 00:00:00,29.75,121.75,-2.9,226.0
2024-01-24 01:00:00,29.75,121.75,-1.3,226.0
2024-01-24 02:00:00,29.75,121.75,0.2,226.0
2024-01-24 03:00:00,29.75,121.75,1.5,226.0
2024-01-24 04:00:00,29.75,121.75,2.4,226.0
2024-01-24 05:00:00,29.75,121.75,2.9,226.0
2024-01-24 06:00:00,29.75,121.75,3.3,226.0
2024-01-24 07:00:00,29.75,121.75,3.3,226.0
2024-01-24 08:00:00,29.75,121.75,2.7,226.0
2024-01-24 09:00:00,29.75,121.75,1.1,226.0
2024-01-24 10:00:00,29.75,121.75,-0.5,226.0
2024-01-24 11:00:00,29.75,121.75,-1.4,226.0
2024-01-24 12:00:00,29.75,121.75,-1.9,226.0
2024-01-24 13:00:00,29.75,121.75,-2.4,226.0
2024-01-24 14:00:00,29.75,121.75,-2.8,226.0
2024-01-24 15:00:00,29.75,121.75,-3.4,226.0
2024-01-24 16:00:00,29.75,121.75,-3.5,226.0
2024-01-24 17:00:00,29.75,121.75,-3.2,226.0
2024-01-24 18:00:00,29.75,121.75,-3.6,226.0
2024-01-24 19:00:00,29.75,121.75,-3.6,226.0
2024-01-24 20:00:00,29.75,121.75,-3.4,226.0
2024-01-24 21:00:00,29.75,121.75,-2.8,226.0
2024-01-24 22:00:00,29.75,121.75,-2.7,226.0
2024-01-24 23:00:00,29.75,121.75,-2.8,226.0
2024-01-22 00:00:00,29.75,122.0,3.1,0.0
2024-01-22 01:00:00,29.75,122.0,3.1,0.0
2024-01-22 02:00:00,29.75,122.0,3.3,0.0
2024-01-22 03:00:00,29.75,122.0,2.8,0.0
2024-01-22 04:00:00,29.75,122.0,2.7,0.0
2024-01-22 05:00:00,29.75,122.0,2.3,0.0
2024-01-22 06:00:00,29.75,122.0,2.4,0.0
2024-01-22 07:00:00,29.75,122.0,2.3,0.0
2024-01-22 08:00:00,29.75,122.0,2.0,0.0
2024-01-22 09:00:00,29.75,122.0,1.6,0.0
2024-01-22 10:00:00,29.75,122.0,1.5,0.0
2024-01-22 11:00:00,29.75,122.0,1.4,0.0
2024-01-22 12:00:00,29.75,122.0,1.2,0.0
2024-01-22 13:00:00,29.75,122.0,0.9,0.0
2024-01-22 14:00:00,29.75,122.0,0.8,0.0
2024-01-22 15:00:00,29.75,122.0,0.4,0.0
2024-01-22 16:00:00,29.75,122.0,0.4,0.0
2024-01-22 17:00:00,29.75,122.0,0.3,0.0
2024-01-22 18:00:00,29.75,122.0,0.0,0.0
2024-01-22 19:00:00,29.75,122.0,-0.4,0.0
2024-01-22 20:00:00,29.75,122.0,-0.7,0.0
2024-01-22 21:00:00,29.75,122.0,-1.2,0.0
2024-01-22 22:00:00,29.75,122.0,-1.5,0.0
2024-01-22 23:00:00,29.75,122.0,-1.9,0.0
2024-01-23 00:00:00,29.75,122.0,-1.4,0.0
2024-01-23 01:00:00,29.75,122.0,-0.3,0.0
2024-01-23 02:00:00,29.75,122.0,0.4,0.0
2024-01-23 03:00:00,29.75,122.0,1.1,0.0
2024-01-23 04:00:00,29.75,122.0,1.2,0.0
2024-01-23 05:00:00,29.75,122.0,1.4,0.0
2024-01-23 06:00:00,29.75,122.0,1.6,0.0
2024-01-23 07:00:00,29.75,122.0,1.8,0.0
2024-01-23 08:00:00,29.75,122.0,1.3,0.0
2024-01-23 09:00:00,29.75,122.0,0.4,0.0
2024-01-23 10:00:00,29.75,122.0,-0.0,0.0
2024-01-23 11:00:00,29.75,122.0,-0.1,0.0
2024-01-23 12:00:00,29.75,122.0,-0.1,0.0
2024-01-23 13:00:00,29.75,122.0,-0.2,0.0
2024-01-23 14:00:00,29.75,122.0,-0.3,0.0
2024-01-23 15:00:00,29.75,122.0,-0.5,0.0
2024-01-23 16:00:00,29.75,122.0,-0.6,0.0
2024-01-23 17:00:00,29.75,122.0,-0.5,0.0
2024-01-23 18:00:00,29.75,122.0,-0.5,0.0
2024-01-23 19:00:00,29.75,122.0,-0.6,0.0
2024-01-23 20:00:00,29.75,122.0,-0.8,0.0
2024-01-23 21:00:00,29.75,122.0,-0.9,0.0
2024-01-23 22:00:00,29.75,122.0,-0.7,0.0
2024-01-23 23:00:00,29.75,122.0,-0.6,0.0
2024-01-24 00:00:00,29.75,122.0,0.2,0.0
2024-01-24 01:00:00,29.75,122.0,1.7,0.0
2024-01-24 02:00:00,29.75,122.0,2.8,0.0
2024-01-24 03:00:00,29.75,122.0,2.5,0.0
2024-01-24 04:00:00,29.75,122.0,2.9,0.0
2024-01-24 05:00:00,29.75,122.0,3.3,0.0
2024-01-24 06:00:00,29.75,122.0,3.5,0.0
2024-01-24 07:00:00,29.75,122.0,4.1,0.0
2024-01-24 08:00:00,29.75,122.0,3.7,0.0
2024-01-24 09:00:00,29.75,122.0,2.8,0.0
2024-01-24 10:00:00,29.75,122.0,2.2,0.0
2024-01-24 11:00:00,29.75,122.0,2.1,0.0
2024-01-24 12:00:00,29.75,122.0,1.9,0.0
2024-01-24 13:00:00,29.75,122.0,1.4,0.0
2024-01-24 14:00:00,29.75,122.0,1.0,0.0
2024-01-24 15:00:00,29.75,122.0,0.9,0.0
2024-01-24 16:00:00,29.75,122.0,1.0,0.0
2024-01-24 17:00:00,29.75,122.0,1.2,0.0
2024-01-24 18:00:00,29.75,122.0,1.5,0.0
2024-01-24 19:00:00,29.75,122.0,1.6,0.0
2024-01-24 20:00:00,29.75,122.0,1.4,0.0
2024-01-24 21:00:00,29.75,122.0,1.5,0.0
2024-01-24 22:00:00,29.75,122.0,1.8,0.0
2024-01-24 23:00:00,29.75,122.0,1.9,0.0
2024-01-22 00:00:00,30.0,116.5,1.0,9.0
2024-01-22 01:00:00,30.0,116.5,1.2,9.0
2024-01-22 02:00:00,30.0,116.5,1.1,9.0
2024-01-22 03:00:00,30.0,116.5,0.9,9.0
2024-01-22 04:00:00,30.0,116.5,1.3,9.0
2024-01-22 05:00:00,30.0,116.5,1.4,9.0
2024-01-22 06:00:00,30.0,116.5,1.2,9.0
2024-01-22 07:00:00,30.0,116.5,0.8,9.0
2024-01-22 08:00:00,30.0,116.5,0.5,9.0
2024-01-22 09:00:00,30.0,116.5,0.3,9.0
2024-01-22 10:00:00,30.0,116.5,-0.1,9.0
2024-01-22 11:00:00,30.0,116.5,-0.3,9.0
2024-01-22 12:00:00,30.0,116.5,-0.5,9.0
2024-01-22 13:00:00,30.0,116.5,-0.8,9.0
2024-01-22 14:00:00,30.0,116.5,-0.9,9.0
2024-01-22 15:00:00,30.0,116.5,-1.1,9.0
2024-01-22 16:00:00,30.0,116.5,-1.5,9.0
2024-01-22 17:00:00,30.0,116.5,-1.7,9.0
2024-01-22 18:00:00,30.0,116.5,-2.0,9.0
2024-01-22 19:00:00,30.0,116.5,-2.1,9.0
2024-01-22 20:00:00,30.0,116.5,-2.4,9.0
2024-01-22 21:00:00,30.0,116.5,-2.5,9.0
2024-01-22 22:00:00,30.0,116.5,-2.6,9.0
2024-01-22 23:00:00,30.0,116.5,-2.8,9.0
2024-01-23 00:00:00,30.0,116.5,-2.7,9.0
2024-01-23 01:00:00,30.0,116.5,-2.1,9.0
2024-01-23 02:00:00,30.0,116.5,-1.2,9.0
2024-01-23 03:00:00,30.0,116.5,-0.4,9.0
2024-01-23 04:00:00,30.0,116.5,0.3,9.0
2024-01-23 05:00:00,30.0,116.5,0.9,9.0
2024-01-23 06:00:00,30.0,116.5,1.1,9.0
2024-01-23 07:00:00,30.0,116.5,1.2,9.0
2024-01-23 08:00:00,30.0,116.5,1.2,9.0
2024-01-23 09:00:00,30.0,116.5,0.7,9.0
2024-01-23 10:00:00,30.0,116.5,-0.3,9.0
2024-01-23 11:00:00,30.0,116.5,-0.4,9.0
2024-01-23 12:00:00,30.0,116.5,-0.3,9.0
2024-01-23 13:00:00,30.0,116.5,-0.4,9.0
2024-01-23 14:00:00,30.0,116.5,-0.4,9.0
2024-01-23 15:00:00,30.0,116.5,-0.4,9.0
2024-01-23 16:00:00,30.0,116.5,-0.4,9.0
2024-01-23 17:00:00,30.0,116.5,-0.5,9.0
2024-01-23 18:00:00,30.0,116.5,-0.6,9.0
2024-01-23 19:00:00,30.0,116.5,-0.6,9.0
2024-01-23 20:00:00,30.0,116.5,-0.7,9.0
2024-01-23 21:00:00,30.0,116.5,-0.8,9.0
2024-01-23 22:00:00,30.0,116.5,-0.8,9.0
2024-01-23 23:00:00,30.0,116.5,-0.8,9.0
2024-01-24 00:00:00,30.0,116.5,-0.4,9.0
2024-01-24 01:00:00,30.0,116.5,0.2,9.0
2024-01-24 02:00:00,30.0,116.5,1.0,9.0
2024-01-24 03:00:00,30.0,116.5,1.8,9.0
2024-01-24 04:00:00,30.0,116.5,2.7,9.0
2024-01-24 05:00:00,30.0,116.5,3.4,9.0
2024-01-24 06:00:00,30.0,116.5,4.0,9.0
2024-01-24 07:00:00,30.0,116.5,4.3,9.0
2024-01-24 08:00:00,30.0,116.5,4.2,9.0
2024-01-24 09:00:00,30.0,116.5,3.6,9.0
2024-01-24 10:00:00,30.0,116.5,2.3,9.0
2024-01-24 11:00:00,30.0,116.5,1.9,9.0
2024-01-24 12:00:00,30.0,116.5,1.8,9.0
2024-01-24 13:00:00,30.0,116.5,1.8,9.0
2024-01-24 14:00:00,30.0,116.5,1.6,9.0
2024-01-24 15:00:00,30.0,116.5,1.5,9.0
2024-01-24 16:00:00,30.0,116.5,1.5,9.0
2024-01-24 17:00:00,30.0,116.5,1.2,9.0
2024-01-24 18:00:00,30.0,116.5,1.0,9.0
2024-01-24 19:00:00,30.0,116.5,1.1,9.0
2024-01-24 20:00:00,30.0,116.5,0.9,9.0
2024-01-24 21:00:00,30.0,116.5,0.9,9.0
2024-01-24 22:00:00,30.0,116.5,0.7,9.0
2024-01-24 23:00:00,30.0,116.5,0.8,9.0
2024-01-22 00:00:00,30.0,116.75,-0.1,22.0
2024-01-22 01:00:00,30.0,116.75,0.3,22.0
2024-01-22 02:00:00,30.0,116.75,-0.1,22.0
2024-01-22 03:00:00,30.0,116.75,-0.0,22.0
2024-01-22 04:00:00,30.0,116.75,0.5,22.0
2024-01-22 05:00:00,30.0,116.75,0.5,22.0
2024-01-22 06:00:00,30.0,116.75,0.3,22.0
2024-01-22 07:00:00,30.0,116.75,-0.1,22.0
2024-01-22 08:00:00,30.0,116.75,-0.4,22.0
2024-01-22 09:00:00,30.0,116.75,-0.8,22.0
2024-01-22 10:00:00,30.0,116.75,-1.1,22.0
2024-01-22 11:00:00,30.0,116.75,-1.5,22.0
2024-01-22 12:00:00,30.0,116.75,-1.7,22.0
2024-01-22 13:00:00,30.0,116.75,-2.0,22.0
2024-01-22 14:00:00,30.0,116.75,-2.1,22.0
2024-01-22 15:00:00,30.0,116.75,-2.3,22.0
2024-01-22 16:00:00,30.0,116.75,-2.7,22.0
2024-01-22 17:00:00,30.0,116.75,-2.9,22.0
2024-01-22 18:00:00,30.0,116.75,-3.1,22.0
2024-01-22 19:00:00,30.0,116.75,-3.3,22.0
2024-01-22 20:00:00,30.0,116.75,-3.4,22.0
2024-01-22 21:00:00,30.0,116.75,-3.6,22.0
2024-01-22 22:00:00,30.0,116.75,-3.7,22.0
2024-01-22 23:00:00,30.0,116.75,-3.9,22.0
2024-01-23 00:00:00,30.0,116.75,-3.7,22.0
2024-01-23 01:00:00,30.0,116.75,-2.9,22.0
2024-01-23 02:00:00,30.0,116.75,-1.8,22.0
2024-01-23 03:00:00,30.0,116.75,-0.9,22.0
2024-01-23 04:00:00,30.0,116.75,-0.1,22.0
2024-01-23 05:00:00,30.0,116.75,0.5,22.0
2024-01-23 06:00:00,30.0,116.75,0.8,22.0
2024-01-23 07:00:00,30.0,116.75,0.8,22.0
2024-01-23 08:00:00,30.0,116.75,0.5,22.0
2024-01-23 09:00:00,30.0,116.75,-0.4,22.0
2024-01-23 10:00:00,30.0,116.75,-2.0,22.0
2024-01-23 11:00:00,30.0,116.75,-2.6,22.0
2024-01-23 12:00:00,30.0,116.75,-2.7,22.0
2024-01-23 13:00:00,30.0,116.75,-2.6,22.0
2024-01-23 14:00:00,30.0,116.75,-2.7,22.0
2024-01-23 15:00:00,30.0,116.75,-2.8,22.0
2024-01-23 16:00:00,30.0,116.75,-2.9,22.0
2024-01-23 17:00:00,30.0,116.75,-3.0,22.0
2024-01-23 18:00:00,30.0,116.75,-3.1,22.0
2024-01-23 19:00:00,30.0,116.75,-3.2,22.0
2024-01-23 20:00:00,30.0,116.75,-3.2,22.0
2024-01-23 21:00:00,30.0,116.75,-3.3,22.0
2024-01-23 22:00:00,30.0,116.75,-3.4,22.0
2024-01-23 23:00:00,30.0,116.75,-3.4,22.0
2024-01-24 00:00:00,30.0,116.75,-2.9,22.0
2024-01-24 01:00:00,30.0,116.75,-1.0,22.0
2024-01-24 02:00:00,30.0,116.75,0.4,22.0
2024-01-24 03:00:00,30.0,116.75,1.7,22.0
2024-01-24 04:00:00,30.0,116.75,2.8,22.0
2024-01-24 05:00:00,30.0,116.75,3.5,22.0
2024-01-24 06:00:00,30.0,116.75,3.9,22.0
2024-01-24 07:00:00,30.0,116.75,4.0,22.0
2024-01-24 08:00:00,30.0,116.75,3.6,22.0
2024-01-24 09:00:00,30.0,116.75,2.4,22.0
2024-01-24 10:00:00,30.0,116.75,0.6,22.0
2024-01-24 11:00:00,30.0,116.75,-0.1,22.0
2024-01-24 12:00:00,30.0,116.75,-0.2,22.0
2024-01-24 13:00:00,30.0,116.75,-0.2,22.0
2024-01-24 14:00:00,30.0,116.75,-0.4,22.0
2024-01-24 15:00:00,30.0,116.75,-0.5,22.0
2024-01-24 16:00:00,30.0,116.75,-0.7,22.0
2024-01-24 17:00:00,30.0,116.75,-0.9,22.0
2024-01-24 18:00:00,30.0,116.75,-1.1,22.0
2024-01-24 19:00:00,30.0,116.75,-1.2,22.0
2024-01-24 20:00:00,30.0,116.75,-1.2,22.0
2024-01-24 21:00:00,30.0,116.75,-1.3,22.0
2024-01-24 22:00:00,30.0,116.75,-1.3,22.0
2024-01-24 23:00:00,30.0,116.75,-1.3,22.0
2024-01-22 00:00:00,30.0,117.0,-1.4,173.0
2024-01-22 01:00:00,30.0,117.0,-0.7,173.0
2024-01-22 02:00:00,30.0,117.0,-0.8,173.0
2024-01-22 03:00:00,30.0,117.0,-0.9,173.0
2024-01-22 04:00:00,30.0,117.0,-0.2,173.0
2024-01-22 05:00:00,30.0,117.0,-0.1,173.0
2024-01-22 06:00:00,30.0,117.0,-0.7,173.0
2024-01-22 07:00:00,30.0,117.0,-1.3,173.0
2024-01-22 08:00:00,30.0,117.0,-1.7,173.0
2024-01-22 09:00:00,30.0,117.0,-2.1,173.0
2024-01-22 10:00:00,30.0,117.0,-2.6,173.0
2024-01-22 11:00:00,30.0,117.0,-2.8,173.0
2024-01-22 12:00:00,30.0,117.0,-3.0,173.0
2024-01-22 13:00:00,30.0,117.0,-3.2,173.0
2024-01-22 14:00:00,30.0,117.0,-3.5,173.0
2024-01-22 15:00:00,30.0,117.0,-3.5,173.0
2024-01-22 16:00:00,30.0,117.0,-4.1,173.0
2024-01-22 17:00:00,30.0,117.0,-4.4,173.0
2024-01-22 18:00:00,30.0,117.0,-4.6,173.0
2024-01-22 19:00:00,30.0,117.0,-4.7,173.0
2024-01-22 20:00:00,30.0,117.0,-4.7,173.0
2024-01-22 21:00:00,30.0,117.0,-4.9,173.0
2024-01-22 22:00:00,30.0,117.0,-5.1,173.0
2024-01-22 23:00:00,30.0,117.0,-5.2,173.0
2024-01-23 00:00:00,30.0,117.0,-5.0,173.0
2024-01-23 01:00:00,30.0,117.0,-4.0,173.0
2024-01-23 02:00:00,30.0,117.0,-2.8,173.0
2024-01-23 03:00:00,30.0,117.0,-1.7,173.0
2024-01-23 04:00:00,30.0,117.0,-0.7,173.0
2024-01-23 05:00:00,30.0,117.0,-0.2,173.0
2024-01-23 06:00:00,30.0,117.0,0.1,173.0
2024-01-23 07:00:00,30.0,117.0,0.1,173.0
2024-01-23 08:00:00,30.0,117.0,-0.5,173.0
2024-01-23 09:00:00,30.0,117.0,-1.5,173.0
2024-01-23 10:00:00,30.0,117.0,-3.4,173.0
2024-01-23 11:00:00,30.0,117.0,-3.9,173.0
2024-01-23 12:00:00,30.0,117.0,-4.0,173.0
2024-01-23 13:00:00,30.0,117.0,-4.0,173.0
2024-01-23 14:00:00,30.0,117.0,-4.0,173.0
2024-01-23 15:00:00,30.0,117.0,-4.0,173.0
2024-01-23 16:00:00,30.0,117.0,-4.1,173.0
2024-01-23 17:00:00,30.0,117.0,-4.1,173.0
2024-01-23 18:00:00,30.0,117.0,-4.2,173.0
2024-01-23 19:00:00,30.0,117.0,-4.3,173.0
2024-01-23 20:00:00,30.0,117.0,-4.4,173.0
2024-01-23 21:00:00,30.0,117.0,-4.4,173.0
2024-01-23 22:00:00,30.0,117.0,-4.5,173.0
2024-01-23 23:00:00,30.0,117.0,-4.5,173.0
2024-01-24 00:00:00,30.0,117.0,-3.7,173.0
2024-01-24 01:00:00,30.0,117.0,-1.9,173.0
2024-01-24 02:00:00,30.0,117.0,-0.3,173.0
2024-01-24 03:00:00,30.0,117.0,1.1,173.0
2024-01-24 04:00:00,30.0,117.0,2.3,173.0
2024-01-24 05:00:00,30.0,117.0,3.0,173.0
2024-01-24 06:00:00,30.0,117.0,3.3,173.0
2024-01-24 07:00:00,30.0,117.0,3.2,173.0
2024-01-24 08:00:00,30.0,117.0,2.6,173.0
2024-01-24 09:00:00,30.0,117.0,1.0,173.0
2024-01-24 10:00:00,30.0,117.0,-1.5,173.0
2024-01-24 11:00:00,30.0,117.0,-2.1,173.0
2024-01-24 12:00:00,30.0,117.0,-2.3,173.0
2024-01-24 13:00:00,30.0,117.0,-1.9,173.0
2024-01-24 14:00:00,30.0,117.0,-2.2,173.0
2024-01-24 15:00:00,30.0,117.0,-2.3,173.0
2024-01-24 16:00:00,30.0,117.0,-2.5,173.0
2024-01-24 17:00:00,30.0,117.0,-2.6,173.0
2024-01-24 18:00:00,30.0,117.0,-2.9,173.0
2024-01-24 19:00:00,30.0,117.0,-3.0,173.0
2024-01-24 20:00:00,30.0,117.0,-3.1,173.0
2024-01-24 21:00:00,30.0,117.0,-3.1,173.0
2024-01-24 22:00:00,30.0,117.0,-3.0,173.0
2024-01-24 23:00:00,30.0,117.0,-2.9,173.0
2024-01-22 00:00:00,30.0,117.25,-5.4,896.0
2024-01-22 01:00:00,30.0,117.25,-5.1,896.0
2024-01-22 02:00:00,30.0,117.25,-4.8,896.0
2024-01-22 03:00:00,30.0,117.25,-5.4,896.0
2024-01-22 04:00:00,30.0,117.25,-5.6,896.0
2024-01-22 05:00:00,30.0,117.25,-5.6,896.0
2024-01-22 06:00:00,30.0,117.25,-5.4,896.0
2024-01-22 07:00:00,30.0,117.25,-6.0,896.0
2024-01-22 08:00:00,30.0,117.25,-6.4,896.0
2024-01-22 09:00:00,30.0,117.25,-6.7,896.0
2024-01-22 10:00:00,30.0,117.25,-7.1,896.0
2024-01-22 11:00:00,30.0,117.25,-7.3,896.0
2024-01-22 12:00:00,30.0,117.25,-7.4,896.0
2024-01-22 13:00:00,30.0,117.25,-7.6,896.0
2024-01-22 14:00:00,30.0,117.25,-7.9,896.0
2024-01-22 15:00:00,30.0,117.25,-7.8,896.0
2024-01-22 16:00:00,30.0,117.25,-8.3,896.0
2024-01-22 17:00:00,30.0,117.25,-8.7,896.0
2024-01-22 18:00:00,30.0,117.25,-9.1,896.0
2024-01-22 19:00:00,30.0,117.25,-9.4,896.0
2024-01-22 20:00:00,30.0,117.25,-9.8,896.0
2024-01-22 21:00:00,30.0,117.25,-10.0,896.0
2024-01-22 22:00:00,30.0,117.25,-10.1,896.0
2024-01-22 23:00:00,30.0,117.25,-10.2,896.0
2024-01-23 00:00:00,30.0,117.25,-9.9,896.0
2024-01-23 01:00:00,30.0,117.25,-8.7,896.0
2024-01-23 02:00:00,30.0,117.25,-7.2,896.0
2024-01-23 03:00:00,30.0,117.25,-5.8,896.0
2024-01-23 04:00:00,30.0,117.25,-4.7,896.0
2024-01-23 05:00:00,30.0,117.25,-4.0,896.0
2024-01-23 06:00:00,30.0,117.25,-3.5,896.0
2024-01-23 07:00:00,30.0,117.25,-3.7,896.0
2024-01-23 08:00:00,30.0,117.25,-4.3,896.0
2024-01-23 09:00:00,30.0,117.25,-5.5,896.0
2024-01-23 10:00:00,30.0,117.25,-7.2,896.0
2024-01-23 11:00:00,30.0,117.25,-7.7,896.0
2024-01-23 12:00:00,30.0,117.25,-7.8,896.0
2024-01-23 13:00:00,30.0,117.25,-7.8,896.0
2024-01-23 14:00:00,30.0,117.25,-7.8,896.0
2024-01-23 15:00:00,30.0,117.25,-8.0,896.0
2024-01-23 16:00:00,30.0,117.25,-8.2,896.0
2024-01-23 17:00:00,30.0,117.25,-8.4,896.0
2024-01-23 18:00:00,30.0,117.25,-8.6,896.0
2024-01-23 19:00:00,30.0,117.25,-8.7,896.0
2024-01-23 20:00:00,30.0,117.25,-8.8,896.0
2024-01-23 21:00:00,30.0,117.25,-9.0,896.0
2024-01-23 22:00:00,30.0,117.25,-9.0,896.0
2024-01-23 23:00:00,30.0,117.25,-9.1,896.0
2024-01-24 00:00:00,30.0,117.25,-8.0,896.0
2024-01-24 01:00:00,30.0,117.25,-6.1,896.0
2024-01-24 02:00:00,30.0,117.25,-4.1,896.0
2024-01-24 03:00:00,30.0,117.25,-2.3,896.0
2024-01-24 04:00:00,30.0,117.25,-0.8,896.0
2024-01-24 05:00:00,30.0,117.25,-0.0,896.0
2024-01-24 06:00:00,30.0,117.25,0.2,896.0
2024-01-24 07:00:00,30.0,117.25,0.0,896.0
2024-01-24 08:00:00,30.0,117.25,-0.7,896.0
2024-01-24 09:00:00,30.0,117.25,-2.6,896.0
2024-01-24 10:00:00,30.0,117.25,-5.5,896.0
2024-01-24 11:00:00,30.0,117.25,-6.1,896.0
2024-01-24 12:00:00,30.0,117.25,-6.3,896.0
2024-01-24 13:00:00,30.0,117.25,-5.9,896.0
2024-01-24 14:00:00,30.0,117.25,-6.0,896.0
2024-01-24 15:00:00,30.0,117.25,-6.1,896.0
2024-01-24 16:00:00,30.0,117.25,-6.2,896.0
2024-01-24 17:00:00,30.0,117.25,-6.3,896.0
2024-01-24 18:00:00,30.0,117.25,-6.8,896.0
2024-01-24 19:00:00,30.0,117.25,-7.0,896.0
2024-01-24 20:00:00,30.0,117.25,-7.1,896.0
2024-01-24 21:00:00,30.0,117.25,-7.1,896.0
2024-01-24 22:00:00,30.0,117.25,-7.0,896.0
2024-01-24 23:00:00,30.0,117.25,-6.9,896.0
2024-01-22 00:00:00,30.0,117.5,-1.5,265.0
2024-01-22 01:00:00,30.0,117.5,-1.3,265.0
2024-01-22 02:00:00,30.0,117.5,-0.8,265.0
2024-01-22 03:00:00,30.0,117.5,-0.9,265.0
2024-01-22 04:00:00,30.0,117.5,-1.2,265.0
2024-01-22 05:00:00,30.0,117.5,-1.3,265.0
2024-01-22 06:00:00,30.0,117.5,-1.4,265.0
2024-01-22 07:00:00,30.0,117.5,-2.1,265.0
2024-01-22 08:00:00,30.0,117.5,-2.3,265.0
2024-01-22 09:00:00,30.0,117.5,-2.5,265.0
2024-01-22 10:00:00,30.0,117.5,-2.9,265.0
2024-01-22 11:00:00,30.0,117.5,-3.1,265.0
2024-01-22 12:00:00,30.0,117.5,-3.2,265.0
2024-01-22 13:00:00,30.0,117.5,-3.5,265.0
2024-01-22 14:00:00,30.0,117.5,-4.0,265.0
2024-01-22 15:00:00,30.0,117.5,-4.0,265.0
2024-01-22 16:00:00,30.0,117.5,-4.4,265.0
2024-01-22 17:00:00,30.0,117.5,-4.9,265.0
2024-01-22 18:00:00,30.0,117.5,-5.2,265.0
2024-01-22 19:00:00,30.0,117.5,-5.4,265.0
2024-01-22 20:00:00,30.0,117.5,-5.5,265.0
2024-01-22 21:00:00,30.0,117.5,-5.7,265.0
2024-01-22 22:00:00,30.0,117.5,-6.0,265.0
2024-01-22 23:00:00,30.0,117.5,-6.2,265.0
2024-01-23 00:00:00,30.0,117.5,-5.8,265.0
2024-01-23 01:00:00,30.0,117.5,-4.7,265.0
2024-01-23 02:00:00,30.0,117.5,-3.3,265.0
2024-01-23 03:00:00,30.0,117.5,-2.0,265.0
2024-01-23 04:00:00,30.0,117.5,-0.7,265.0
2024-01-23 05:00:00,30.0,117.5,0.1,265.0
2024-01-23 06:00:00,30.0,117.5,0.6,265.0
2024-01-23 07:00:00,30.0,117.5,0.4,265.0
2024-01-23 08:00:00,30.0,117.5,-0.2,265.0
2024-01-23 09:00:00,30.0,117.5,-1.2,265.0
2024-01-23 10:00:00,30.0,117.5,-3.0,265.0
2024-01-23 11:00:00,30.0,117.5,-3.5,265.0
2024-01-23 12:00:00,30.0,117.5,-3.7,265.0
2024-01-23 13:00:00,30.0,117.5,-3.7,265.0
2024-01-23 14:00:00,30.0,117.5,-3.8,265.0
2024-01-23 15:00:00,30.0,117.5,-3.9,265.0
2024-01-23 16:00:00,30.0,117.5,-4.1,265.0
2024-01-23 17:00:00,30.0,117.5,-4.3,265.0
2024-01-23 18:00:00,30.0,117.5,-4.5,265.0
2024-01-23 19:00:00,30.0,117.5,-4.6,265.0
2024-01-23 20:00:00,30.0,117.5,-4.8,265.0
2024-01-23 21:00:00,30.0,117.5,-5.0,265.0
2024-01-23 22:00:00,30.0,117.5,-5.1,265.0
2024-01-23 23:00:00,30.0,117.5,-5.1,265.0
2024-01-24 00:00:00,30.0,117.5,-4.0,265.0
2024-01-24 01:00:00,30.0,117.5,-1.9,265.0
2024-01-24 02:00:00,30.0,117.5,-0.1,265.0
2024-01-24 03:00:00,30.0,117.5,1.8,265.0
2024-01-24 04:00:00,30.0,117.5,3.3,265.0
2024-01-24 05:00:00,30.0,117.5,4.3,265.0
2024-01-24 06:00:00,30.0,117.5,4.6,265.0
2024-01-24 07:00:00,30.0,117.5,4.4,265.0
2024-01-24 08:00:00,30.0,117.5,3.8,265.0
2024-01-24 09:00:00,30.0,117.5,1.9,265.0
2024-01-24 10:00:00,30.0,117.5,-0.8,265.0
2024-01-24 11:00:00,30.0,117.5,-1.6,265.0
2024-01-24 12:00:00,30.0,117.5,-2.2,265.0
2024-01-24 13:00:00,30.0,117.5,-1.9,265.0
2024-01-24 14:00:00,30.0,117.5,-2.2,265.0
2024-01-24 15:00:00,30.0,117.5,-2.0,265.0
2024-01-24 16:00:00,30.0,117.5,-2.4,265.0
2024-01-24 17:00:00,30.0,117.5,-2.2,265.0
2024-01-24 18:00:00,30.0,117.5,-2.7,265.0
2024-01-24 19:00:00,30.0,117.5,-3.0,265.0
2024-01-24 20:00:00,30.0,117.5,-3.1,265.0
2024-01-24 21:00:00,30.0,117.5,-3.1,265.0
2024-01-24 22:00:00,30.0,117.5,-3.1,265.0
2024-01-24 23:00:00,30.0,117.5,-3.1,265.0
2024-01-22 00:00:00,30.0,117.75,-3.5,482.0
2024-01-22 01:00:00,30.0,117.75,-2.9,482.0
2024-01-22 02:00:00,30.0,117.75,-2.3,482.0
2024-01-22 03:00:00,30.0,117.75,-1.9,482.0
2024-01-22 04:00:00,30.0,117.75,-2.4,482.0
2024-01-22 05:00:00,30.0,117.75,-2.2,482.0
2024-01-22 06:00:00,30.0,117.75,-2.4,482.0
2024-01-22 07:00:00,30.0,117.75,-3.2,482.0
2024-01-22 08:00:00,30.0,117.75,-3.6,482.0
2024-01-22 09:00:00,30.0,117.75,-4.0,482.0
2024-01-22 10:00:00,30.0,117.75,-4.4,482.0
2024-01-22 11:00:00,30.0,117.75,-4.6,482.0
2024-01-22 12:00:00,30.0,117.75,-4.7,482.0
2024-01-22 13:00:00,30.0,117.75,-4.9,482.0
2024-01-22 14:00:00,30.0,117.75,-5.2,482.0
2024-01-22 15:00:00,30.0,117.75,-5.4,482.0
2024-01-22 16:00:00,30.0,117.75,-5.9,482.0
2024-01-22 17:00:00,30.0,117.75,-6.3,482.0
2024-01-22 18:00:00,30.0,117.75,-6.7,482.0
2024-01-22 19:00:00,30.0,117.75,-7.0,482.0
2024-01-22 20:00:00,30.0,117.75,-7.2,482.0
2024-01-22 21:00:00,30.0,117.75,-7.3,482.0
2024-01-22 22:00:00,30.0,117.75,-7.3,482.0
2024-01-22 23:00:00,30.0,117.75,-7.4,482.0
2024-01-23 00:00:00,30.0,117.75,-6.9,482.0
2024-01-23 01:00:00,30.0,117.75,-5.9,482.0
2024-01-23 02:00:00,30.0,117.75,-4.6,482.0
2024-01-23 03:00:00,30.0,117.75,-3.2,482.0
2024-01-23 04:00:00,30.0,117.75,-2.2,482.0
2024-01-23 05:00:00,30.0,117.75,-1.5,482.0
2024-01-23 06:00:00,30.0,117.75,-0.8,482.0
2024-01-23 07:00:00,30.0,117.75,-0.9,482.0
2024-01-23 08:00:00,30.0,117.75,-1.4,482.0
2024-01-23 09:00:00,30.0,117.75,-2.6,482.0
2024-01-23 10:00:00,30.0,117.75,-4.4,482.0
2024-01-23 11:00:00,30.0,117.75,-4.8,482.0
2024-01-23 12:00:00,30.0,117.75,-5.0,482.0
2024-01-23 13:00:00,30.0,117.75,-5.1,482.0
2024-01-23 14:00:00,30.0,117.75,-5.1,482.0
2024-01-23 15:00:00,30.0,117.75,-5.3,482.0
2024-01-23 16:00:00,30.0,117.75,-5.5,482.0
2024-01-23 17:00:00,30.0,117.75,-5.6,482.0
2024-01-23 18:00:00,30.0,117.75,-5.8,482.0
2024-01-23 19:00:00,30.0,117.75,-6.0,482.0
2024-01-23 20:00:00,30.0,117.75,-6.2,482.0
2024-01-23 21:00:00,30.0,117.75,-6.4,482.0
2024-01-23 22:00:00,30.0,117.75,-6.5,482.0
2024-01-23 23:00:00,30.0,117.75,-6.5,482.0
2024-01-24 00:00:00,30.0,117.75,-5.4,482.0
2024-01-24 01:00:00,30.0,117.75,-3.3,482.0
2024-01-24 02:00:00,30.0,117.75,-1.5,482.0
2024-01-24 03:00:00,30.0,117.75,0.4,482.0
2024-01-24 04:00:00,30.0,117.75,1.8,482.0
2024-01-24 05:00:00,30.0,117.75,2.7,482.0
2024-01-24 06:00:00,30.0,117.75,3.1,482.0
2024-01-24 07:00:00,30.0,117.75,2.9,482.0
2024-01-24 08:00:00,30.0,117.75,2.4,482.0
2024-01-24 09:00:00,30.0,117.75,0.5,482.0
2024-01-24 10:00:00,30.0,117.75,-2.2,482.0
2024-01-24 11:00:00,30.0,117.75,-2.9,482.0
2024-01-24 12:00:00,30.0,117.75,-3.5,482.0
2024-01-24 13:00:00,30.0,117.75,-3.4,482.0
2024-01-24 14:00:00,30.0,117.75,-3.7,482.0
2024-01-24 15:00:00,30.0,117.75,-3.6,482.0
2024-01-24 16:00:00,30.0,117.75,-3.9,482.0
2024-01-24 17:00:00,30.0,117.75,-3.8,482.0
2024-01-24 18:00:00,30.0,117.75,-3.9,482.0
2024-01-24 19:00:00,30.0,117.75,-4.4,482.0
2024-01-24 20:00:00,30.0,117.75,-4.6,482.0
2024-01-24 21:00:00,30.0,117.75,-4.6,482.0
2024-01-24 22:00:00,30.0,117.75,-4.6,482.0
2024-01-24 23:00:00,30.0,117.75,-4.5,482.0
2024-01-22 00:00:00,30.0,118.0,-3.0,383.0
2024-01-22 01:00:00,30.0,118.0,-2.4,383.0
2024-01-22 02:00:00,30.0,118.0,-1.9,383.0
2024-01-22 03:00:00,30.0,118.0,-1.7,383.0
2024-01-22 04:00:00,30.0,118.0,-2.1,383.0
2024-01-22 05:00:00,30.0,118.0,-1.9,383.0
2024-01-22 06:00:00,30.0,118.0,-1.8,383.0
2024-01-22 07:00:00,30.0,118.0,-2.6,383.0
2024-01-22 08:00:00,30.0,118.0,-3.0,383.0
2024-01-22 09:00:00,30.0,118.0,-3.6,383.0
2024-01-22 10:00:00,30.0,118.0,-3.9,383.0
2024-01-22 11:00:00,30.0,118.0,-4.3,383.0
2024-01-22 12:00:00,30.0,118.0,-4.5,383.0
2024-01-22 13:00:00,30.0,118.0,-4.6,383.0
2024-01-22 14:00:00,30.0,118.0,-5.1,383.0
2024-01-22 15:00:00,30.0,118.0,-5.3,383.0
2024-01-22 16:00:00,30.0,118.0,-5.5,383.0
2024-01-22 17:00:00,30.0,118.0,-6.0,383.0
2024-01-22 18:00:00,30.0,118.0,-6.5,383.0
2024-01-22 19:00:00,30.0,118.0,-6.8,383.0
2024-01-22 20:00:00,30.0,118.0,-7.1,383.0
2024-01-22 21:00:00,30.0,118.0,-7.2,383.0
2024-01-22 22:00:00,30.0,118.0,-7.3,383.0
2024-01-22 23:00:00,30.0,118.0,-7.4,383.0
2024-01-23 00:00:00,30.0,118.0,-6.9,383.0
2024-01-23 01:00:00,30.0,118.0,-5.7,383.0
2024-01-23 02:00:00,30.0,118.0,-4.4,383.0
2024-01-23 03:00:00,30.0,118.0,-3.2,383.0
2024-01-23 04:00:00,30.0,118.0,-2.1,383.0
2024-01-23 05:00:00,30.0,118.0,-1.5,383.0
2024-01-23 06:00:00,30.0,118.0,-0.7,383.0
2024-01-23 07:00:00,30.0,118.0,-0.8,383.0
2024-01-23 08:00:00,30.0,118.0,-1.5,383.0
2024-01-23 09:00:00,30.0,118.0,-2.6,383.0
2024-01-23 10:00:00,30.0,118.0,-4.0,383.0
2024-01-23 11:00:00,30.0,118.0,-4.3,383.0
2024-01-23 12:00:00,30.0,118.0,-4.3,383.0
2024-01-23 13:00:00,30.0,118.0,-4.4,383.0
2024-01-23 14:00:00,30.0,118.0,-4.6,383.0
2024-01-23 15:00:00,30.0,118.0,-4.7,383.0
2024-01-23 16:00:00,30.0,118.0,-4.9,383.0
2024-01-23 17:00:00,30.0,118.0,-5.1,383.0
2024-01-23 18:00:00,30.0,118.0,-5.3,383.0
2024-01-23 19:00:00,30.0,118.0,-5.4,383.0
2024-01-23 20:00:00,30.0,118.0,-5.6,383.0
2024-01-23 21:00:00,30.0,118.0,-5.7,383.0
2024-01-23 22:00:00,30.0,118.0,-5.8,383.0
2024-01-23 23:00:00,30.0,118.0,-5.8,383.0
2024-01-24 00:00:00,30.0,118.0,-4.7,383.0
2024-01-24 01:00:00,30.0,118.0,-2.6,383.0
2024-01-24 02:00:00,30.0,118.0,-0.8,383.0
2024-01-24 03:00:00,30.0,118.0,1.0,383.0
2024-01-24 04:00:00,30.0,118.0,2.5,383.0
2024-01-24 05:00:00,30.0,118.0,3.3,383.0
2024-01-24 06:00:00,30.0,118.0,3.8,383.0
2024-01-24 07:00:00,30.0,118.0,3.5,383.0
2024-01-24 08:00:00,30.0,118.0,2.8,383.0
2024-01-24 09:00:00,30.0,118.0,1.0,383.0
2024-01-24 10:00:00,30.0,118.0,-1.7,383.0
2024-01-24 11:00:00,30.0,118.0,-2.2,383.0
2024-01-24 12:00:00,30.0,118.0,-2.5,383.0
2024-01-24 13:00:00,30.0,118.0,-2.4,383.0
2024-01-24 14:00:00,30.0,118.0,-2.5,383.0
2024-01-24 15:00:00,30.0,118.0,-2.6,383.0
2024-01-24 16:00:00,30.0,118.0,-2.6,383.0
2024-01-24 17:00:00,30.0,118.0,-2.8,383.0
2024-01-24 18:00:00,30.0,118.0,-2.6,383.0
2024-01-24 19:00:00,30.0,118.0,-3.0,383.0
2024-01-24 20:00:00,30.0,118.0,-3.4,383.0
2024-01-24 21:00:00,30.0,118.0,-3.4,383.0
2024-01-24 22:00:00,30.0,118.0,-3.4,383.0
2024-01-24 23:00:00,30.0,118.0,-3.2,383.0
2024-01-22 00:00:00,30.0,118.25,-3.2,438.0
2024-01-22 01:00:00,30.0,118.25,-2.6,438.0
2024-01-22 02:00:00,30.0,118.25,-1.8,438.0
2024-01-22 03:00:00,30.0,118.25,-1.9,438.0
2024-01-22 04:00:00,30.0,118.25,-2.3,438.0
2024-01-22 05:00:00,30.0,118.25,-2.4,438.0
2024-01-22 06:00:00,30.0,118.25,-1.9,438.0
2024-01-22 07:00:00,30.0,118.25,-2.7,438.0
2024-01-22 08:00:00,30.0,118.25,-3.3,438.0
2024-01-22 09:00:00,30.0,118.25,-4.0,438.0
2024-01-22 10:00:00,30.0,118.25,-4.6,438.0
2024-01-22 11:00:00,30.0,118.25,-4.8,438.0
2024-01-22 12:00:00,30.0,118.25,-4.9,438.0
2024-01-22 13:00:00,30.0,118.25,-5.1,438.0
2024-01-22 14:00:00,30.0,118.25,-5.3,438.0
2024-01-22 15:00:00,30.0,118.25,-5.6,438.0
2024-01-22 16:00:00,30.0,118.25,-6.0,438.0
2024-01-22 17:00:00,30.0,118.25,-6.4,438.0
2024-01-22 18:00:00,30.0,118.25,-6.8,438.0
2024-01-22 19:00:00,30.0,118.25,-7.2,438.0
2024-01-22 20:00:00,30.0,118.25,-7.5,438.0
2024-01-22 21:00:00,30.0,118.25,-7.7,438.0
2024-01-22 22:00:00,30.0,118.25,-7.8,438.0
2024-01-22 23:00:00,30.0,118.25,-7.9,438.0
2024-01-23 00:00:00,30.0,118.25,-7.3,438.0
2024-01-23 01:00:00,30.0,118.25,-6.1,438.0
2024-01-23 02:00:00,30.0,118.25,-4.7,438.0
2024-01-23 03:00:00,30.0,118.25,-3.3,438.0
2024-01-23 04:00:00,30.0,118.25,-2.2,438.0
2024-01-23 05:00:00,30.0,118.25,-1.4,438.0
2024-01-23 06:00:00,30.0,118.25,-0.8,438.0
2024-01-23 07:00:00,30.0,118.25,-0.9,438.0
2024-01-23 08:00:00,30.0,118.25,-1.5,438.0
2024-01-23 09:00:00,30.0,118.25,-2.7,438.0
2024-01-23 10:00:00,30.0,118.25,-4.2,438.0
2024-01-23 11:00:00,30.0,118.25,-4.6,438.0
2024-01-23 12:00:00,30.0,118.25,-4.7,438.0
2024-01-23 13:00:00,30.0,118.25,-4.8,438.0
2024-01-23 14:00:00,30.0,118.25,-4.9,438.0
2024-01-23 15:00:00,30.0,118.25,-5.0,438.0
2024-01-23 16:00:00,30.0,118.25,-5.2,438.0
2024-01-23 17:00:00,30.0,118.25,-5.3,438.0
2024-01-23 18:00:00,30.0,118.25,-5.5,438.0
2024-01-23 19:00:00,30.0,118.25,-5.7,438.0
2024-01-23 20:00:00,30.0,118.25,-5.9,438.0
2024-01-23 21:00:00,30.0,118.25,-6.0,438.0
2024-01-23 22:00:00,30.0,118.25,-6.1,438.0
2024-01-23 23:00:00,30.0,118.25,-6.2,438.0
2024-01-24 00:00:00,30.0,118.25,-5.1,438.0
2024-01-24 01:00:00,30.0,118.25,-2.8,438.0
2024-01-24 02:00:00,30.0,118.25,-1.1,438.0
2024-01-24 03:00:00,30.0,118.25,0.5,438.0
2024-01-24 04:00:00,30.0,118.25,2.5,438.0
2024-01-24 05:00:00,30.0,118.25,3.3,438.0
2024-01-24 06:00:00,30.0,118.25,4.0,438.0
2024-01-24 07:00:00,30.0,118.25,3.5,438.0
2024-01-24 08:00:00,30.0,118.25,2.7,438.0
2024-01-24 09:00:00,30.0,118.25,0.7,438.0
2024-01-24 10:00:00,30.0,118.25,-2.0,438.0
2024-01-24 11:00:00,30.0,118.25,-2.3,438.0
2024-01-24 12:00:00,30.0,118.25,-2.6,438.0
2024-01-24 13:00:00,30.0,118.25,-2.6,438.0
2024-01-24 14:00:00,30.0,118.25,-2.5,438.0
2024-01-24 15:00:00,30.0,118.25,-2.6,438.0
2024-01-24 16:00:00,30.0,118.25,-2.6,438.0
2024-01-24 17:00:00,30.0,118.25,-2.8,438.0
2024-01-24 18:00:00,30.0,118.25,-2.7,438.0
2024-01-24 19:00:00,30.0,118.25,-3.0,438.0
2024-01-24 20:00:00,30.0,118.25,-3.4,438.0
2024-01-24 21:00:00,30.0,118.25,-3.4,438.0
2024-01-24 22:00:00,30.0,118.25,-3.4,438.0
2024-01-24 23:00:00,30.0,118.25,-3.2,438.0
2024-01-22 00:00:00,30.0,118.5,-1.4,207.0
2024-01-22 01:00:00,30.0,118.5,-0.7,207.0
2024-01-22 02:00:00,30.0,118.5,0.0,207.0
2024-01-22 03:00:00,30.0,118.5,0.2,207.0
2024-01-22 04:00:00,30.0,118.5,0.0,207.0
2024-01-22 05:00:00,30.0,118.5,-0.4,207.0
2024-01-22 06:00:00,30.0,118.5,-0.6,207.0
2024-01-22 07:00:00,30.0,118.5,-0.5,207.0
2024-01-22 08:00:00,30.0,118.5,-1.2,207.0
2024-01-22 09:00:00,30.0,118.5,-2.2,207.0
2024-01-22 10:00:00,30.0,118.5,-2.5,207.0
2024-01-22 11:00:00,30.0,118.5,-2.6,207.0
2024-01-22 12:00:00,30.0,118.5,-3.0,207.0
2024-01-22 13:00:00,30.0,118.5,-3.0,207.0
2024-01-22 14:00:00,30.0,118.5,-3.1,207.0
2024-01-22 15:00:00,30.0,118.5,-3.3,207.0
2024-01-22 16:00:00,30.0,118.5,-3.7,207.0
2024-01-22 17:00:00,30.0,118.5,-4.3,207.0
2024-01-22 18:00:00,30.0,118.5,-4.7,207.0
2024-01-22 19:00:00,30.0,118.5,-4.9,207.0
2024-01-22 20:00:00,30.0,118.5,-5.1,207.0
2024-01-22 21:00:00,30.0,118.5,-5.3,207.0
2024-01-22 22:00:00,30.0,118.5,-5.4,207.0
2024-01-22 23:00:00,30.0,118.5,-5.5,207.0
2024-01-23 00:00:00,30.0,118.5,-5.1,207.0
2024-01-23 01:00:00,30.0,118.5,-4.0,207.0
2024-01-23 02:00:00,30.0,118.5,-2.7,207.0
2024-01-23 03:00:00,30.0,118.5,-1.5,207.0
2024-01-23 04:00:00,30.0,118.5,-0.5,207.0
2024-01-23 05:00:00,30.0,118.5,0.3,207.0
2024-01-23 06:00:00,30.0,118.5,0.9,207.0
2024-01-23 07:00:00,30.0,118.5,0.9,207.0
2024-01-23 08:00:00,30.0,118.5,0.3,207.0
2024-01-23 09:00:00,30.0,118.5,-1.0,207.0
2024-01-23 10:00:00,30.0,118.5,-2.9,207.0
2024-01-23 11:00:00,30.0,118.5,-3.4,207.0
2024-01-23 12:00:00,30.0,118.5,-3.4,207.0
2024-01-23 13:00:00,30.0,118.5,-3.5,207.0
2024-01-23 14:00:00,30.0,118.5,-3.6,207.0
2024-01-23 15:00:00,30.0,118.5,-3.6,207.0
2024-01-23 16:00:00,30.0,118.5,-3.7,207.0
2024-01-23 17:00:00,30.0,118.5,-3.9,207.0
2024-01-23 18:00:00,30.0,118.5,-4.1,207.0
2024-01-23 19:00:00,30.0,118.5,-4.3,207.0
2024-01-23 20:00:00,30.0,118.5,-4.5,207.0
2024-01-23 21:00:00,30.0,118.5,-4.6,207.0
2024-01-23 22:00:00,30.0,118.5,-4.8,207.0
2024-01-23 23:00:00,30.0,118.5,-4.9,207.0
2024-01-24 00:00:00,30.0,118.5,-3.8,207.0
2024-01-24 01:00:00,30.0,118.5,-1.7,207.0
2024-01-24 02:00:00,30.0,118.5,0.1,207.0
2024-01-24 03:00:00,30.0,118.5,1.6,207.0
2024-01-24 04:00:00,30.0,118.5,3.3,207.0
2024-01-24 05:00:00,30.0,118.5,4.1,207.0
2024-01-24 06:00:00,30.0,118.5,4.7,207.0
2024-01-24 07:00:00,30.0,118.5,4.6,207.0
2024-01-24 08:00:00,30.0,118.5,4.0,207.0
2024-01-24 09:00:00,30.0,118.5,1.9,207.0
2024-01-24 10:00:00,30.0,118.5,-0.7,207.0
2024-01-24 11:00:00,30.0,118.5,-1.2,207.0
2024-01-24 12:00:00,30.0,118.5,-1.4,207.0
2024-01-24 13:00:00,30.0,118.5,-1.7,207.0
2024-01-24 14:00:00,30.0,118.5,-1.5,207.0
2024-01-24 15:00:00,30.0,118.5,-1.8,207.0
2024-01-24 16:00:00,30.0,118.5,-2.1,207.0
2024-01-24 17:00:00,30.0,118.5,-2.1,207.0
2024-01-24 18:00:00,30.0,118.5,-2.1,207.0
2024-01-24 19:00:00,30.0,118.5,-2.3,207.0
2024-01-24 20:00:00,30.0,118.5,-2.6,207.0
2024-01-24 21:00:00,30.0,118.5,-2.8,207.0
2024-01-24 22:00:00,30.0,118.5,-2.9,207.0
2024-01-24 23:00:00,30.0,118.5,-2.8,207.0
2024-01-22 00:00:00,30.0,118.75,-2.2,309.0
2024-01-22 01:00:00,30.0,118.75,-1.5,309.0
2024-01-22 02:00:00,30.0,118.75,-0.8,309.0
2024-01-22 03:00:00,30.0,118.75,-0.6,309.0
2024-01-22 04:00:00,30.0,118.75,-0.6,309.0
2024-01-22 05:00:00,30.0,118.75,-1.1,309.0
2024-01-22 06:00:00,30.0,118.75,-1.3,309.0
2024-01-22 07:00:00,30.0,118.75,-1.6,309.0
2024-01-22 08:00:00,30.0,118.75,-2.0,309.0
2024-01-22 09:00:00,30.0,118.75,-2.8,309.0
2024-01-22 10:00:00,30.0,118.75,-3.2,309.0
2024-01-22 11:00:00,30.0,118.75,-3.5,309.0
2024-01-22 12:00:00,30.0,118.75,-3.9,309.0
2024-01-22 13:00:00,30.0,118.75,-3.9,309.0
2024-01-22 14:00:00,30.0,118.75,-4.0,309.0
2024-01-22 15:00:00,30.0,118.75,-4.2,309.0
2024-01-22 16:00:00,30.0,118.75,-4.4,309.0
2024-01-22 17:00:00,30.0,118.75,-4.9,309.0
2024-01-22 18:00:00,30.0,118.75,-5.3,309.0
2024-01-22 19:00:00,30.0,118.75,-5.6,309.0
2024-01-22 20:00:00,30.0,118.75,-5.9,309.0
2024-01-22 21:00:00,30.0,118.75,-6.2,309.0
2024-01-22 22:00:00,30.0,118.75,-6.3,309.0
2024-01-22 23:00:00,30.0,118.75,-6.4,309.0
2024-01-23 00:00:00,30.0,118.75,-6.0,309.0
2024-01-23 01:00:00,30.0,118.75,-4.8,309.0
2024-01-23 02:00:00,30.0,118.75,-3.5,309.0
2024-01-23 03:00:00,30.0,118.75,-2.2,309.0
2024-01-23 04:00:00,30.0,118.75,-1.1,309.0
2024-01-23 05:00:00,30.0,118.75,-0.3,309.0
2024-01-23 06:00:00,30.0,118.75,0.5,309.0
2024-01-23 07:00:00,30.0,118.75,0.4,309.0
2024-01-23 08:00:00,30.0,118.75,-0.2,309.0
2024-01-23 09:00:00,30.0,118.75,-1.5,309.0
2024-01-23 10:00:00,30.0,118.75,-3.3,309.0
2024-01-23 11:00:00,30.0,118.75,-3.8,309.0
2024-01-23 12:00:00,30.0,118.75,-3.9,309.0
2024-01-23 13:00:00,30.0,118.75,-4.0,309.0
2024-01-23 14:00:00,30.0,118.75,-4.1,309.0
2024-01-23 15:00:00,30.0,118.75,-4.2,309.0
2024-01-23 16:00:00,30.0,118.75,-4.4,309.0
2024-01-23 17:00:00,30.0,118.75,-4.6,309.0
2024-01-23 18:00:00,30.0,118.75,-4.8,309.0
2024-01-23 19:00:00,30.0,118.75,-5.0,309.0
2024-01-23 20:00:00,30.0,118.75,-5.2,309.0
2024-01-23 21:00:00,30.0,118.75,-5.3,309.0
2024-01-23 22:00:00,30.0,118.75,-5.4,309.0
2024-01-23 23:00:00,30.0,118.75,-5.5,309.0
2024-01-24 00:00:00,30.0,118.75,-4.4,309.0
2024-01-24 01:00:00,30.0,118.75,-2.4,309.0
2024-01-24 02:00:00,30.0,118.75,-0.5,309.0
2024-01-24 03:00:00,30.0,118.75,1.2,309.0
2024-01-24 04:00:00,30.0,118.75,2.9,309.0
2024-01-24 05:00:00,30.0,118.75,3.7,309.0
2024-01-24 06:00:00,30.0,118.75,4.2,309.0
2024-01-24 07:00:00,30.0,118.75,4.1,309.0
2024-01-24 08:00:00,30.0,118.75,3.6,309.0
2024-01-24 09:00:00,30.0,118.75,1.4,309.0
2024-01-24 10:00:00,30.0,118.75,-1.0,309.0
2024-01-24 11:00:00,30.0,118.75,-1.7,309.0
2024-01-24 12:00:00,30.0,118.75,-1.9,309.0
2024-01-24 13:00:00,30.0,118.75,-2.1,309.0
2024-01-24 14:00:00,30.0,118.75,-2.1,309.0
2024-01-24 15:00:00,30.0,118.75,-2.3,309.0
2024-01-24 16:00:00,30.0,118.75,-2.3,309.0
2024-01-24 17:00:00,30.0,118.75,-2.5,309.0
2024-01-24 18:00:00,30.0,118.75,-2.4,309.0
2024-01-24 19:00:00,30.0,118.75,-2.3,309.0
2024-01-24 20:00:00,30.0,118.75,-2.7,309.0
2024-01-24 21:00:00,30.0,118.75,-3.0,309.0
2024-01-24 22:00:00,30.0,118.75,-3.1,309.0
2024-01-24 23:00:00,30.0,118.75,-3.1,309.0
2024-01-22 00:00:00,30.0,119.0,-5.7,832.0
2024-01-22 01:00:00,30.0,119.0,-5.1,832.0
2024-01-22 02:00:00,30.0,119.0,-4.5,832.0
2024-01-22 03:00:00,30.0,119.0,-4.0,832.0
2024-01-22 04:00:00,30.0,119.0,-4.2,832.0
2024-01-22 05:00:00,30.0,119.0,-4.6,832.0
2024-01-22 06:00:00,30.0,119.0,-4.9,832.0
2024-01-22 07:00:00,30.0,119.0,-5.2,832.0
2024-01-22 08:00:00,30.0,119.0,-5.6,832.0
2024-01-22 09:00:00,30.0,119.0,-6.1,832.0
2024-01-22 10:00:00,30.0,119.0,-6.5,832.0
2024-01-22 11:00:00,30.0,119.0,-7.0,832.0
2024-01-22 12:00:00,30.0,119.0,-7.5,832.0
2024-01-22 13:00:00,30.0,119.0,-7.7,832.0
2024-01-22 14:00:00,30.0,119.0,-7.7,832.0
2024-01-22 15:00:00,30.0,119.0,-7.8,832.0
2024-01-22 16:00:00,30.0,119.0,-7.9,832.0
2024-01-22 17:00:00,30.0,119.0,-8.5,832.0
2024-01-22 18:00:00,30.0,119.0,-9.0,832.0
2024-01-22 19:00:00,30.0,119.0,-9.4,832.0
2024-01-22 20:00:00,30.0,119.0,-9.8,832.0
2024-01-22 21:00:00,30.0,119.0,-10.0,832.0
2024-01-22 22:00:00,30.0,119.0,-10.1,832.0
2024-01-22 23:00:00,30.0,119.0,-10.3,832.0
2024-01-23 00:00:00,30.0,119.0,-9.4,832.0
2024-01-23 01:00:00,30.0,119.0,-7.8,832.0
2024-01-23 02:00:00,30.0,119.0,-6.0,832.0
2024-01-23 03:00:00,30.0,119.0,-4.3,832.0
2024-01-23 04:00:00,30.0,119.0,-3.1,832.0
2024-01-23 05:00:00,30.0,119.0,-2.4,832.0
2024-01-23 06:00:00,30.0,119.0,-1.5,832.0
2024-01-23 07:00:00,30.0,119.0,-1.8,832.0
2024-01-23 08:00:00,30.0,119.0,-2.5,832.0
2024-01-23 09:00:00,30.0,119.0,-4.0,832.0
2024-01-23 10:00:00,30.0,119.0,-5.8,832.0
2024-01-23 11:00:00,30.0,119.0,-6.4,832.0
2024-01-23 12:00:00,30.0,119.0,-6.6,832.0
2024-01-23 13:00:00,30.0,119.0,-6.8,832.0
2024-01-23 14:00:00,30.0,119.0,-6.9,832.0
2024-01-23 15:00:00,30.0,119.0,-7.1,832.0
2024-01-23 16:00:00,30.0,119.0,-7.2,832.0
2024-01-23 17:00:00,30.0,119.0,-7.3,832.0
2024-01-23 18:00:00,30.0,119.0,-7.5,832.0
2024-01-23 19:00:00,30.0,119.0,-7.6,832.0
2024-01-23 20:00:00,30.0,119.0,-7.8,832.0
2024-01-23 21:00:00,30.0,119.0,-7.9,832.0
2024-01-23 22:00:00,30.0,119.0,-7.9,832.0
2024-01-23 23:00:00,30.0,119.0,-7.9,832.0
2024-01-24 00:00:00,30.0,119.0,-7.2,832.0
2024-01-24 01:00:00,30.0,119.0,-4.8,832.0
2024-01-24 02:00:00,30.0,119.0,-2.5,832.0
2024-01-24 03:00:00,30.0,119.0,-0.8,832.0
2024-01-24 04:00:00,30.0,119.0,1.0,832.0
2024-01-24 05:00:00,30.0,119.0,2.0,832.0
2024-01-24 06:00:00,30.0,119.0,2.4,832.0
2024-01-24 07:00:00,30.0,119.0,2.1,832.0
2024-01-24 08:00:00,30.0,119.0,1.4,832.0
2024-01-24 09:00:00,30.0,119.0,-1.2,832.0
2024-01-24 10:00:00,30.0,119.0,-4.7,832.0
2024-01-24 11:00:00,30.0,119.0,-5.3,832.0
2024-01-24 12:00:00,30.0,119.0,-5.3,832.0
2024-01-24 13:00:00,30.0,119.0,-5.2,832.0
2024-01-24 14:00:00,30.0,119.0,-4.7,832.0
2024-01-24 15:00:00,30.0,119.0,-4.9,832.0
2024-01-24 16:00:00,30.0,119.0,-4.8,832.0
2024-01-24 17:00:00,30.0,119.0,-4.9,832.0
2024-01-24 18:00:00,30.0,119.0,-5.1,832.0
2024-01-24 19:00:00,30.0,119.0,-5.1,832.0
2024-01-24 20:00:00,30.0,119.0,-5.3,832.0
2024-01-24 21:00:00,30.0,119.0,-5.7,832.0
2024-01-24 22:00:00,30.0,119.0,-6.0,832.0
2024-01-24 23:00:00,30.0,119.0,-6.0,832.0
2024-01-22 00:00:00,30.0,119.25,-4.9,761.0
2024-01-22 01:00:00,30.0,119.25,-4.5,761.0
2024-01-22 02:00:00,30.0,119.25,-3.9,761.0
2024-01-22 03:00:00,30.0,119.25,-3.4,761.0
2024-01-22 04:00:00,30.0,119.25,-3.6,761.0
2024-01-22 05:00:00,30.0,119.25,-3.5,761.0
2024-01-22 06:00:00,30.0,119.25,-4.2,761.0
2024-01-22 07:00:00,30.0,119.25,-4.4,761.0
2024-01-22 08:00:00,30.0,119.25,-5.1,761.0
2024-01-22 09:00:00,30.0,119.25,-5.8,761.0
2024-01-22 10:00:00,30.0,119.25,-6.1,761.0
2024-01-22 11:00:00,30.0,119.25,-6.3,761.0
2024-01-22 12:00:00,30.0,119.25,-6.5,761.0
2024-01-22 13:00:00,30.0,119.25,-6.8,761.0
2024-01-22 14:00:00,30.0,119.25,-6.8,761.0
2024-01-22 15:00:00,30.0,119.25,-6.9,761.0
2024-01-22 16:00:00,30.0,119.25,-7.0,761.0
2024-01-22 17:00:00,30.0,119.25,-7.4,761.0
2024-01-22 18:00:00,30.0,119.25,-7.9,761.0
2024-01-22 19:00:00,30.0,119.25,-8.1,761.0
2024-01-22 20:00:00,30.0,119.25,-8.4,761.0
2024-01-22 21:00:00,30.0,119.25,-8.5,761.0
2024-01-22 22:00:00,30.0,119.25,-8.6,761.0
2024-01-22 23:00:00,30.0,119.25,-8.7,761.0
2024-01-23 00:00:00,30.0,119.25,-8.3,761.0
2024-01-23 01:00:00,30.0,119.25,-7.1,761.0
2024-01-23 02:00:00,30.0,119.25,-5.7,761.0
2024-01-23 03:00:00,30.0,119.25,-4.4,761.0
2024-01-23 04:00:00,30.0,119.25,-3.3,761.0
2024-01-23 05:00:00,30.0,119.25,-2.4,761.0
2024-01-23 06:00:00,30.0,119.25,-1.9,761.0
2024-01-23 07:00:00,30.0,119.25,-2.1,761.0
2024-01-23 08:00:00,30.0,119.25,-3.0,761.0
2024-01-23 09:00:00,30.0,119.25,-4.4,761.0
2024-01-23 10:00:00,30.0,119.25,-6.6,761.0
2024-01-23 11:00:00,30.0,119.25,-7.1,761.0
2024-01-23 12:00:00,30.0,119.25,-7.1,761.0
2024-01-23 13:00:00,30.0,119.25,-7.2,761.0
2024-01-23 14:00:00,30.0,119.25,-7.2,761.0
2024-01-23 15:00:00,30.0,119.25,-7.3,761.0
2024-01-23 16:00:00,30.0,119.25,-7.5,761.0
2024-01-23 17:00:00,30.0,119.25,-7.7,761.0
2024-01-23 18:00:00,30.0,119.25,-7.9,761.0
2024-01-23 19:00:00,30.0,119.25,-8.0,761.0
2024-01-23 20:00:00,30.0,119.25,-8.3,761.0
2024-01-23 21:00:00,30.0,119.25,-8.4,761.0
2024-01-23 22:00:00,30.0,119.25,-8.6,761.0
2024-01-23 23:00:00,30.0,119.25,-8.7,761.0
2024-01-24 00:00:00,30.0,119.25,-7.4,761.0
2024-01-24 01:00:00,30.0,119.25,-5.4,761.0
2024-01-24 02:00:00,30.0,119.25,-3.3,761.0
2024-01-24 03:00:00,30.0,119.25,-1.5,761.0
2024-01-24 04:00:00,30.0,119.25,-0.1,761.0
2024-01-24 05:00:00,30.0,119.25,1.1,761.0
2024-01-24 06:00:00,30.0,119.25,1.3,761.0
2024-01-24 07:00:00,30.0,119.25,1.1,761.0
2024-01-24 08:00:00,30.0,119.25,0.3,761.0
2024-01-24 09:00:00,30.0,119.25,-2.4,761.0
2024-01-24 10:00:00,30.0,119.25,-4.9,761.0
2024-01-24 11:00:00,30.0,119.25,-5.5,761.0
2024-01-24 12:00:00,30.0,119.25,-5.9,761.0
2024-01-24 13:00:00,30.0,119.25,-6.1,761.0
2024-01-24 14:00:00,30.0,119.25,-6.3,761.0
2024-01-24 15:00:00,30.0,119.25,-5.8,761.0
2024-01-24 16:00:00,30.0,119.25,-5.8,761.0
2024-01-24 17:00:00,30.0,119.25,-6.0,761.0
2024-01-24 18:00:00,30.0,119.25,-6.0,761.0
2024-01-24 19:00:00,30.0,119.25,-6.1,761.0
2024-01-24 20:00:00,30.0,119.25,-6.1,761.0
2024-01-24 21:00:00,30.0,119.25,-6.2,761.0
2024-01-24 22:00:00,30.0,119.25,-6.6,761.0
2024-01-24 23:00:00,30.0,119.25,-6.8,761.0
2024-01-22 00:00:00,30.0,119.5,-3.1,493.0
2024-01-22 01:00:00,30.0,119.5,-2.9,493.0
2024-01-22 02:00:00,30.0,119.5,-2.0,493.0
2024-01-22 03:00:00,30.0,119.5,-1.3,493.0
2024-01-22 04:00:00,30.0,119.5,-1.2,493.0
2024-01-22 05:00:00,30.0,119.5,-1.5,493.0
2024-01-22 06:00:00,30.0,119.5,-1.8,493.0
2024-01-22 07:00:00,30.0,119.5,-2.4,493.0
2024-01-22 08:00:00,30.0,119.5,-3.4,493.0
2024-01-22 09:00:00,30.0,119.5,-3.7,493.0
2024-01-22 10:00:00,30.0,119.5,-4.4,493.0
2024-01-22 11:00:00,30.0,119.5,-4.4,493.0
2024-01-22 12:00:00,30.0,119.5,-4.4,493.0
2024-01-22 13:00:00,30.0,119.5,-4.5,493.0
2024-01-22 14:00:00,30.0,119.5,-4.7,493.0
2024-01-22 15:00:00,30.0,119.5,-4.9,493.0
2024-01-22 16:00:00,30.0,119.5,-5.3,493.0
2024-01-22 17:00:00,30.0,119.5,-5.7,493.0
2024-01-22 18:00:00,30.0,119.5,-6.2,493.0
2024-01-22 19:00:00,30.0,119.5,-6.7,493.0
2024-01-22 20:00:00,30.0,119.5,-7.0,493.0
2024-01-22 21:00:00,30.0,119.5,-7.1,493.0
2024-01-22 22:00:00,30.0,119.5,-7.1,493.0
2024-01-22 23:00:00,30.0,119.5,-7.2,493.0
2024-01-23 00:00:00,30.0,119.5,-6.7,493.0
2024-01-23 01:00:00,30.0,119.5,-5.5,493.0
2024-01-23 02:00:00,30.0,119.5,-4.1,493.0
2024-01-23 03:00:00,30.0,119.5,-2.8,493.0
2024-01-23 04:00:00,30.0,119.5,-1.8,493.0
2024-01-23 05:00:00,30.0,119.5,-1.1,493.0
2024-01-23 06:00:00,30.0,119.5,-0.8,493.0
2024-01-23 07:00:00,30.0,119.5,-1.1,493.0
2024-01-23 08:00:00,30.0,119.5,-1.8,493.0
2024-01-23 09:00:00,30.0,119.5,-3.3,493.0
2024-01-23 10:00:00,30.0,119.5,-4.6,493.0
2024-01-23 11:00:00,30.0,119.5,-5.2,493.0
2024-01-23 12:00:00,30.0,119.5,-5.3,493.0
2024-01-23 13:00:00,30.0,119.5,-5.4,493.0
2024-01-23 14:00:00,30.0,119.5,-5.4,493.0
2024-01-23 15:00:00,30.0,119.5,-5.5,493.0
2024-01-23 16:00:00,30.0,119.5,-5.5,493.0
2024-01-23 17:00:00,30.0,119.5,-5.6,493.0
2024-01-23 18:00:00,30.0,119.5,-5.6,493.0
2024-01-23 19:00:00,30.0,119.5,-5.7,493.0
2024-01-23 20:00:00,30.0,119.5,-5.9,493.0
2024-01-23 21:00:00,30.0,119.5,-6.0,493.0
2024-01-23 22:00:00,30.0,119.5,-6.2,493.0
2024-01-23 23:00:00,30.0,119.5,-6.3,493.0
2024-01-24 00:00:00,30.0,119.5,-5.3,493.0
2024-01-24 01:00:00,30.0,119.5,-3.5,493.0
2024-01-24 02:00:00,30.0,119.5,-1.7,493.0
2024-01-24 03:00:00,30.0,119.5,-0.3,493.0
2024-01-24 04:00:00,30.0,119.5,1.2,493.0
2024-01-24 05:00:00,30.0,119.5,2.3,493.0
2024-01-24 06:00:00,30.0,119.5,2.9,493.0
2024-01-24 07:00:00,30.0,119.5,2.8,493.0
2024-01-24 08:00:00,30.0,119.5,2.1,493.0
2024-01-24 09:00:00,30.0,119.5,-0.5,493.0
2024-01-24 10:00:00,30.0,119.5,-3.0,493.0
2024-01-24 11:00:00,30.0,119.5,-3.8,493.0
2024-01-24 12:00:00,30.0,119.5,-4.3,493.0
2024-01-24 13:00:00,30.0,119.5,-4.6,493.0
2024-01-24 14:00:00,30.0,119.5,-4.8,493.0
2024-01-24 15:00:00,30.0,119.5,-4.7,493.0
2024-01-24 16:00:00,30.0,119.5,-4.6,493.0
2024-01-24 17:00:00,30.0,119.5,-4.5,493.0
2024-01-24 18:00:00,30.0,119.5,-4.5,493.0
2024-01-24 19:00:00,30.0,119.5,-4.5,493.0
2024-01-24 20:00:00,30.0,119.5,-4.6,493.0
2024-01-24 21:00:00,30.0,119.5,-4.6,493.0
2024-01-24 22:00:00,30.0,119.5,-5.1,493.0
2024-01-24 23:00:00,30.0,119.5,-5.4,493.0
2024-01-22 00:00:00,30.0,119.75,-0.0,30.0
2024-01-22 01:00:00,30.0,119.75,0.0,30.0
2024-01-22 02:00:00,30.0,119.75,0.7,30.0
2024-01-22 03:00:00,30.0,119.75,1.3,30.0
2024-01-22 04:00:00,30.0,119.75,1.6,30.0
2024-01-22 05:00:00,30.0,119.75,1.4,30.0
2024-01-22 06:00:00,30.0,119.75,1.2,30.0
2024-01-22 07:00:00,30.0,119.75,0.5,30.0
2024-01-22 08:00:00,30.0,119.75,-0.1,30.0
2024-01-22 09:00:00,30.0,119.75,-0.8,30.0
2024-01-22 10:00:00,30.0,119.75,-1.7,30.0
2024-01-22 11:00:00,30.0,119.75,-1.5,30.0
2024-01-22 12:00:00,30.0,119.75,-1.6,30.0
2024-01-22 13:00:00,30.0,119.75,-1.7,30.0
2024-01-22 14:00:00,30.0,119.75,-1.9,30.0
2024-01-22 15:00:00,30.0,119.75,-2.1,30.0
2024-01-22 16:00:00,30.0,119.75,-2.3,30.0
2024-01-22 17:00:00,30.0,119.75,-2.4,30.0
2024-01-22 18:00:00,30.0,119.75,-2.9,30.0
2024-01-22 19:00:00,30.0,119.75,-3.2,30.0
2024-01-22 20:00:00,30.0,119.75,-3.5,30.0
2024-01-22 21:00:00,30.0,119.75,-3.5,30.0
2024-01-22 22:00:00,30.0,119.75,-3.6,30.0
2024-01-22 23:00:00,30.0,119.75,-3.7,30.0
2024-01-23 00:00:00,30.0,119.75,-3.2,30.0
2024-01-23 01:00:00,30.0,119.75,-2.0,30.0
2024-01-23 02:00:00,30.0,119.75,-0.7,30.0
2024-01-23 03:00:00,30.0,119.75,0.5,30.0
2024-01-23 04:00:00,30.0,119.75,1.9,30.0
2024-01-23 05:00:00,30.0,119.75,2.6,30.0
2024-01-23 06:00:00,30.0,119.75,3.2,30.0
2024-01-23 07:00:00,30.0,119.75,3.1,30.0
2024-01-23 08:00:00,30.0,119.75,2.7,30.0
2024-01-23 09:00:00,30.0,119.75,0.8,30.0
2024-01-23 10:00:00,30.0,119.75,-1.5,30.0
2024-01-23 11:00:00,30.0,119.75,-2.3,30.0
2024-01-23 12:00:00,30.0,119.75,-2.4,30.0
2024-01-23 13:00:00,30.0,119.75,-2.5,30.0
2024-01-23 14:00:00,30.0,119.75,-2.6,30.0
2024-01-23 15:00:00,30.0,119.75,-2.6,30.0
2024-01-23 16:00:00,30.0,119.75,-2.7,30.0
2024-01-23 17:00:00,30.0,119.75,-2.7,30.0
2024-01-23 18:00:00,30.0,119.75,-2.8,30.0
2024-01-23 19:00:00,30.0,119.75,-2.8,30.0
2024-01-23 20:00:00,30.0,119.75,-2.9,30.0
2024-01-23 21:00:00,30.0,119.75,-2.9,30.0
2024-01-23 22:00:00,30.0,119.75,-2.9,30.0
2024-01-23 23:00:00,30.0,119.75,-2.9,30.0
2024-01-24 00:00:00,30.0,119.75,-1.9,30.0
2024-01-24 01:00:00,30.0,119.75,-0.3,30.0
2024-01-24 02:00:00,30.0,119.75,1.4,30.0
2024-01-24 03:00:00,30.0,119.75,2.8,30.0
2024-01-24 04:00:00,30.0,119.75,4.2,30.0
2024-01-24 05:00:00,30.0,119.75,5.1,30.0
2024-01-24 06:00:00,30.0,119.75,5.5,30.0
2024-01-24 07:00:00,30.0,119.75,5.1,30.0
2024-01-24 08:00:00,30.0,119.75,4.4,30.0
2024-01-24 09:00:00,30.0,119.75,2.1,30.0
2024-01-24 10:00:00,30.0,119.75,-0.2,30.0
2024-01-24 11:00:00,30.0,119.75,-1.0,30.0
2024-01-24 12:00:00,30.0,119.75,-1.3,30.0
2024-01-24 13:00:00,30.0,119.75,-1.4,30.0
2024-01-24 14:00:00,30.0,119.75,-1.5,30.0
2024-01-24 15:00:00,30.0,119.75,-1.5,30.0
2024-01-24 16:00:00,30.0,119.75,-1.2,30.0
2024-01-24 17:00:00,30.0,119.75,-1.3,30.0
2024-01-24 18:00:00,30.0,119.75,-1.3,30.0
2024-01-24 19:00:00,30.0,119.75,-1.4,30.0
2024-01-24 20:00:00,30.0,119.75,-1.5,30.0
2024-01-24 21:00:00,30.0,119.75,-1.4,30.0
2024-01-24 22:00:00,30.0,119.75,-1.7,30.0
2024-01-24 23:00:00,30.0,119.75,-2.0,30.0
2024-01-22 00:00:00,30.0,120.0,-0.4,24.0
2024-01-22 01:00:00,30.0,120.0,-0.4,24.0
2024-01-22 02:00:00,30.0,120.0,-0.0,24.0
2024-01-22 03:00:00,30.0,120.0,0.4,24.0
2024-01-22 04:00:00,30.0,120.0,0.6,24.0
2024-01-22 05:00:00,30.0,120.0,0.8,24.0
2024-01-22 06:00:00,30.0,120.0,0.7,24.0
2024-01-22 07:00:00,30.0,120.0,0.5,24.0
2024-01-22 08:00:00,30.0,120.0,-0.4,24.0
2024-01-22 09:00:00,30.0,120.0,-1.2,24.0
2024-01-22 10:00:00,30.0,120.0,-2.2,24.0
2024-01-22 11:00:00,30.0,120.0,-1.9,24.0
2024-01-22 12:00:00,30.0,120.0,-1.9,24.0
2024-01-22 13:00:00,30.0,120.0,-2.0,24.0
2024-01-22 14:00:00,30.0,120.0,-2.2,24.0
2024-01-22 15:00:00,30.0,120.0,-2.5,24.0
2024-01-22 16:00:00,30.0,120.0,-2.9,24.0
2024-01-22 17:00:00,30.0,120.0,-2.9,24.0
2024-01-22 18:00:00,30.0,120.0,-3.5,24.0
2024-01-22 19:00:00,30.0,120.0,-3.9,24.0
2024-01-22 20:00:00,30.0,120.0,-4.2,24.0
2024-01-22 21:00:00,30.0,120.0,-4.3,24.0
2024-01-22 22:00:00,30.0,120.0,-4.4,24.0
2024-01-22 23:00:00,30.0,120.0,-4.4,24.0
2024-01-23 00:00:00,30.0,120.0,-3.8,24.0
2024-01-23 01:00:00,30.0,120.0,-2.7,24.0
2024-01-23 02:00:00,30.0,120.0,-1.3,24.0
2024-01-23 03:00:00,30.0,120.0,-0.1,24.0
2024-01-23 04:00:00,30.0,120.0,1.0,24.0
2024-01-23 05:00:00,30.0,120.0,1.7,24.0
2024-01-23 06:00:00,30.0,120.0,2.0,24.0
2024-01-23 07:00:00,30.0,120.0,2.0,24.0
2024-01-23 08:00:00,30.0,120.0,1.3,24.0
2024-01-23 09:00:00,30.0,120.0,-0.4,24.0
2024-01-23 10:00:00,30.0,120.0,-1.9,24.0
2024-01-23 11:00:00,30.0,120.0,-2.4,24.0
2024-01-23 12:00:00,30.0,120.0,-2.5,24.0
2024-01-23 13:00:00,30.0,120.0,-2.5,24.0
2024-01-23 14:00:00,30.0,120.0,-2.5,24.0
2024-01-23 15:00:00,30.0,120.0,-2.5,24.0
2024-01-23 16:00:00,30.0,120.0,-2.5,24.0
2024-01-23 17:00:00,30.0,120.0,-2.5,24.0
2024-01-23 18:00:00,30.0,120.0,-2.5,24.0
2024-01-23 19:00:00,30.0,120.0,-2.5,24.0
2024-01-23 20:00:00,30.0,120.0,-2.5,24.0
2024-01-23 21:00:00,30.0,120.0,-2.5,24.0
2024-01-23 22:00:00,30.0,120.0,-2.5,24.0
2024-01-23 23:00:00,30.0,120.0,-2.6,24.0
2024-01-24 00:00:00,30.0,120.0,-1.7,24.0
2024-01-24 01:00:00,30.0,120.0,-0.2,24.0
2024-01-24 02:00:00,30.0,120.0,1.2,24.0
2024-01-24 03:00:00,30.0,120.0,2.4,24.0
2024-01-24 04:00:00,30.0,120.0,3.4,24.0
2024-01-24 05:00:00,30.0,120.0,4.0,24.0
2024-01-24 06:00:00,30.0,120.0,4.5,24.0
2024-01-24 07:00:00,30.0,120.0,4.5,24.0
2024-01-24 08:00:00,30.0,120.0,4.1,24.0
2024-01-24 09:00:00,30.0,120.0,1.9,24.0
2024-01-24 10:00:00,30.0,120.0,-0.2,24.0
2024-01-24 11:00:00,30.0,120.0,-0.5,24.0
2024-01-24 12:00:00,30.0,120.0,-0.8,24.0
2024-01-24 13:00:00,30.0,120.0,-0.9,24.0
2024-01-24 14:00:00,30.0,120.0,-0.9,24.0
2024-01-24 15:00:00,30.0,120.0,-1.2,24.0
2024-01-24 16:00:00,30.0,120.0,-0.9,24.0
2024-01-24 17:00:00,30.0,120.0,-1.0,24.0
2024-01-24 18:00:00,30.0,120.0,-1.0,24.0
2024-01-24 19:00:00,30.0,120.0,-1.0,24.0
2024-01-24 20:00:00,30.0,120.0,-1.1,24.0
2024-01-24 21:00:00,30.0,120.0,-1.1,24.0
2024-01-24 22:00:00,30.0,120.0,-1.4,24.0
2024-01-24 23:00:00,30.0,120.0,-1.7,24.0
2024-01-22 00:00:00,30.0,120.25,0.3,9.0
2024-01-22 01:00:00,30.0,120.25,0.4,9.0
2024-01-22 02:00:00,30.0,120.25,0.7,9.0
2024-01-22 03:00:00,30.0,120.25,0.9,9.0
2024-01-22 04:00:00,30.0,120.25,0.9,9.0
2024-01-22 05:00:00,30.0,120.25,0.9,9.0
2024-01-22 06:00:00,30.0,120.25,1.0,9.0
2024-01-22 07:00:00,30.0,120.25,0.9,9.0
2024-01-22 08:00:00,30.0,120.25,0.5,9.0
2024-01-22 09:00:00,30.0,120.25,-0.3,9.0
2024-01-22 10:00:00,30.0,120.25,-1.2,9.0
2024-01-22 11:00:00,30.0,120.25,-1.2,9.0
2024-01-22 12:00:00,30.0,120.25,-1.4,9.0
2024-01-22 13:00:00,30.0,120.25,-1.6,9.0
2024-01-22 14:00:00,30.0,120.25,-1.7,9.0
2024-01-22 15:00:00,30.0,120.25,-2.0,9.0
2024-01-22 16:00:00,30.0,120.25,-2.4,9.0
2024-01-22 17:00:00,30.0,120.25,-2.3,9.0
2024-01-22 18:00:00,30.0,120.25,-2.7,9.0
2024-01-22 19:00:00,30.0,120.25,-3.2,9.0
2024-01-22 20:00:00,30.0,120.25,-3.5,9.0
2024-01-22 21:00:00,30.0,120.25,-3.6,9.0
2024-01-22 22:00:00,30.0,120.25,-3.8,9.0
2024-01-22 23:00:00,30.0,120.25,-3.9,9.0
2024-01-23 00:00:00,30.0,120.25,-3.5,9.0
2024-01-23 01:00:00,30.0,120.25,-2.6,9.0
2024-01-23 02:00:00,30.0,120.25,-1.6,9.0
2024-01-23 03:00:00,30.0,120.25,-0.7,9.0
2024-01-23 04:00:00,30.0,120.25,0.4,9.0
2024-01-23 05:00:00,30.0,120.25,1.1,9.0
2024-01-23 06:00:00,30.0,120.25,1.3,9.0
2024-01-23 07:00:00,30.0,120.25,1.4,9.0
2024-01-23 08:00:00,30.0,120.25,0.9,9.0
2024-01-23 09:00:00,30.0,120.25,-0.2,9.0
2024-01-23 10:00:00,30.0,120.25,-1.3,9.0
2024-01-23 11:00:00,30.0,120.25,-1.7,9.0
2024-01-23 12:00:00,30.0,120.25,-1.8,9.0
2024-01-23 13:00:00,30.0,120.25,-1.9,9.0
2024-01-23 14:00:00,30.0,120.25,-2.0,9.0
2024-01-23 15:00:00,30.0,120.25,-2.0,9.0
2024-01-23 16:00:00,30.0,120.25,-2.1,9.0
2024-01-23 17:00:00,30.0,120.25,-2.2,9.0
2024-01-23 18:00:00,30.0,120.25,-2.3,9.0
2024-01-23 19:00:00,30.0,120.25,-2.3,9.0
2024-01-23 20:00:00,30.0,120.25,-2.3,9.0
2024-01-23 21:00:00,30.0,120.25,-2.3,9.0
2024-01-23 22:00:00,30.0,120.25,-2.4,9.0
2024-01-23 23:00:00,30.0,120.25,-2.5,9.0
2024-01-24 00:00:00,30.0,120.25,-1.6,9.0
2024-01-24 01:00:00,30.0,120.25,-0.2,9.0
2024-01-24 02:00:00,30.0,120.25,0.9,9.0
2024-01-24 03:00:00,30.0,120.25,1.9,9.0
2024-01-24 04:00:00,30.0,120.25,2.9,9.0
2024-01-24 05:00:00,30.0,120.25,3.5,9.0
2024-01-24 06:00:00,30.0,120.25,4.2,9.0
2024-01-24 07:00:00,30.0,120.25,4.5,9.0
2024-01-24 08:00:00,30.0,120.25,4.4,9.0
2024-01-24 09:00:00,30.0,120.25,3.0,9.0
2024-01-24 10:00:00,30.0,120.25,1.2,9.0
2024-01-24 11:00:00,30.0,120.25,0.8,9.0
2024-01-24 12:00:00,30.0,120.25,0.5,9.0
2024-01-24 13:00:00,30.0,120.25,0.3,9.0
2024-01-24 14:00:00,30.0,120.25,0.3,9.0
2024-01-24 15:00:00,30.0,120.25,0.1,9.0
2024-01-24 16:00:00,30.0,120.25,0.2,9.0
2024-01-24 17:00:00,30.0,120.25,0.1,9.0
2024-01-24 18:00:00,30.0,120.25,-0.1,9.0
2024-01-24 19:00:00,30.0,120.25,-0.0,9.0
2024-01-24 20:00:00,30.0,120.25,-0.2,9.0
2024-01-24 21:00:00,30.0,120.25,-0.3,9.0
2024-01-24 22:00:00,30.0,120.25,-0.7,9.0
2024-01-24 23:00:00,30.0,120.25,-1.0,9.0
2024-01-22 00:00:00,30.0,120.5,1.1,4.0
2024-01-22 01:00:00,30.0,120.5,1.1,4.0
2024-01-22 02:00:00,30.0,120.5,1.2,4.0
2024-01-22 03:00:00,30.0,120.5,1.4,4.0
2024-01-22 04:00:00,30.0,120.5,1.4,4.0
2024-01-22 05:00:00,30.0,120.5,1.3,4.0
2024-01-22 06:00:00,30.0,120.5,1.2,4.0
2024-01-22 07:00:00,30.0,120.5,1.0,4.0
2024-01-22 08:00:00,30.0,120.5,0.7,4.0
2024-01-22 09:00:00,30.0,120.5,0.2,4.0
2024-01-22 10:00:00,30.0,120.5,-0.2,4.0
2024-01-22 11:00:00,30.0,120.5,-0.3,4.0
2024-01-22 12:00:00,30.0,120.5,-0.5,4.0
2024-01-22 13:00:00,30.0,120.5,-0.6,4.0
2024-01-22 14:00:00,30.0,120.5,-0.8,4.0
2024-01-22 15:00:00,30.0,120.5,-1.1,4.0
2024-01-22 16:00:00,30.0,120.5,-1.3,4.0
2024-01-22 17:00:00,30.0,120.5,-1.5,4.0
2024-01-22 18:00:00,30.0,120.5,-1.9,4.0
2024-01-22 19:00:00,30.0,120.5,-2.2,4.0
2024-01-22 20:00:00,30.0,120.5,-2.4,4.0
2024-01-22 21:00:00,30.0,120.5,-2.6,4.0
2024-01-22 22:00:00,30.0,120.5,-2.6,4.0
2024-01-22 23:00:00,30.0,120.5,-2.7,4.0
2024-01-23 00:00:00,30.0,120.5,-2.7,4.0
2024-01-23 01:00:00,30.0,120.5,-2.1,4.0
2024-01-23 02:00:00,30.0,120.5,-1.3,4.0
2024-01-23 03:00:00,30.0,120.5,-0.6,4.0
2024-01-23 04:00:00,30.0,120.5,0.1,4.0
2024-01-23 05:00:00,30.0,120.5,0.8,4.0
2024-01-23 06:00:00,30.0,120.5,1.3,4.0
2024-01-23 07:00:00,30.0,120.5,1.6,4.0
2024-01-23 08:00:00,30.0,120.5,1.6,4.0
2024-01-23 09:00:00,30.0,120.5,1.3,4.0
2024-01-23 10:00:00,30.0,120.5,0.7,4.0
2024-01-23 11:00:00,30.0,120.5,0.0,4.0
2024-01-23 12:00:00,30.0,120.5,-0.2,4.0
2024-01-23 13:00:00,30.0,120.5,-0.5,4.0
2024-01-23 14:00:00,30.0,120.5,-0.6,4.0
2024-01-23 15:00:00,30.0,120.5,-0.7,4.0
2024-01-23 16:00:00,30.0,120.5,-0.8,4.0
2024-01-23 17:00:00,30.0,120.5,-0.8,4.0
2024-01-23 18:00:00,30.0,120.5,-0.9,4.0
2024-01-23 19:00:00,30.0,120.5,-1.0,4.0
2024-01-23 20:00:00,30.0,120.5,-1.1,4.0
2024-01-23 21:00:00,30.0,120.5,-1.1,4.0
2024-01-23 22:00:00,30.0,120.5,-1.1,4.0
2024-01-23 23:00:00,30.0,120.5,-1.1,4.0
2024-01-24 00:00:00,30.0,120.5,-0.7,4.0
2024-01-24 01:00:00,30.0,120.5,0.1,4.0
2024-01-24 02:00:00,30.0,120.5,0.9,4.0
2024-01-24 03:00:00,30.0,120.5,1.7,4.0
2024-01-24 04:00:00,30.0,120.5,2.6,4.0
2024-01-24 05:00:00,30.0,120.5,3.5,4.0
2024-01-24 06:00:00,30.0,120.5,4.0,4.0
2024-01-24 07:00:00,30.0,120.5,4.4,4.0
2024-01-24 08:00:00,30.0,120.5,4.4,4.0
2024-01-24 09:00:00,30.0,120.5,3.9,4.0
2024-01-24 10:00:00,30.0,120.5,3.4,4.0
2024-01-24 11:00:00,30.0,120.5,3.0,4.0
2024-01-24 12:00:00,30.0,120.5,2.5,4.0
2024-01-24 13:00:00,30.0,120.5,2.1,4.0
2024-01-24 14:00:00,30.0,120.5,1.9,4.0
2024-01-24 15:00:00,30.0,120.5,1.7,4.0
2024-01-24 16:00:00,30.0,120.5,1.6,4.0
2024-01-24 17:00:00,30.0,120.5,1.5,4.0
2024-01-24 18:00:00,30.0,120.5,1.5,4.0
2024-01-24 19:00:00,30.0,120.5,1.5,4.0
2024-01-24 20:00:00,30.0,120.5,1.4,4.0
2024-01-24 21:00:00,30.0,120.5,1.3,4.0
2024-01-24 22:00:00,30.0,120.5,1.0,4.0
2024-01-24 23:00:00,30.0,120.5,0.8,4.0
2024-01-22 00:00:00,30.0,120.75,1.3,5.0
2024-01-22 01:00:00,30.0,120.75,1.3,5.0
2024-01-22 02:00:00,30.0,120.75,1.4,5.0
2024-01-22 03:00:00,30.0,120.75,1.5,5.0
2024-01-22 04:00:00,30.0,120.75,1.6,5.0
2024-01-22 05:00:00,30.0,120.75,1.4,5.0
2024-01-22 06:00:00,30.0,120.75,1.2,5.0
2024-01-22 07:00:00,30.0,120.75,1.1,5.0
2024-01-22 08:00:00,30.0,120.75,1.0,5.0
2024-01-22 09:00:00,30.0,120.75,0.6,5.0
2024-01-22 10:00:00,30.0,120.75,0.3,5.0
2024-01-22 11:00:00,30.0,120.75,0.2,5.0
2024-01-22 12:00:00,30.0,120.75,0.1,5.0
2024-01-22 13:00:00,30.0,120.75,0.1,5.0
2024-01-22 14:00:00,30.0,120.75,-0.1,5.0
2024-01-22 15:00:00,30.0,120.75,-0.2,5.0
2024-01-22 16:00:00,30.0,120.75,-0.4,5.0
2024-01-22 17:00:00,30.0,120.75,-0.6,5.0
2024-01-22 18:00:00,30.0,120.75,-1.1,5.0
2024-01-22 19:00:00,30.0,120.75,-1.5,5.0
2024-01-22 20:00:00,30.0,120.75,-1.9,5.0
2024-01-22 21:00:00,30.0,120.75,-2.3,5.0
2024-01-22 22:00:00,30.0,120.75,-2.2,5.0
2024-01-22 23:00:00,30.0,120.75,-2.3,5.0
2024-01-23 00:00:00,30.0,120.75,-2.6,5.0
2024-01-23 01:00:00,30.0,120.75,-2.2,5.0
2024-01-23 02:00:00,30.0,120.75,-1.6,5.0
2024-01-23 03:00:00,30.0,120.75,-0.9,5.0
2024-01-23 04:00:00,30.0,120.75,-0.3,5.0
2024-01-23 05:00:00,30.0,120.75,0.3,5.0
2024-01-23 06:00:00,30.0,120.75,0.9,5.0
2024-01-23 07:00:00,30.0,120.75,1.2,5.0
2024-01-23 08:00:00,30.0,120.75,1.3,5.0
2024-01-23 09:00:00,30.0,120.75,1.2,5.0
2024-01-23 10:00:00,30.0,120.75,0.8,5.0
2024-01-23 11:00:00,30.0,120.75,0.3,5.0
2024-01-23 12:00:00,30.0,120.75,0.1,5.0
2024-01-23 13:00:00,30.0,120.75,-0.2,5.0
2024-01-23 14:00:00,30.0,120.75,-0.4,5.0
2024-01-23 15:00:00,30.0,120.75,-0.5,5.0
2024-01-23 16:00:00,30.0,120.75,-0.5,5.0
2024-01-23 17:00:00,30.0,120.75,-0.5,5.0
2024-01-23 18:00:00,30.0,120.75,-0.6,5.0
2024-01-23 19:00:00,30.0,120.75,-0.6,5.0
2024-01-23 20:00:00,30.0,120.75,-0.6,5.0
2024-01-23 21:00:00,30.0,120.75,-0.7,5.0
2024-01-23 22:00:00,30.0,120.75,-0.6,5.0
2024-01-23 23:00:00,30.0,120.75,-0.6,5.0
2024-01-24 00:00:00,30.0,120.75,-0.4,5.0
2024-01-24 01:00:00,30.0,120.75,0.2,5.0
2024-01-24 02:00:00,30.0,120.75,0.8,5.0
2024-01-24 03:00:00,30.0,120.75,1.5,5.0
2024-01-24 04:00:00,30.0,120.75,2.4,5.0
2024-01-24 05:00:00,30.0,120.75,3.0,5.0
2024-01-24 06:00:00,30.0,120.75,3.6,5.0
2024-01-24 07:00:00,30.0,120.75,4.0,5.0
2024-01-24 08:00:00,30.0,120.75,4.1,5.0
2024-01-24 09:00:00,30.0,120.75,3.8,5.0
2024-01-24 10:00:00,30.0,120.75,3.6,5.0
2024-01-24 11:00:00,30.0,120.75,3.2,5.0
2024-01-24 12:00:00,30.0,120.75,2.8,5.0
2024-01-24 13:00:00,30.0,120.75,2.6,5.0
2024-01-24 14:00:00,30.0,120.75,2.6,5.0
2024-01-24 15:00:00,30.0,120.75,2.4,5.0
2024-01-24 16:00:00,30.0,120.75,2.1,5.0
2024-01-24 17:00:00,30.0,120.75,2.1,5.0
2024-01-24 18:00:00,30.0,120.75,2.0,5.0
2024-01-24 19:00:00,30.0,120.75,1.9,5.0
2024-01-24 20:00:00,30.0,120.75,1.9,5.0
2024-01-24 21:00:00,30.0,120.75,1.8,5.0
2024-01-24 22:00:00,30.0,120.75,1.6,5.0
2024-01-24 23:00:00,30.0,120.75,1.3,5.0
2024-01-22 00:00:00,30.0,121.0,0.2,35.0
2024-01-22 01:00:00,30.0,121.0,0.4,35.0
2024-01-22 02:00:00,30.0,121.0,0.5,35.0
2024-01-22 03:00:00,30.0,121.0,0.6,35.0
2024-01-22 04:00:00,30.0,121.0,0.8,35.0
2024-01-22 05:00:00,30.0,121.0,0.9,35.0
2024-01-22 06:00:00,30.0,121.0,0.8,35.0
2024-01-22 07:00:00,30.0,121.0,0.6,35.0
2024-01-22 08:00:00,30.0,121.0,0.3,35.0
2024-01-22 09:00:00,30.0,121.0,-0.5,35.0
2024-01-22 10:00:00,30.0,121.0,-0.8,35.0
2024-01-22 11:00:00,30.0,121.0,-1.1,35.0
2024-01-22 12:00:00,30.0,121.0,-1.1,35.0
2024-01-22 13:00:00,30.0,121.0,-1.3,35.0
2024-01-22 14:00:00,30.0,121.0,-1.5,35.0
2024-01-22 15:00:00,30.0,121.0,-1.6,35.0
2024-01-22 16:00:00,30.0,121.0,-2.0,35.0
2024-01-22 17:00:00,30.0,121.0,-2.1,35.0
2024-01-22 18:00:00,30.0,121.0,-2.6,35.0
2024-01-22 19:00:00,30.0,121.0,-2.8,35.0
2024-01-22 20:00:00,30.0,121.0,-3.2,35.0
2024-01-22 21:00:00,30.0,121.0,-3.4,35.0
2024-01-22 22:00:00,30.0,121.0,-3.4,35.0
2024-01-22 23:00:00,30.0,121.0,-3.5,35.0
2024-01-23 00:00:00,30.0,121.0,-2.8,35.0
2024-01-23 01:00:00,30.0,121.0,-2.3,35.0
2024-01-23 02:00:00,30.0,121.0,-1.5,35.0
2024-01-23 03:00:00,30.0,121.0,-0.8,35.0
2024-01-23 04:00:00,30.0,121.0,-0.3,35.0
2024-01-23 05:00:00,30.0,121.0,0.2,35.0
2024-01-23 06:00:00,30.0,121.0,-0.0,35.0
2024-01-23 07:00:00,30.0,121.0,0.1,35.0
2024-01-23 08:00:00,30.0,121.0,-0.1,35.0
2024-01-23 09:00:00,30.0,121.0,-1.3,35.0
2024-01-23 10:00:00,30.0,121.0,-2.0,35.0
2024-01-23 11:00:00,30.0,121.0,-2.0,35.0
2024-01-23 12:00:00,30.0,121.0,-1.7,35.0
2024-01-23 13:00:00,30.0,121.0,-1.8,35.0
2024-01-23 14:00:00,30.0,121.0,-1.9,35.0
2024-01-23 15:00:00,30.0,121.0,-2.0,35.0
2024-01-23 16:00:00,30.0,121.0,-2.1,35.0
2024-01-23 17:00:00,30.0,121.0,-2.2,35.0
2024-01-23 18:00:00,30.0,121.0,-2.2,35.0
2024-01-23 19:00:00,30.0,121.0,-2.2,35.0
2024-01-23 20:00:00,30.0,121.0,-2.2,35.0
2024-01-23 21:00:00,30.0,121.0,-2.1,35.0
2024-01-23 22:00:00,30.0,121.0,-2.1,35.0
2024-01-23 23:00:00,30.0,121.0,-2.2,35.0
2024-01-24 00:00:00,30.0,121.0,-1.1,35.0
2024-01-24 01:00:00,30.0,121.0,0.0,35.0
2024-01-24 02:00:00,30.0,121.0,0.9,35.0
2024-01-24 03:00:00,30.0,121.0,1.5,35.0
2024-01-24 04:00:00,30.0,121.0,2.0,35.0
2024-01-24 05:00:00,30.0,121.0,2.5,35.0
2024-01-24 06:00:00,30.0,121.0,3.3,35.0
2024-01-24 07:00:00,30.0,121.0,3.4,35.0
2024-01-24 08:00:00,30.0,121.0,3.0,35.0
2024-01-24 09:00:00,30.0,121.0,1.6,35.0
2024-01-24 10:00:00,30.0,121.0,-0.7,35.0
2024-01-24 11:00:00,30.0,121.0,-1.2,35.0
2024-01-24 12:00:00,30.0,121.0,-1.4,35.0
2024-01-24 13:00:00,30.0,121.0,-1.4,35.0
2024-01-24 14:00:00,30.0,121.0,-1.3,35.0
2024-01-24 15:00:00,30.0,121.0,-0.9,35.0
2024-01-24 16:00:00,30.0,121.0,-1.1,35.0
2024-01-24 17:00:00,30.0,121.0,-0.8,35.0
2024-01-24 18:00:00,30.0,121.0,-0.7,35.0
2024-01-24 19:00:00,30.0,121.0,-0.8,35.0
2024-01-24 20:00:00,30.0,121.0,-0.7,35.0
2024-01-24 21:00:00,30.0,121.0,-0.6,35.0
2024-01-24 22:00:00,30.0,121.0,-0.7,35.0
2024-01-24 23:00:00,30.0,121.0,-1.1,35.0
2024-01-22 00:00:00,30.0,121.25,0.7,2.0
2024-01-22 01:00:00,30.0,121.25,1.0,2.0
2024-01-22 02:00:00,30.0,121.25,1.0,2.0
2024-01-22 03:00:00,30.0,121.25,1.1,2.0
2024-01-22 04:00:00,30.0,121.25,1.2,2.0
2024-01-22 05:00:00,30.0,121.25,1.6,2.0
2024-01-22 06:00:00,30.0,121.25,1.3,2.0
2024-01-22 07:00:00,30.0,121.25,1.1,2.0
2024-01-22 08:00:00,30.0,121.25,0.8,2.0
2024-01-22 09:00:00,30.0,121.25,0.1,2.0
2024-01-22 10:00:00,30.0,121.25,-0.5,2.0
2024-01-22 11:00:00,30.0,121.25,-1.0,2.0
2024-01-22 12:00:00,30.0,121.25,-0.9,2.0
2024-01-22 13:00:00,30.0,121.25,-1.1,2.0
2024-01-22 14:00:00,30.0,121.25,-1.2,2.0
2024-01-22 15:00:00,30.0,121.25,-1.4,2.0
2024-01-22 16:00:00,30.0,121.25,-1.6,2.0
2024-01-22 17:00:00,30.0,121.25,-1.7,2.0
2024-01-22 18:00:00,30.0,121.25,-2.3,2.0
2024-01-22 19:00:00,30.0,121.25,-2.7,2.0
2024-01-22 20:00:00,30.0,121.25,-3.1,2.0
2024-01-22 21:00:00,30.0,121.25,-3.6,2.0
2024-01-22 22:00:00,30.0,121.25,-3.7,2.0
2024-01-22 23:00:00,30.0,121.25,-3.8,2.0
2024-01-23 00:00:00,30.0,121.25,-2.8,2.0
2024-01-23 01:00:00,30.0,121.25,-1.8,2.0
2024-01-23 02:00:00,30.0,121.25,-0.9,2.0
2024-01-23 03:00:00,30.0,121.25,-0.1,2.0
2024-01-23 04:00:00,30.0,121.25,0.4,2.0
2024-01-23 05:00:00,30.0,121.25,0.5,2.0
2024-01-23 06:00:00,30.0,121.25,0.3,2.0
2024-01-23 07:00:00,30.0,121.25,0.3,2.0
2024-01-23 08:00:00,30.0,121.25,-0.1,2.0
2024-01-23 09:00:00,30.0,121.25,-1.1,2.0
2024-01-23 10:00:00,30.0,121.25,-1.8,2.0
2024-01-23 11:00:00,30.0,121.25,-1.7,2.0
2024-01-23 12:00:00,30.0,121.25,-1.6,2.0
2024-01-23 13:00:00,30.0,121.25,-1.8,2.0
2024-01-23 14:00:00,30.0,121.25,-1.9,2.0
2024-01-23 15:00:00,30.0,121.25,-2.0,2.0
2024-01-23 16:00:00,30.0,121.25,-2.1,2.0
2024-01-23 17:00:00,30.0,121.25,-2.2,2.0
2024-01-23 18:00:00,30.0,121.25,-2.2,2.0
2024-01-23 19:00:00,30.0,121.25,-2.3,2.0
2024-01-23 20:00:00,30.0,121.25,-2.3,2.0
2024-01-23 21:00:00,30.0,121.25,-2.3,2.0
2024-01-23 22:00:00,30.0,121.25,-2.3,2.0
2024-01-23 23:00:00,30.0,121.25,-2.3,2.0
2024-01-24 00:00:00,30.0,121.25,-1.1,2.0
2024-01-24 01:00:00,30.0,121.25,0.1,2.0
2024-01-24 02:00:00,30.0,121.25,1.1,2.0
2024-01-24 03:00:00,30.0,121.25,1.9,2.0
2024-01-24 04:00:00,30.0,121.25,2.5,2.0
2024-01-24 05:00:00,30.0,121.25,3.1,2.0
2024-01-24 06:00:00,30.0,121.25,3.9,2.0
2024-01-24 07:00:00,30.0,121.25,3.8,2.0
2024-01-24 08:00:00,30.0,121.25,3.2,2.0
2024-01-24 09:00:00,30.0,121.25,1.8,2.0
2024-01-24 10:00:00,30.0,121.25,-0.3,2.0
2024-01-24 11:00:00,30.0,121.25,-1.0,2.0
2024-01-24 12:00:00,30.0,121.25,-1.2,2.0
2024-01-24 13:00:00,30.0,121.25,-1.3,2.0
2024-01-24 14:00:00,30.0,121.25,-1.4,2.0
2024-01-24 15:00:00,30.0,121.25,-1.2,2.0
2024-01-24 16:00:00,30.0,121.25,-1.2,2.0
2024-01-24 17:00:00,30.0,121.25,-1.2,2.0
2024-01-24 18:00:00,30.0,121.25,-0.6,2.0
2024-01-24 19:00:00,30.0,121.25,-0.4,2.0
2024-01-24 20:00:00,30.0,121.25,-0.4,2.0
2024-01-24 21:00:00,30.0,121.25,-0.4,2.0
2024-01-24 22:00:00,30.0,121.25,-0.4,2.0
2024-01-24 23:00:00,30.0,121.25,-0.6,2.0
2024-01-22 00:00:00,30.0,121.5,1.5,2.0
2024-01-22 01:00:00,30.0,121.5,1.7,2.0
2024-01-22 02:00:00,30.0,121.5,1.5,2.0
2024-01-22 03:00:00,30.0,121.5,1.6,2.0
2024-01-22 04:00:00,30.0,121.5,1.8,2.0
2024-01-22 05:00:00,30.0,121.5,1.7,2.0
2024-01-22 06:00:00,30.0,121.5,1.3,2.0
2024-01-22 07:00:00,30.0,121.5,1.3,2.0
2024-01-22 08:00:00,30.0,121.5,1.2,2.0
2024-01-22 09:00:00,30.0,121.5,0.6,2.0
2024-01-22 10:00:00,30.0,121.5,0.2,2.0
2024-01-22 11:00:00,30.0,121.5,-0.2,2.0
2024-01-22 12:00:00,30.0,121.5,-0.2,2.0
2024-01-22 13:00:00,30.0,121.5,-0.3,2.0
2024-01-22 14:00:00,30.0,121.5,-0.5,2.0
2024-01-22 15:00:00,30.0,121.5,-0.8,2.0
2024-01-22 16:00:00,30.0,121.5,-1.1,2.0
2024-01-22 17:00:00,30.0,121.5,-1.4,2.0
2024-01-22 18:00:00,30.0,121.5,-1.7,2.0
2024-01-22 19:00:00,30.0,121.5,-2.1,2.0
2024-01-22 20:00:00,30.0,121.5,-2.6,2.0
2024-01-22 21:00:00,30.0,121.5,-3.0,2.0
2024-01-22 22:00:00,30.0,121.5,-3.3,2.0
2024-01-22 23:00:00,30.0,121.5,-3.4,2.0
2024-01-23 00:00:00,30.0,121.5,-2.8,2.0
2024-01-23 01:00:00,30.0,121.5,-2.0,2.0
2024-01-23 02:00:00,30.0,121.5,-1.0,2.0
2024-01-23 03:00:00,30.0,121.5,0.0,2.0
2024-01-23 04:00:00,30.0,121.5,0.6,2.0
2024-01-23 05:00:00,30.0,121.5,0.8,2.0
2024-01-23 06:00:00,30.0,121.5,0.8,2.0
2024-01-23 07:00:00,30.0,121.5,0.6,2.0
2024-01-23 08:00:00,30.0,121.5,0.4,2.0
2024-01-23 09:00:00,30.0,121.5,-0.6,2.0
2024-01-23 10:00:00,30.0,121.5,-1.3,2.0
2024-01-23 11:00:00,30.0,121.5,-1.4,2.0
2024-01-23 12:00:00,30.0,121.5,-1.4,2.0
2024-01-23 13:00:00,30.0,121.5,-1.7,2.0
2024-01-23 14:00:00,30.0,121.5,-1.7,2.0
2024-01-23 15:00:00,30.0,121.5,-1.8,2.0
2024-01-23 16:00:00,30.0,121.5,-1.8,2.0
2024-01-23 17:00:00,30.0,121.5,-1.8,2.0
2024-01-23 18:00:00,30.0,121.5,-1.9,2.0
2024-01-23 19:00:00,30.0,121.5,-2.0,2.0
2024-01-23 20:00:00,30.0,121.5,-2.2,2.0
2024-01-23 21:00:00,30.0,121.5,-2.3,2.0
2024-01-23 22:00:00,30.0,121.5,-2.3,2.0
2024-01-23 23:00:00,30.0,121.5,-2.4,2.0
2024-01-24 00:00:00,30.0,121.5,-1.1,2.0
2024-01-24 01:00:00,30.0,121.5,0.2,2.0
2024-01-24 02:00:00,30.0,121.5,1.4,2.0
2024-01-24 03:00:00,30.0,121.5,2.2,2.0
2024-01-24 04:00:00,30.0,121.5,3.0,2.0
2024-01-24 05:00:00,30.0,121.5,3.6,2.0
2024-01-24 06:00:00,30.0,121.5,4.1,2.0
2024-01-24 07:00:00,30.0,121.5,4.0,2.0
2024-01-24 08:00:00,30.0,121.5,3.4,2.0
2024-01-24 09:00:00,30.0,121.5,2.2,2.0
2024-01-24 10:00:00,30.0,121.5,0.4,2.0
2024-01-24 11:00:00,30.0,121.5,-0.3,2.0
2024-01-24 12:00:00,30.0,121.5,-0.6,2.0
2024-01-24 13:00:00,30.0,121.5,-0.8,2.0
2024-01-24 14:00:00,30.0,121.5,-0.8,2.0
2024-01-24 15:00:00,30.0,121.5,-0.8,2.0
2024-01-24 16:00:00,30.0,121.5,-0.7,2.0
2024-01-24 17:00:00,30.0,121.5,-0.8,2.0
2024-01-24 18:00:00,30.0,121.5,-0.6,2.0
2024-01-24 19:00:00,30.0,121.5,-0.3,2.0
2024-01-24 20:00:00,30.0,121.5,-0.7,2.0
2024-01-24 21:00:00,30.0,121.5,-0.4,2.0
2024-01-24 22:00:00,30.0,121.5,-0.3,2.0
2024-01-24 23:00:00,30.0,121.5,-0.4,2.0
2024-01-22 00:00:00,30.0,121.75,3.0,0.0
2024-01-22 01:00:00,30.0,121.75,3.0,0.0
2024-01-22 02:00:00,30.0,121.75,2.8,0.0
2024-01-22 03:00:00,30.0,121.75,2.8,0.0
2024-01-22 04:00:00,30.0,121.75,2.8,0.0
2024-01-22 05:00:00,30.0,121.75,2.5,0.0
2024-01-22 06:00:00,30.0,121.75,2.3,0.0
2024-01-22 07:00:00,30.0,121.75,2.4,0.0
2024-01-22 08:00:00,30.0,121.75,2.2,0.0
2024-01-22 09:00:00,30.0,121.75,1.9,0.0
2024-01-22 10:00:00,30.0,121.75,1.7,0.0
2024-01-22 11:00:00,30.0,121.75,1.5,0.0
2024-01-22 12:00:00,30.0,121.75,1.4,0.0
2024-01-22 13:00:00,30.0,121.75,1.1,0.0
2024-01-22 14:00:00,30.0,121.75,1.0,0.0
2024-01-22 15:00:00,30.0,121.75,0.6,0.0
2024-01-22 16:00:00,30.0,121.75,0.5,0.0
2024-01-22 17:00:00,30.0,121.75,0.2,0.0
2024-01-22 18:00:00,30.0,121.75,-0.1,0.0
2024-01-22 19:00:00,30.0,121.75,-0.4,0.0
2024-01-22 20:00:00,30.0,121.75,-0.6,0.0
2024-01-22 21:00:00,30.0,121.75,-0.9,0.0
2024-01-22 22:00:00,30.0,121.75,-1.3,0.0
2024-01-22 23:00:00,30.0,121.75,-1.4,0.0
2024-01-23 00:00:00,30.0,121.75,-1.3,0.0
2024-01-23 01:00:00,30.0,121.75,-1.2,0.0
2024-01-23 02:00:00,30.0,121.75,-0.7,0.0
2024-01-23 03:00:00,30.0,121.75,-0.3,0.0
2024-01-23 04:00:00,30.0,121.75,0.1,0.0
2024-01-23 05:00:00,30.0,121.75,0.6,0.0
2024-01-23 06:00:00,30.0,121.75,1.2,0.0
2024-01-23 07:00:00,30.0,121.75,1.3,0.0
2024-01-23 08:00:00,30.0,121.75,1.3,0.0
2024-01-23 09:00:00,30.0,121.75,0.7,0.0
2024-01-23 10:00:00,30.0,121.75,0.4,0.0
2024-01-23 11:00:00,30.0,121.75,0.3,0.0
2024-01-23 12:00:00,30.0,121.75,0.2,0.0
2024-01-23 13:00:00,30.0,121.75,-0.0,0.0
2024-01-23 14:00:00,30.0,121.75,-0.1,0.0
2024-01-23 15:00:00,30.0,121.75,-0.2,0.0
2024-01-23 16:00:00,30.0,121.75,-0.3,0.0
2024-01-23 17:00:00,30.0,121.75,-0.3,0.0
2024-01-23 18:00:00,30.0,121.75,-0.3,0.0
2024-01-23 19:00:00,30.0,121.75,-0.4,0.0
2024-01-23 20:00:00,30.0,121.75,-0.6,0.0
2024-01-23 21:00:00,30.0,121.75,-0.6,0.0
2024-01-23 22:00:00,30.0,121.75,-0.5,0.0
2024-01-23 23:00:00,30.0,121.75,-0.5,0.0
2024-01-24 00:00:00,30.0,121.75,-0.1,0.0
2024-01-24 01:00:00,30.0,121.75,0.5,0.0
2024-01-24 02:00:00,30.0,121.75,1.4,0.0
2024-01-24 03:00:00,30.0,121.75,2.0,0.0
2024-01-24 04:00:00,30.0,121.75,2.8,0.0
2024-01-24 05:00:00,30.0,121.75,3.6,0.0
2024-01-24 06:00:00,30.0,121.75,3.8,0.0
2024-01-24 07:00:00,30.0,121.75,3.8,0.0
2024-01-24 08:00:00,30.0,121.75,3.7,0.0
2024-01-24 09:00:00,30.0,121.75,3.5,0.0
2024-01-24 10:00:00,30.0,121.75,3.1,0.0
2024-01-24 11:00:00,30.0,121.75,2.8,0.0
2024-01-24 12:00:00,30.0,121.75,2.3,0.0
2024-01-24 13:00:00,30.0,121.75,1.9,0.0
2024-01-24 14:00:00,30.0,121.75,1.8,0.0
2024-01-24 15:00:00,30.0,121.75,1.8,0.0
2024-01-24 16:00:00,30.0,121.75,1.9,0.0
2024-01-24 17:00:00,30.0,121.75,1.9,0.0
2024-01-24 18:00:00,30.0,121.75,1.9,0.0
2024-01-24 19:00:00,30.0,121.75,1.7,0.0
2024-01-24 20:00:00,30.0,121.75,1.5,0.0
2024-01-24 21:00:00,30.0,121.75,1.5,0.0
2024-01-24 22:00:00,30.0,121.75,1.4,0.0
2024-01-24 23:00:00,30.0,121.75,1.5,0.0
2024-01-22 00:00:00,30.0,122.0,2.6,0.0
2024-01-22 01:00:00,30.0,122.0,2.6,0.0
2024-01-22 02:00:00,30.0,122.0,2.7,0.0
2024-01-22 03:00:00,30.0,122.0,2.7,0.0
2024-01-22 04:00:00,30.0,122.0,2.5,0.0
2024-01-22 05:00:00,30.0,122.0,2.3,0.0
2024-01-22 06:00:00,30.0,122.0,2.2,0.0
2024-01-22 07:00:00,30.0,122.0,2.0,0.0
2024-01-22 08:00:00,30.0,122.0,1.6,0.0
2024-01-22 09:00:00,30.0,122.0,1.2,0.0
2024-01-22 10:00:00,30.0,122.0,1.1,0.0
2024-01-22 11:00:00,30.0,122.0,0.8,0.0
2024-01-22 12:00:00,30.0,122.0,0.8,0.0
2024-01-22 13:00:00,30.0,122.0,0.4,0.0
2024-01-22 14:00:00,30.0,122.0,0.2,0.0
2024-01-22 15:00:00,30.0,122.0,0.0,0.0
2024-01-22 16:00:00,30.0,122.0,0.0,0.0
2024-01-22 17:00:00,30.0,122.0,-0.1,0.0
2024-01-22 18:00:00,30.0,122.0,-0.3,0.0
2024-01-22 19:00:00,30.0,122.0,-0.6,0.0
2024-01-22 20:00:00,30.0,122.0,-0.9,0.0
2024-01-22 21:00:00,30.0,122.0,-1.2,0.0
2024-01-22 22:00:00,30.0,122.0,-1.7,0.0
2024-01-22 23:00:00,30.0,122.0,-1.9,0.0
2024-01-23 00:00:00,30.0,122.0,-1.4,0.0
2024-01-23 01:00:00,30.0,122.0,-0.6,0.0
2024-01-23 02:00:00,30.0,122.0,0.3,0.0
2024-01-23 03:00:00,30.0,122.0,-0.2,0.0
2024-01-23 04:00:00,30.0,122.0,0.1,0.0
2024-01-23 05:00:00,30.0,122.0,1.0,0.0
2024-01-23 06:00:00,30.0,122.0,1.6,0.0
2024-01-23 07:00:00,30.0,122.0,1.3,0.0
2024-01-23 08:00:00,30.0,122.0,0.9,0.0
2024-01-23 09:00:00,30.0,122.0,0.2,0.0
2024-01-23 10:00:00,30.0,122.0,-0.1,0.0
2024-01-23 11:00:00,30.0,122.0,-0.3,0.0
2024-01-23 12:00:00,30.0,122.0,-0.4,0.0
2024-01-23 13:00:00,30.0,122.0,-0.7,0.0
2024-01-23 14:00:00,30.0,122.0,-0.8,0.0
2024-01-23 15:00:00,30.0,122.0,-0.9,0.0
2024-01-23 16:00:00,30.0,122.0,-1.0,0.0
2024-01-23 17:00:00,30.0,122.0,-1.0,0.0
2024-01-23 18:00:00,30.0,122.0,-1.0,0.0
2024-01-23 19:00:00,30.0,122.0,-0.9,0.0
2024-01-23 20:00:00,30.0,122.0,-0.8,0.0
2024-01-23 21:00:00,30.0,122.0,-0.7,0.0
2024-01-23 22:00:00,30.0,122.0,-0.7,0.0
2024-01-23 23:00:00,30.0,122.0,-0.6,0.0
2024-01-24 00:00:00,30.0,122.0,0.1,0.0
2024-01-24 01:00:00,30.0,122.0,1.4,0.0
2024-01-24 02:00:00,30.0,122.0,2.4,0.0
2024-01-24 03:00:00,30.0,122.0,2.2,0.0
2024-01-24 04:00:00,30.0,122.0,2.8,0.0
2024-01-24 05:00:00,30.0,122.0,3.2,0.0
2024-01-24 06:00:00,30.0,122.0,3.3,0.0
2024-01-24 07:00:00,30.0,122.0,3.3,0.0
2024-01-24 08:00:00,30.0,122.0,3.3,0.0
2024-01-24 09:00:00,30.0,122.0,2.6,0.0
2024-01-24 10:00:00,30.0,122.0,2.0,0.0
2024-01-24 11:00:00,30.0,122.0,2.0,0.0
2024-01-24 12:00:00,30.0,122.0,2.0,0.0
2024-01-24 13:00:00,30.0,122.0,1.8,0.0
2024-01-24 14:00:00,30.0,122.0,1.8,0.0
2024-01-24 15:00:00,30.0,122.0,1.8,0.0
2024-01-24 16:00:00,30.0,122.0,1.8,0.0
2024-01-24 17:00:00,30.0,122.0,1.9,0.0
2024-01-24 18:00:00,30.0,122.0,1.7,0.0
2024-01-24 19:00:00,30.0,122.0,1.7,0.0
2024-01-24 20:00:00,30.0,122.0,1.6,0.0
2024-01-24 21:00:00,30.0,122.0,1.5,0.0
2024-01-24 22:00:00,30.0,122.0,1.6,0.0
2024-01-24 23:00:00,30.0,122.0,1.8,0.0
2024-01-22 00:00:00,30.25,116.5,-0.4,27.0
2024-01-22 01:00:00,30.25,116.5,-0.5,27.0
2024-01-22 02:00:00,30.25,116.5,-0.2,27.0
2024-01-22 03:00:00,30.25,116.5,0.1,27.0
2024-01-22 04:00:00,30.25,116.5,0.2,27.0
2024-01-22 05:00:00,30.25,116.5,0.4,27.0
2024-01-22 06:00:00,30.25,116.5,0.3,27.0
2024-01-22 07:00:00,30.25,116.5,0.3,27.0
2024-01-22 08:00:00,30.25,116.5,0.0,27.0
2024-01-22 09:00:00,30.25,116.5,-0.6,27.0
2024-01-22 10:00:00,30.25,116.5,-1.3,27.0
2024-01-22 11:00:00,30.25,116.5,-1.7,27.0
2024-01-22 12:00:00,30.25,116.5,-2.0,27.0
2024-01-22 13:00:00,30.25,116.5,-2.1,27.0
2024-01-22 14:00:00,30.25,116.5,-2.1,27.0
2024-01-22 15:00:00,30.25,116.5,-2.6,27.0
2024-01-22 16:00:00,30.25,116.5,-2.8,27.0
2024-01-22 17:00:00,30.25,116.5,-2.9,27.0
2024-01-22 18:00:00,30.25,116.5,-3.2,27.0
2024-01-22 19:00:00,30.25,116.5,-3.4,27.0
2024-01-22 20:00:00,30.25,116.5,-3.6,27.0
2024-01-22 21:00:00,30.25,116.5,-3.8,27.0
2024-01-22 22:00:00,30.25,116.5,-4.0,27.0
2024-01-22 23:00:00,30.25,116.5,-4.0,27.0
2024-01-23 00:00:00,30.25,116.5,-3.8,27.0
2024-01-23 01:00:00,30.25,116.5,-3.0,27.0
2024-01-23 02:00:00,30.25,116.5,-1.9,27.0
2024-01-23 03:00:00,30.25,116.5,-0.9,27.0
2024-01-23 04:00:00,30.25,116.5,-0.1,27.0
2024-01-23 05:00:00,30.25,116.5,0.6,27.0
2024-01-23 06:00:00,30.25,116.5,0.9,27.0
2024-01-23 07:00:00,30.25,116.5,1.1,27.0
2024-01-23 08:00:00,30.25,116.5,0.9,27.0
2024-01-23 09:00:00,30.25,116.5,0.0,27.0
2024-01-23 10:00:00,30.25,116.5,-2.1,27.0
2024-01-23 11:00:00,30.25,116.5,-2.7,27.0
2024-01-23 12:00:00,30.25,116.5,-2.9,27.0
2024-01-23 13:00:00,30.25,116.5,-3.0,27.0
2024-01-23 14:00:00,30.25,116.5,-3.1,27.0
2024-01-23 15:00:00,30.25,116.5,-3.2,27.0
2024-01-23 16:00:00,30.25,116.5,-3.4,27.0
2024-01-23 17:00:00,30.25,116.5,-3.4,27.0
2024-01-23 18:00:00,30.25,116.5,-3.5,27.0
2024-01-23 19:00:00,30.25,116.5,-3.5,27.0
2024-01-23 20:00:00,30.25,116.5,-3.5,27.0
2024-01-23 21:00:00,30.25,116.5,-3.6,27.0
2024-01-23 22:00:00,30.25,116.5,-3.5,27.0
2024-01-23 23:00:00,30.25,116.5,-3.4,27.0
2024-01-24 00:00:00,30.25,116.5,-2.8,27.0
2024-01-24 01:00:00,30.25,116.5,-1.3,27.0
2024-01-24 02:00:00,30.25,116.5,0.0,27.0
2024-01-24 03:00:00,30.25,116.5,1.2,27.0
2024-01-24 04:00:00,30.25,116.5,2.1,27.0
2024-01-24 05:00:00,30.25,116.5,2.8,27.0
2024-01-24 06:00:00,30.25,116.5,3.6,27.0
2024-01-24 07:00:00,30.25,116.5,3.9,27.0
2024-01-24 08:00:00,30.25,116.5,3.9,27.0
2024-01-24 09:00:00,30.25,116.5,3.2,27.0
2024-01-24 10:00:00,30.25,116.5,1.6,27.0
2024-01-24 11:00:00,30.25,116.5,0.9,27.0
2024-01-24 12:00:00,30.25,116.5,0.6,27.0
2024-01-24 13:00:00,30.25,116.5,0.5,27.0
2024-01-24 14:00:00,30.25,116.5,0.3,27.0
2024-01-24 15:00:00,30.25,116.5,-0.1,27.0
2024-01-24 16:00:00,30.25,116.5,-0.3,27.0
2024-01-24 17:00:00,30.25,116.5,-0.5,27.0
2024-01-24 18:00:00,30.25,116.5,-0.6,27.0
2024-01-24 19:00:00,30.25,116.5,-0.7,27.0
2024-01-24 20:00:00,30.25,116.5,-0.7,27.0
2024-01-24 21:00:00,30.25,116.5,-0.8,27.0
2024-01-24 22:00:00,30.25,116.5,-0.8,27.0
2024-01-24 23:00:00,30.25,116.5,-0.8,27.0
2024-01-22 00:00:00,30.25,116.75,0.2,9.0
2024-01-22 01:00:00,30.25,116.75,0.0,9.0
2024-01-22 02:00:00,30.25,116.75,0.0,9.0
2024-01-22 03:00:00,30.25,116.75,0.1,9.0
2024-01-22 04:00:00,30.25,116.75,0.3,9.0
2024-01-22 05:00:00,30.25,116.75,0.4,9.0
2024-01-22 06:00:00,30.25,116.75,0.3,9.0
2024-01-22 07:00:00,30.25,116.75,0.2,9.0
2024-01-22 08:00:00,30.25,116.75,0.0,9.0
2024-01-22 09:00:00,30.25,116.75,-0.4,9.0
2024-01-22 10:00:00,30.25,116.75,-1.0,9.0
2024-01-22 11:00:00,30.25,116.75,-1.5,9.0
2024-01-22 12:00:00,30.25,116.75,-1.8,9.0
2024-01-22 13:00:00,30.25,116.75,-1.9,9.0
2024-01-22 14:00:00,30.25,116.75,-1.9,9.0
2024-01-22 15:00:00,30.25,116.75,-2.4,9.0
2024-01-22 16:00:00,30.25,116.75,-2.6,9.0
2024-01-22 17:00:00,30.25,116.75,-2.7,9.0
2024-01-22 18:00:00,30.25,116.75,-3.0,9.0
2024-01-22 19:00:00,30.25,116.75,-3.2,9.0
2024-01-22 20:00:00,30.25,116.75,-3.4,9.0
2024-01-22 21:00:00,30.25,116.75,-3.5,9.0
2024-01-22 22:00:00,30.25,116.75,-3.6,9.0
2024-01-22 23:00:00,30.25,116.75,-3.8,9.0
2024-01-23 00:00:00,30.25,116.75,-3.6,9.0
2024-01-23 01:00:00,30.25,116.75,-2.8,9.0
2024-01-23 02:00:00,30.25,116.75,-1.8,9.0
2024-01-23 03:00:00,30.25,116.75,-0.9,9.0
2024-01-23 04:00:00,30.25,116.75,-0.1,9.0
2024-01-23 05:00:00,30.25,116.75,0.5,9.0
2024-01-23 06:00:00,30.25,116.75,0.9,9.0
2024-01-23 07:00:00,30.25,116.75,1.1,9.0
2024-01-23 08:00:00,30.25,116.75,0.8,9.0
2024-01-23 09:00:00,30.25,116.75,-0.2,9.0
2024-01-23 10:00:00,30.25,116.75,-2.1,9.0
2024-01-23 11:00:00,30.25,116.75,-2.7,9.0
2024-01-23 12:00:00,30.25,116.75,-2.7,9.0
2024-01-23 13:00:00,30.25,116.75,-2.8,9.0
2024-01-23 14:00:00,30.25,116.75,-2.9,9.0
2024-01-23 15:00:00,30.25,116.75,-3.0,9.0
2024-01-23 16:00:00,30.25,116.75,-3.1,9.0
2024-01-23 17:00:00,30.25,116.75,-3.1,9.0
2024-01-23 18:00:00,30.25,116.75,-3.2,9.0
2024-01-23 19:00:00,30.25,116.75,-3.3,9.0
2024-01-23 20:00:00,30.25,116.75,-3.3,9.0
2024-01-23 21:00:00,30.25,116.75,-3.4,9.0
2024-01-23 22:00:00,30.25,116.75,-3.4,9.0
2024-01-23 23:00:00,30.25,116.75,-3.3,9.0
2024-01-24 00:00:00,30.25,116.75,-2.5,9.0
2024-01-24 01:00:00,30.25,116.75,-1.0,9.0
2024-01-24 02:00:00,30.25,116.75,0.4,9.0
2024-01-24 03:00:00,30.25,116.75,1.6,9.0
2024-01-24 04:00:00,30.25,116.75,2.6,9.0
2024-01-24 05:00:00,30.25,116.75,3.2,9.0
2024-01-24 06:00:00,30.25,116.75,3.9,9.0
2024-01-24 07:00:00,30.25,116.75,4.1,9.0
2024-01-24 08:00:00,30.25,116.75,4.0,9.0
2024-01-24 09:00:00,30.25,116.75,3.2,9.0
2024-01-24 10:00:00,30.25,116.75,1.2,9.0
2024-01-24 11:00:00,30.25,116.75,0.4,9.0
2024-01-24 12:00:00,30.25,116.75,0.4,9.0
2024-01-24 13:00:00,30.25,116.75,0.5,9.0
2024-01-24 14:00:00,30.25,116.75,0.2,9.0
2024-01-24 15:00:00,30.25,116.75,-0.0,9.0
2024-01-24 16:00:00,30.25,116.75,-0.3,9.0
2024-01-24 17:00:00,30.25,116.75,-0.5,9.0
2024-01-24 18:00:00,30.25,116.75,-0.6,9.0
2024-01-24 19:00:00,30.25,116.75,-0.7,9.0
2024-01-24 20:00:00,30.25,116.75,-0.7,9.0
2024-01-24 21:00:00,30.25,116.75,-0.9,9.0
2024-01-24 22:00:00,30.25,116.75,-0.9,9.0
2024-01-24 23:00:00,30.25,116.75,-1.0,9.0
2024-01-22 00:00:00,30.25,117.0,-0.3,33.0
2024-01-22 01:00:00,30.25,117.0,0.2,33.0
2024-01-22 02:00:00,30.25,117.0,-0.0,33.0
2024-01-22 03:00:00,30.25,117.0,0.2,33.0
2024-01-22 04:00:00,30.25,117.0,0.2,33.0
2024-01-22 05:00:00,30.25,117.0,0.2,33.0
2024-01-22 06:00:00,30.25,117.0,0.1,33.0
2024-01-22 07:00:00,30.25,117.0,0.0,33.0
2024-01-22 08:00:00,30.25,117.0,-0.3,33.0
2024-01-22 09:00:00,30.25,117.0,-0.8,33.0
2024-01-22 10:00:00,30.25,117.0,-1.3,33.0
2024-01-22 11:00:00,30.25,117.0,-1.5,33.0
2024-01-22 12:00:00,30.25,117.0,-1.9,33.0
2024-01-22 13:00:00,30.25,117.0,-2.1,33.0
2024-01-22 14:00:00,30.25,117.0,-2.0,33.0
2024-01-22 15:00:00,30.25,117.0,-2.5,33.0
2024-01-22 16:00:00,30.25,117.0,-2.8,33.0
2024-01-22 17:00:00,30.25,117.0,-2.9,33.0
2024-01-22 18:00:00,30.25,117.0,-3.2,33.0
2024-01-22 19:00:00,30.25,117.0,-3.3,33.0
2024-01-22 20:00:00,30.25,117.0,-3.5,33.0
2024-01-22 21:00:00,30.25,117.0,-3.7,33.0
2024-01-22 22:00:00,30.25,117.0,-3.8,33.0
2024-01-22 23:00:00,30.25,117.0,-4.0,33.0
2024-01-23 00:00:00,30.25,117.0,-3.8,33.0
2024-01-23 01:00:00,30.25,117.0,-3.0,33.0
2024-01-23 02:00:00,30.25,117.0,-2.1,33.0
2024-01-23 03:00:00,30.25,117.0,-1.2,33.0
2024-01-23 04:00:00,30.25,117.0,-0.4,33.0
2024-01-23 05:00:00,30.25,117.0,0.2,33.0
2024-01-23 06:00:00,30.25,117.0,0.6,33.0
2024-01-23 07:00:00,30.25,117.0,0.6,33.0
2024-01-23 08:00:00,30.25,117.0,0.3,33.0
2024-01-23 09:00:00,30.25,117.0,-0.6,33.0
2024-01-23 10:00:00,30.25,117.0,-2.5,33.0
2024-01-23 11:00:00,30.25,117.0,-2.9,33.0
2024-01-23 12:00:00,30.25,117.0,-2.9,33.0
2024-01-23 13:00:00,30.25,117.0,-3.1,33.0
2024-01-23 14:00:00,30.25,117.0,-3.2,33.0
2024-01-23 15:00:00,30.25,117.0,-3.3,33.0
2024-01-23 16:00:00,30.25,117.0,-3.3,33.0
2024-01-23 17:00:00,30.25,117.0,-3.4,33.0
2024-01-23 18:00:00,30.25,117.0,-3.5,33.0
2024-01-23 19:00:00,30.25,117.0,-3.6,33.0
2024-01-23 20:00:00,30.25,117.0,-3.7,33.0
2024-01-23 21:00:00,30.25,117.0,-3.7,33.0
2024-01-23 22:00:00,30.25,117.0,-3.6,33.0
2024-01-23 23:00:00,30.25,117.0,-3.6,33.0
2024-01-24 00:00:00,30.25,117.0,-2.7,33.0
2024-01-24 01:00:00,30.25,117.0,-1.1,33.0
2024-01-24 02:00:00,30.25,117.0,0.4,33.0
2024-01-24 03:00:00,30.25,117.0,1.6,33.0
2024-01-24 04:00:00,30.25,117.0,2.6,33.0
2024-01-24 05:00:00,30.25,117.0,3.2,33.0
2024-01-24 06:00:00,30.25,117.0,3.6,33.0
2024-01-24 07:00:00,30.25,117.0,3.8,33.0
2024-01-24 08:00:00,30.25,117.0,3.6,33.0
2024-01-24 09:00:00,30.25,117.0,2.6,33.0
2024-01-24 10:00:00,30.25,117.0,0.5,33.0
2024-01-24 11:00:00,30.25,117.0,-0.1,33.0
2024-01-24 12:00:00,30.25,117.0,-0.2,33.0
2024-01-24 13:00:00,30.25,117.0,-0.1,33.0
2024-01-24 14:00:00,30.25,117.0,-0.3,33.0
2024-01-24 15:00:00,30.25,117.0,-0.4,33.0
2024-01-24 16:00:00,30.25,117.0,-0.7,33.0
2024-01-24 17:00:00,30.25,117.0,-0.9,33.0
2024-01-24 18:00:00,30.25,117.0,-1.1,33.0
2024-01-24 19:00:00,30.25,117.0,-1.1,33.0
2024-01-24 20:00:00,30.25,117.0,-1.2,33.0
2024-01-24 21:00:00,30.25,117.0,-1.3,33.0
2024-01-24 22:00:00,30.25,117.0,-1.3,33.0
2024-01-24 23:00:00,30.25,117.0,-1.4,33.0
2024-01-22 00:00:00,30.25,117.25,-0.6,104.0
2024-01-22 01:00:00,30.25,117.25,-0.5,104.0
2024-01-22 02:00:00,30.25,117.25,-0.5,104.0
2024-01-22 03:00:00,30.25,117.25,-0.5,104.0
2024-01-22 04:00:00,30.25,117.25,-0.0,104.0
2024-01-22 05:00:00,30.25,117.25,-0.1,104.0
2024-01-22 06:00:00,30.25,117.25,-0.3,104.0
2024-01-22 07:00:00,30.25,117.25,-0.7,104.0
2024-01-22 08:00:00,30.25,117.25,-0.9,104.0
2024-01-22 09:00:00,30.25,117.25,-1.4,104.0
2024-01-22 10:00:00,30.25,117.25,-1.9,104.0
2024-01-22 11:00:00,30.25,117.25,-2.2,104.0
2024-01-22 12:00:00,30.25,117.25,-2.3,104.0
2024-01-22 13:00:00,30.25,117.25,-2.4,104.0
2024-01-22 14:00:00,30.25,117.25,-2.4,104.0
2024-01-22 15:00:00,30.25,117.25,-2.6,104.0
2024-01-22 16:00:00,30.25,117.25,-3.2,104.0
2024-01-22 17:00:00,30.25,117.25,-3.4,104.0
2024-01-22 18:00:00,30.25,117.25,-3.6,104.0
2024-01-22 19:00:00,30.25,117.25,-3.9,104.0
2024-01-22 20:00:00,30.25,117.25,-4.2,104.0
2024-01-22 21:00:00,30.25,117.25,-4.3,104.0
2024-01-22 22:00:00,30.25,117.25,-4.4,104.0
2024-01-22 23:00:00,30.25,117.25,-4.5,104.0
2024-01-23 00:00:00,30.25,117.25,-4.3,104.0
2024-01-23 01:00:00,30.25,117.25,-3.4,104.0
2024-01-23 02:00:00,30.25,117.25,-2.3,104.0
2024-01-23 03:00:00,30.25,117.25,-1.3,104.0
2024-01-23 04:00:00,30.25,117.25,-0.4,104.0
2024-01-23 05:00:00,30.25,117.25,0.3,104.0
2024-01-23 06:00:00,30.25,117.25,0.6,104.0
2024-01-23 07:00:00,30.25,117.25,0.5,104.0
2024-01-23 08:00:00,30.25,117.25,0.0,104.0
2024-01-23 09:00:00,30.25,117.25,-1.0,104.0
2024-01-23 10:00:00,30.25,117.25,-2.7,104.0
2024-01-23 11:00:00,30.25,117.25,-3.1,104.0
2024-01-23 12:00:00,30.25,117.25,-3.1,104.0
2024-01-23 13:00:00,30.25,117.25,-3.2,104.0
2024-01-23 14:00:00,30.25,117.25,-3.1,104.0
2024-01-23 15:00:00,30.25,117.25,-3.2,104.0
2024-01-23 16:00:00,30.25,117.25,-3.2,104.0
2024-01-23 17:00:00,30.25,117.25,-3.3,104.0
2024-01-23 18:00:00,30.25,117.25,-3.4,104.0
2024-01-23 19:00:00,30.25,117.25,-3.5,104.0
2024-01-23 20:00:00,30.25,117.25,-3.6,104.0
2024-01-23 21:00:00,30.25,117.25,-3.8,104.0
2024-01-23 22:00:00,30.25,117.25,-3.9,104.0
2024-01-23 23:00:00,30.25,117.25,-4.0,104.0
2024-01-24 00:00:00,30.25,117.25,-3.1,104.0
2024-01-24 01:00:00,30.25,117.25,-1.4,104.0
2024-01-24 02:00:00,30.25,117.25,0.3,104.0
2024-01-24 03:00:00,30.25,117.25,1.9,104.0
2024-01-24 04:00:00,30.25,117.25,3.0,104.0
2024-01-24 05:00:00,30.25,117.25,3.7,104.0
2024-01-24 06:00:00,30.25,117.25,3.8,104.0
2024-01-24 07:00:00,30.25,117.25,3.6,104.0
2024-01-24 08:00:00,30.25,117.25,3.0,104.0
2024-01-24 09:00:00,30.25,117.25,1.3,104.0
2024-01-24 10:00:00,30.25,117.25,-1.2,104.0
2024-01-24 11:00:00,30.25,117.25,-1.7,104.0
2024-01-24 12:00:00,30.25,117.25,-1.9,104.0
2024-01-24 13:00:00,30.25,117.25,-1.7,104.0
2024-01-24 14:00:00,30.25,117.25,-1.6,104.0
2024-01-24 15:00:00,30.25,117.25,-1.6,104.0
2024-01-24 16:00:00,30.25,117.25,-1.9,104.0
2024-01-24 17:00:00,30.25,117.25,-2.2,104.0
2024-01-24 18:00:00,30.25,117.25,-2.2,104.0
2024-01-24 19:00:00,30.25,117.25,-2.3,104.0
2024-01-24 20:00:00,30.25,117.25,-2.4,104.0
2024-01-24 21:00:00,30.25,117.25,-2.4,104.0
2024-01-24 22:00:00,30.25,117.25,-2.4,104.0
2024-01-24 23:00:00,30.25,117.25,-2.4,104.0
2024-01-22 00:00:00,30.25,117.5,-2.3,366.0
2024-01-22 01:00:00,30.25,117.5,-2.1,366.0
2024-01-22 02:00:00,30.25,117.5,-2.0,366.0
2024-01-22 03:00:00,30.25,117.5,-2.4,366.0
2024-01-22 04:00:00,30.25,117.5,-2.2,366.0
2024-01-22 05:00:00,30.25,117.5,-2.2,366.0
2024-01-22 06:00:00,30.25,117.5,-2.5,366.0
2024-01-22 07:00:00,30.25,117.5,-2.9,366.0
2024-01-22 08:00:00,30.25,117.5,-2.8,366.0
2024-01-22 09:00:00,30.25,117.5,-3.3,366.0
2024-01-22 10:00:00,30.25,117.5,-3.6,366.0
2024-01-22 11:00:00,30.25,117.5,-3.9,366.0
2024-01-22 12:00:00,30.25,117.5,-4.1,366.0
2024-01-22 13:00:00,30.25,117.5,-4.6,366.0
2024-01-22 14:00:00,30.25,117.5,-4.8,366.0
2024-01-22 15:00:00,30.25,117.5,-4.8,366.0
2024-01-22 16:00:00,30.25,117.5,-5.3,366.0
2024-01-22 17:00:00,30.25,117.5,-5.6,366.0
2024-01-22 18:00:00,30.25,117.5,-5.9,366.0
2024-01-22 19:00:00,30.25,117.5,-6.0,366.0
2024-01-22 20:00:00,30.25,117.5,-6.3,366.0
2024-01-22 21:00:00,30.25,117.5,-6.6,366.0
2024-01-22 22:00:00,30.25,117.5,-6.8,366.0
2024-01-22 23:00:00,30.25,117.5,-6.9,366.0
2024-01-23 00:00:00,30.25,117.5,-6.5,366.0
2024-01-23 01:00:00,30.25,117.5,-5.5,366.0
2024-01-23 02:00:00,30.25,117.5,-4.3,366.0
2024-01-23 03:00:00,30.25,117.5,-3.1,366.0
2024-01-23 04:00:00,30.25,117.5,-2.3,366.0
2024-01-23 05:00:00,30.25,117.5,-1.7,366.0
2024-01-23 06:00:00,30.25,117.5,-1.1,366.0
2024-01-23 07:00:00,30.25,117.5,-1.2,366.0
2024-01-23 08:00:00,30.25,117.5,-1.8,366.0
2024-01-23 09:00:00,30.25,117.5,-2.8,366.0
2024-01-23 10:00:00,30.25,117.5,-4.1,366.0
2024-01-23 11:00:00,30.25,117.5,-4.4,366.0
2024-01-23 12:00:00,30.25,117.5,-4.4,366.0
2024-01-23 13:00:00,30.25,117.5,-4.4,366.0
2024-01-23 14:00:00,30.25,117.5,-4.4,366.0
2024-01-23 15:00:00,30.25,117.5,-4.4,366.0
2024-01-23 16:00:00,30.25,117.5,-4.6,366.0
2024-01-23 17:00:00,30.25,117.5,-4.7,366.0
2024-01-23 18:00:00,30.25,117.5,-4.9,366.0
2024-01-23 19:00:00,30.25,117.5,-5.1,366.0
2024-01-23 20:00:00,30.25,117.5,-5.3,366.0
2024-01-23 21:00:00,30.25,117.5,-5.4,366.0
2024-01-23 22:00:00,30.25,117.5,-5.5,366.0
2024-01-23 23:00:00,30.25,117.5,-5.6,366.0
2024-01-24 00:00:00,30.25,117.5,-4.6,366.0
2024-01-24 01:00:00,30.25,117.5,-2.7,366.0
2024-01-24 02:00:00,30.25,117.5,-1.0,366.0
2024-01-24 03:00:00,30.25,117.5,0.7,366.0
2024-01-24 04:00:00,30.25,117.5,2.1,366.0
2024-01-24 05:00:00,30.25,117.5,2.7,366.0
2024-01-24 06:00:00,30.25,117.5,2.9,366.0
2024-01-24 07:00:00,30.25,117.5,2.6,366.0
2024-01-24 08:00:00,30.25,117.5,1.9,366.0
2024-01-24 09:00:00,30.25,117.5,0.1,366.0
2024-01-24 10:00:00,30.25,117.5,-2.5,366.0
2024-01-24 11:00:00,30.25,117.5,-3.1,366.0
2024-01-24 12:00:00,30.25,117.5,-3.2,366.0
2024-01-24 13:00:00,30.25,117.5,-3.0,366.0
2024-01-24 14:00:00,30.25,117.5,-3.0,366.0
2024-01-24 15:00:00,30.25,117.5,-2.8,366.0
2024-01-24 16:00:00,30.25,117.5,-2.9,366.0
2024-01-24 17:00:00,30.25,117.5,-3.2,366.0
2024-01-24 18:00:00,30.25,117.5,-3.3,366.0
2024-01-24 19:00:00,30.25,117.5,-3.5,366.0
2024-01-24 20:00:00,30.25,117.5,-3.6,366.0
2024-01-24 21:00:00,30.25,117.5,-3.6,366.0
2024-01-24 22:00:00,30.25,117.5,-3.6,366.0
2024-01-24 23:00:00,30.25,117.5,-3.6,366.0
2024-01-22 00:00:00,30.25,117.75,-2.5,299.0
2024-01-22 01:00:00,30.25,117.75,-1.8,299.0
2024-01-22 02:00:00,30.25,117.75,-1.2,299.0
2024-01-22 03:00:00,30.25,117.75,-1.3,299.0
2024-01-22 04:00:00,30.25,117.75,-1.4,299.0
2024-01-22 05:00:00,30.25,117.75,-1.1,299.0
2024-01-22 06:00:00,30.25,117.75,-2.0,299.0
2024-01-22 07:00:00,30.25,117.75,-2.7,299.0
2024-01-22 08:00:00,30.25,117.75,-2.8,299.0
2024-01-22 09:00:00,30.25,117.75,-3.2,299.0
2024-01-22 10:00:00,30.25,117.75,-3.5,299.0
2024-01-22 11:00:00,30.25,117.75,-3.7,299.0
2024-01-22 12:00:00,30.25,117.75,-3.9,299.0
2024-01-22 13:00:00,30.25,117.75,-4.1,299.0
2024-01-22 14:00:00,30.25,117.75,-4.4,299.0
2024-01-22 15:00:00,30.25,117.75,-4.5,299.0
2024-01-22 16:00:00,30.25,117.75,-4.9,299.0
2024-01-22 17:00:00,30.25,117.75,-5.3,299.0
2024-01-22 18:00:00,30.25,117.75,-5.7,299.0
2024-01-22 19:00:00,30.25,117.75,-5.9,299.0
2024-01-22 20:00:00,30.25,117.75,-6.1,299.0
2024-01-22 21:00:00,30.25,117.75,-6.3,299.0
2024-01-22 22:00:00,30.25,117.75,-6.5,299.0
2024-01-22 23:00:00,30.25,117.75,-6.6,299.0
2024-01-23 00:00:00,30.25,117.75,-6.3,299.0
2024-01-23 01:00:00,30.25,117.75,-5.2,299.0
2024-01-23 02:00:00,30.25,117.75,-4.0,299.0
2024-01-23 03:00:00,30.25,117.75,-2.8,299.0
2024-01-23 04:00:00,30.25,117.75,-1.8,299.0
2024-01-23 05:00:00,30.25,117.75,-1.1,299.0
2024-01-23 06:00:00,30.25,117.75,-0.7,299.0
2024-01-23 07:00:00,30.25,117.75,-0.7,299.0
2024-01-23 08:00:00,30.25,117.75,-1.3,299.0
2024-01-23 09:00:00,30.25,117.75,-2.3,299.0
2024-01-23 10:00:00,30.25,117.75,-3.6,299.0
2024-01-23 11:00:00,30.25,117.75,-3.9,299.0
2024-01-23 12:00:00,30.25,117.75,-3.9,299.0
2024-01-23 13:00:00,30.25,117.75,-4.0,299.0
2024-01-23 14:00:00,30.25,117.75,-4.0,299.0
2024-01-23 15:00:00,30.25,117.75,-4.0,299.0
2024-01-23 16:00:00,30.25,117.75,-4.2,299.0
2024-01-23 17:00:00,30.25,117.75,-4.3,299.0
2024-01-23 18:00:00,30.25,117.75,-4.5,299.0
2024-01-23 19:00:00,30.25,117.75,-4.7,299.0
2024-01-23 20:00:00,30.25,117.75,-4.9,299.0
2024-01-23 21:00:00,30.25,117.75,-5.1,299.0
2024-01-23 22:00:00,30.25,117.75,-5.2,299.0
2024-01-23 23:00:00,30.25,117.75,-5.3,299.0
2024-01-24 00:00:00,30.25,117.75,-4.3,299.0
2024-01-24 01:00:00,30.25,117.75,-2.3,299.0
2024-01-24 02:00:00,30.25,117.75,-0.8,299.0
2024-01-24 03:00:00,30.25,117.75,0.8,299.0
2024-01-24 04:00:00,30.25,117.75,2.4,299.0
2024-01-24 05:00:00,30.25,117.75,3.2,299.0
2024-01-24 06:00:00,30.25,117.75,3.7,299.0
2024-01-24 07:00:00,30.25,117.75,3.4,299.0
2024-01-24 08:00:00,30.25,117.75,2.6,299.0
2024-01-24 09:00:00,30.25,117.75,0.8,299.0
2024-01-24 10:00:00,30.25,117.75,-1.8,299.0
2024-01-24 11:00:00,30.25,117.75,-2.4,299.0
2024-01-24 12:00:00,30.25,117.75,-2.6,299.0
2024-01-24 13:00:00,30.25,117.75,-2.7,299.0
2024-01-24 14:00:00,30.25,117.75,-2.4,299.0
2024-01-24 15:00:00,30.25,117.75,-2.2,299.0
2024-01-24 16:00:00,30.25,117.75,-2.3,299.0
2024-01-24 17:00:00,30.25,117.75,-2.5,299.0
2024-01-24 18:00:00,30.25,117.75,-2.7,299.0
2024-01-24 19:00:00,30.25,117.75,-3.1,299.0
2024-01-24 20:00:00,30.25,117.75,-3.1,299.0
2024-01-24 21:00:00,30.25,117.75,-3.2,299.0
2024-01-24 22:00:00,30.25,117.75,-3.2,299.0
2024-01-24 23:00:00,30.25,117.75,-3.1,299.0
2024-01-22 00:00:00,30.25,118.0,-1.8,220.0
2024-01-22 01:00:00,30.25,118.0,-1.4,220.0
2024-01-22 02:00:00,30.25,118.0,-0.7,220.0
2024-01-22 03:00:00,30.25,118.0,-0.4,220.0
2024-01-22 04:00:00,30.25,118.0,-0.6,220.0
2024-01-22 05:00:00,30.25,118.0,-0.6,220.0
2024-01-22 06:00:00,30.25,118.0,-1.2,220.0
2024-01-22 07:00:00,30.25,118.0,-1.7,220.0
2024-01-22 08:00:00,30.25,118.0,-2.0,220.0
2024-01-22 09:00:00,30.25,118.0,-2.5,220.0
2024-01-22 10:00:00,30.25,118.0,-2.8,220.0
2024-01-22 11:00:00,30.25,118.0,-2.9,220.0
2024-01-22 12:00:00,30.25,118.0,-3.1,220.0
2024-01-22 13:00:00,30.25,118.0,-3.6,220.0
2024-01-22 14:00:00,30.25,118.0,-3.9,220.0
2024-01-22 15:00:00,30.25,118.0,-4.0,220.0
2024-01-22 16:00:00,30.25,118.0,-4.4,220.0
2024-01-22 17:00:00,30.25,118.0,-4.7,220.0
2024-01-22 18:00:00,30.25,118.0,-5.1,220.0
2024-01-22 19:00:00,30.25,118.0,-5.3,220.0
2024-01-22 20:00:00,30.25,118.0,-5.5,220.0
2024-01-22 21:00:00,30.25,118.0,-5.7,220.0
2024-01-22 22:00:00,30.25,118.0,-5.7,220.0
2024-01-22 23:00:00,30.25,118.0,-5.9,220.0
2024-01-23 00:00:00,30.25,118.0,-5.6,220.0
2024-01-23 01:00:00,30.25,118.0,-4.7,220.0
2024-01-23 02:00:00,30.25,118.0,-3.5,220.0
2024-01-23 03:00:00,30.25,118.0,-2.4,220.0
2024-01-23 04:00:00,30.25,118.0,-1.5,220.0
2024-01-23 05:00:00,30.25,118.0,-0.8,220.0
2024-01-23 06:00:00,30.25,118.0,-0.3,220.0
2024-01-23 07:00:00,30.25,118.0,-0.4,220.0
2024-01-23 08:00:00,30.25,118.0,-0.9,220.0
2024-01-23 09:00:00,30.25,118.0,-1.9,220.0
2024-01-23 10:00:00,30.25,118.0,-3.2,220.0
2024-01-23 11:00:00,30.25,118.0,-3.6,220.0
2024-01-23 12:00:00,30.25,118.0,-3.6,220.0
2024-01-23 13:00:00,30.25,118.0,-3.6,220.0
2024-01-23 14:00:00,30.25,118.0,-3.6,220.0
2024-01-23 15:00:00,30.25,118.0,-3.7,220.0
2024-01-23 16:00:00,30.25,118.0,-3.8,220.0
2024-01-23 17:00:00,30.25,118.0,-4.0,220.0
2024-01-23 18:00:00,30.25,118.0,-4.2,220.0
2024-01-23 19:00:00,30.25,118.0,-4.3,220.0
2024-01-23 20:00:00,30.25,118.0,-4.5,220.0
2024-01-23 21:00:00,30.25,118.0,-4.7,220.0
2024-01-23 22:00:00,30.25,118.0,-4.8,220.0
2024-01-23 23:00:00,30.25,118.0,-4.9,220.0
2024-01-24 00:00:00,30.25,118.0,-4.0,220.0
2024-01-24 01:00:00,30.25,118.0,-2.1,220.0
2024-01-24 02:00:00,30.25,118.0,-0.6,220.0
2024-01-24 03:00:00,30.25,118.0,0.9,220.0
2024-01-24 04:00:00,30.25,118.0,2.4,220.0
2024-01-24 05:00:00,30.25,118.0,3.1,220.0
2024-01-24 06:00:00,30.25,118.0,3.7,220.0
2024-01-24 07:00:00,30.25,118.0,3.5,220.0
2024-01-24 08:00:00,30.25,118.0,2.9,220.0
2024-01-24 09:00:00,30.25,118.0,1.1,220.0
2024-01-24 10:00:00,30.25,118.0,-1.5,220.0
2024-01-24 11:00:00,30.25,118.0,-2.2,220.0
2024-01-24 12:00:00,30.25,118.0,-2.4,220.0
2024-01-24 13:00:00,30.25,118.0,-2.6,220.0
2024-01-24 14:00:00,30.25,118.0,-2.3,220.0
2024-01-24 15:00:00,30.25,118.0,-2.1,220.0
2024-01-24 16:00:00,30.25,118.0,-2.1,220.0
2024-01-24 17:00:00,30.25,118.0,-2.4,220.0
2024-01-24 18:00:00,30.25,118.0,-2.5,220.0
2024-01-24 19:00:00,30.25,118.0,-2.9,220.0
2024-01-24 20:00:00,30.25,118.0,-3.0,220.0
2024-01-24 21:00:00,30.25,118.0,-3.0,220.0
2024-01-24 22:00:00,30.25,118.0,-3.0,220.0
2024-01-24 23:00:00,30.25,118.0,-2.9,220.0
2024-01-22 00:00:00,30.25,118.25,-2.6,359.0
2024-01-22 01:00:00,30.25,118.25,-2.3,359.0
2024-01-22 02:00:00,30.25,118.25,-1.5,359.0
2024-01-22 03:00:00,30.25,118.25,-1.4,359.0
2024-01-22 04:00:00,30.25,118.25,-1.6,359.0
2024-01-22 05:00:00,30.25,118.25,-1.6,359.0
2024-01-22 06:00:00,30.25,118.25,-1.8,359.0
2024-01-22 07:00:00,30.25,118.25,-2.3,359.0
2024-01-22 08:00:00,30.25,118.25,-3.1,359.0
2024-01-22 09:00:00,30.25,118.25,-3.6,359.0
2024-01-22 10:00:00,30.25,118.25,-3.8,359.0
2024-01-22 11:00:00,30.25,118.25,-4.0,359.0
2024-01-22 12:00:00,30.25,118.25,-4.2,359.0
2024-01-22 13:00:00,30.25,118.25,-4.6,359.0
2024-01-22 14:00:00,30.25,118.25,-4.9,359.0
2024-01-22 15:00:00,30.25,118.25,-4.9,359.0
2024-01-22 16:00:00,30.25,118.25,-5.4,359.0
2024-01-22 17:00:00,30.25,118.25,-5.7,359.0
2024-01-22 18:00:00,30.25,118.25,-6.1,359.0
2024-01-22 19:00:00,30.25,118.25,-6.4,359.0
2024-01-22 20:00:00,30.25,118.25,-6.6,359.0
2024-01-22 21:00:00,30.25,118.25,-6.7,359.0
2024-01-22 22:00:00,30.25,118.25,-6.8,359.0
2024-01-22 23:00:00,30.25,118.25,-6.9,359.0
2024-01-23 00:00:00,30.25,118.25,-6.7,359.0
2024-01-23 01:00:00,30.25,118.25,-5.7,359.0
2024-01-23 02:00:00,30.25,118.25,-4.5,359.0
2024-01-23 03:00:00,30.25,118.25,-3.3,359.0
2024-01-23 04:00:00,30.25,118.25,-2.3,359.0
2024-01-23 05:00:00,30.25,118.25,-1.6,359.0
2024-01-23 06:00:00,30.25,118.25,-1.0,359.0
2024-01-23 07:00:00,30.25,118.25,-1.1,359.0
2024-01-23 08:00:00,30.25,118.25,-1.6,359.0
2024-01-23 09:00:00,30.25,118.25,-2.7,359.0
2024-01-23 10:00:00,30.25,118.25,-4.2,359.0
2024-01-23 11:00:00,30.25,118.25,-4.6,359.0
2024-01-23 12:00:00,30.25,118.25,-4.6,359.0
2024-01-23 13:00:00,30.25,118.25,-4.7,359.0
2024-01-23 14:00:00,30.25,118.25,-4.7,359.0
2024-01-23 15:00:00,30.25,118.25,-4.7,359.0
2024-01-23 16:00:00,30.25,118.25,-4.8,359.0
2024-01-23 17:00:00,30.25,118.25,-4.9,359.0
2024-01-23 18:00:00,30.25,118.25,-5.1,359.0
2024-01-23 19:00:00,30.25,118.25,-5.3,359.0
2024-01-23 20:00:00,30.25,118.25,-5.5,359.0
2024-01-23 21:00:00,30.25,118.25,-5.7,359.0
2024-01-23 22:00:00,30.25,118.25,-5.8,359.0
2024-01-23 23:00:00,30.25,118.25,-5.9,359.0
2024-01-24 00:00:00,30.25,118.25,-4.8,359.0
2024-01-24 01:00:00,30.25,118.25,-3.0,359.0
2024-01-24 02:00:00,30.25,118.25,-1.3,359.0
2024-01-24 03:00:00,30.25,118.25,0.2,359.0
2024-01-24 04:00:00,30.25,118.25,1.6,359.0
2024-01-24 05:00:00,30.25,118.25,2.3,359.0
2024-01-24 06:00:00,30.25,118.25,2.6,359.0
2024-01-24 07:00:00,30.25,118.25,2.5,359.0
2024-01-24 08:00:00,30.25,118.25,1.9,359.0
2024-01-24 09:00:00,30.25,118.25,0.1,359.0
2024-01-24 10:00:00,30.25,118.25,-2.2,359.0
2024-01-24 11:00:00,30.25,118.25,-2.8,359.0
2024-01-24 12:00:00,30.25,118.25,-3.1,359.0
2024-01-24 13:00:00,30.25,118.25,-3.3,359.0
2024-01-24 14:00:00,30.25,118.25,-3.3,359.0
2024-01-24 15:00:00,30.25,118.25,-3.0,359.0
2024-01-24 16:00:00,30.25,118.25,-3.1,359.0
2024-01-24 17:00:00,30.25,118.25,-3.1,359.0
2024-01-24 18:00:00,30.25,118.25,-3.1,359.0
2024-01-24 19:00:00,30.25,118.25,-3.5,359.0
2024-01-24 20:00:00,30.25,118.25,-3.7,359.0
2024-01-24 21:00:00,30.25,118.25,-3.7,359.0
2024-01-24 22:00:00,30.25,118.25,-3.7,359.0
2024-01-24 23:00:00,30.25,118.25,-3.7,359.0
2024-01-22 00:00:00,30.25,118.5,-2.8,430.0
2024-01-22 01:00:00,30.25,118.5,-2.4,430.0
2024-01-22 02:00:00,30.25,118.5,-1.7,430.0
2024-01-22 03:00:00,30.25,118.5,-1.7,430.0
2024-01-22 04:00:00,30.25,118.5,-1.8,430.0
2024-01-22 05:00:00,30.25,118.5,-2.2,430.0
2024-01-22 06:00:00,30.25,118.5,-2.2,430.0
2024-01-22 07:00:00,30.25,118.5,-2.8,430.0
2024-01-22 08:00:00,30.25,118.5,-3.7,430.0
2024-01-22 09:00:00,30.25,118.5,-4.1,430.0
2024-01-22 10:00:00,30.25,118.5,-4.4,430.0
2024-01-22 11:00:00,30.25,118.5,-4.5,430.0
2024-01-22 12:00:00,30.25,118.5,-4.6,430.0
2024-01-22 13:00:00,30.25,118.5,-4.7,430.0
2024-01-22 14:00:00,30.25,118.5,-5.1,430.0
2024-01-22 15:00:00,30.25,118.5,-5.3,430.0
2024-01-22 16:00:00,30.25,118.5,-5.8,430.0
2024-01-22 17:00:00,30.25,118.5,-6.0,430.0
2024-01-22 18:00:00,30.25,118.5,-6.3,430.0
2024-01-22 19:00:00,30.25,118.5,-6.6,430.0
2024-01-22 20:00:00,30.25,118.5,-6.8,430.0
2024-01-22 21:00:00,30.25,118.5,-7.0,430.0
2024-01-22 22:00:00,30.25,118.5,-7.1,430.0
2024-01-22 23:00:00,30.25,118.5,-7.3,430.0
2024-01-23 00:00:00,30.25,118.5,-7.0,430.0
2024-01-23 01:00:00,30.25,118.5,-6.0,430.0
2024-01-23 02:00:00,30.25,118.5,-4.8,430.0
2024-01-23 03:00:00,30.25,118.5,-3.6,430.0
2024-01-23 04:00:00,30.25,118.5,-2.7,430.0
2024-01-23 05:00:00,30.25,118.5,-2.2,430.0
2024-01-23 06:00:00,30.25,118.5,-1.7,430.0
2024-01-23 07:00:00,30.25,118.5,-1.8,430.0
2024-01-23 08:00:00,30.25,118.5,-2.2,430.0
2024-01-23 09:00:00,30.25,118.5,-3.3,430.0
2024-01-23 10:00:00,30.25,118.5,-4.8,430.0
2024-01-23 11:00:00,30.25,118.5,-5.1,430.0
2024-01-23 12:00:00,30.25,118.5,-5.1,430.0
2024-01-23 13:00:00,30.25,118.5,-5.2,430.0
2024-01-23 14:00:00,30.25,118.5,-5.2,430.0
2024-01-23 15:00:00,30.25,118.5,-5.2,430.0
2024-01-23 16:00:00,30.25,118.5,-5.4,430.0
2024-01-23 17:00:00,30.25,118.5,-5.5,430.0
2024-01-23 18:00:00,30.25,118.5,-5.7,430.0
2024-01-23 19:00:00,30.25,118.5,-5.9,430.0
2024-01-23 20:00:00,30.25,118.5,-6.1,430.0
2024-01-23 21:00:00,30.25,118.5,-6.3,430.0
2024-01-23 22:00:00,30.25,118.5,-6.4,430.0
2024-01-23 23:00:00,30.25,118.5,-6.5,430.0
2024-01-24 00:00:00,30.25,118.5,-5.4,430.0
2024-01-24 01:00:00,30.25,118.5,-3.5,430.0
2024-01-24 02:00:00,30.25,118.5,-1.7,430.0
2024-01-24 03:00:00,30.25,118.5,-0.4,430.0
2024-01-24 04:00:00,30.25,118.5,1.3,430.0
2024-01-24 05:00:00,30.25,118.5,2.0,430.0
2024-01-24 06:00:00,30.25,118.5,2.4,430.0
2024-01-24 07:00:00,30.25,118.5,2.2,430.0
2024-01-24 08:00:00,30.25,118.5,1.5,430.0
2024-01-24 09:00:00,30.25,118.5,-0.6,430.0
2024-01-24 10:00:00,30.25,118.5,-2.9,430.0
2024-01-24 11:00:00,30.25,118.5,-3.5,430.0
2024-01-24 12:00:00,30.25,118.5,-3.8,430.0
2024-01-24 13:00:00,30.25,118.5,-3.9,430.0
2024-01-24 14:00:00,30.25,118.5,-4.0,430.0
2024-01-24 15:00:00,30.25,118.5,-3.7,430.0
2024-01-24 16:00:00,30.25,118.5,-3.7,430.0
2024-01-24 17:00:00,30.25,118.5,-3.7,430.0
2024-01-24 18:00:00,30.25,118.5,-3.5,430.0
2024-01-24 19:00:00,30.25,118.5,-3.9,430.0
2024-01-24 20:00:00,30.25,118.5,-4.2,430.0
2024-01-24 21:00:00,30.25,118.5,-4.3,430.0
2024-01-24 22:00:00,30.25,118.5,-4.4,430.0
2024-01-24 23:00:00,30.25,118.5,-4.4,430.0
2024-01-22 00:00:00,30.25,118.75,-2.0,224.0
2024-01-22 01:00:00,30.25,118.75,-1.3,224.0
2024-01-22 02:00:00,30.25,118.75,-0.7,224.0
2024-01-22 03:00:00,30.25,118.75,-0.8,224.0
2024-01-22 04:00:00,30.25,118.75,-0.6,224.0
2024-01-22 05:00:00,30.25,118.75,-1.1,224.0
2024-01-22 06:00:00,30.25,118.75,-1.2,224.0
2024-01-22 07:00:00,30.25,118.75,-1.6,224.0
2024-01-22 08:00:00,30.25,118.75,-2.3,224.0
2024-01-22 09:00:00,30.25,118.75,-2.8,224.0
2024-01-22 10:00:00,30.25,118.75,-3.1,224.0
2024-01-22 11:00:00,30.25,118.75,-3.3,224.0
2024-01-22 12:00:00,30.25,118.75,-3.6,224.0
2024-01-22 13:00:00,30.25,118.75,-3.6,224.0
2024-01-22 14:00:00,30.25,118.75,-3.8,224.0
2024-01-22 15:00:00,30.25,118.75,-3.9,224.0
2024-01-22 16:00:00,30.25,118.75,-4.3,224.0
2024-01-22 17:00:00,30.25,118.75,-4.6,224.0
2024-01-22 18:00:00,30.25,118.75,-5.1,224.0
2024-01-22 19:00:00,30.25,118.75,-5.4,224.0
2024-01-22 20:00:00,30.25,118.75,-5.7,224.0
2024-01-22 21:00:00,30.25,118.75,-5.9,224.0
2024-01-22 22:00:00,30.25,118.75,-6.0,224.0
2024-01-22 23:00:00,30.25,118.75,-6.2,224.0
2024-01-23 00:00:00,30.25,118.75,-5.7,224.0
2024-01-23 01:00:00,30.25,118.75,-4.7,224.0
2024-01-23 02:00:00,30.25,118.75,-3.4,224.0
2024-01-23 03:00:00,30.25,118.75,-2.1,224.0
2024-01-23 04:00:00,30.25,118.75,-1.0,224.0
2024-01-23 05:00:00,30.25,118.75,-0.3,224.0
2024-01-23 06:00:00,30.25,118.75,0.4,224.0
2024-01-23 07:00:00,30.25,118.75,0.2,224.0
2024-01-23 08:00:00,30.25,118.75,-0.5,224.0
2024-01-23 09:00:00,30.25,118.75,-1.7,224.0
2024-01-23 10:00:00,30.25,118.75,-3.2,224.0
2024-01-23 11:00:00,30.25,118.75,-3.5,224.0
2024-01-23 12:00:00,30.25,118.75,-3.6,224.0
2024-01-23 13:00:00,30.25,118.75,-3.7,224.0
2024-01-23 14:00:00,30.25,118.75,-3.7,224.0
2024-01-23 15:00:00,30.25,118.75,-3.8,224.0
2024-01-23 16:00:00,30.25,118.75,-4.0,224.0
2024-01-23 17:00:00,30.25,118.75,-4.1,224.0
2024-01-23 18:00:00,30.25,118.75,-4.3,224.0
2024-01-23 19:00:00,30.25,118.75,-4.5,224.0
2024-01-23 20:00:00,30.25,118.75,-4.7,224.0
2024-01-23 21:00:00,30.25,118.75,-4.8,224.0
2024-01-23 22:00:00,30.25,118.75,-4.9,224.0
2024-01-23 23:00:00,30.25,118.75,-5.0,224.0
2024-01-24 00:00:00,30.25,118.75,-3.9,224.0
2024-01-24 01:00:00,30.25,118.75,-2.1,224.0
2024-01-24 02:00:00,30.25,118.75,-0.3,224.0
2024-01-24 03:00:00,30.25,118.75,1.0,224.0
2024-01-24 04:00:00,30.25,118.75,2.5,224.0
2024-01-24 05:00:00,30.25,118.75,3.6,224.0
2024-01-24 06:00:00,30.25,118.75,4.0,224.0
2024-01-24 07:00:00,30.25,118.75,4.1,224.0
2024-01-24 08:00:00,30.25,118.75,3.5,224.0
2024-01-24 09:00:00,30.25,118.75,1.5,224.0
2024-01-24 10:00:00,30.25,118.75,-1.1,224.0
2024-01-24 11:00:00,30.25,118.75,-2.0,224.0
2024-01-24 12:00:00,30.25,118.75,-2.4,224.0
2024-01-24 13:00:00,30.25,118.75,-2.3,224.0
2024-01-24 14:00:00,30.25,118.75,-2.4,224.0
2024-01-24 15:00:00,30.25,118.75,-2.1,224.0
2024-01-24 16:00:00,30.25,118.75,-2.2,224.0
2024-01-24 17:00:00,30.25,118.75,-2.2,224.0
2024-01-24 18:00:00,30.25,118.75,-2.1,224.0
2024-01-24 19:00:00,30.25,118.75,-2.3,224.0
2024-01-24 20:00:00,30.25,118.75,-2.6,224.0
2024-01-24 21:00:00,30.25,118.75,-2.7,224.0
2024-01-24 22:00:00,30.25,118.75,-2.8,224.0
2024-01-24 23:00:00,30.25,118.75,-2.7,224.0
2024-01-22 00:00:00,30.25,119.0,-8.3,1134.0
2024-01-22 01:00:00,30.25,119.0,-7.7,1134.0
2024-01-22 02:00:00,30.25,119.0,-7.3,1134.0
2024-01-22 03:00:00,30.25,119.0,-7.4,1134.0
2024-01-22 04:00:00,30.25,119.0,-7.2,1134.0
2024-01-22 05:00:00,30.25,119.0,-7.6,1134.0
2024-01-22 06:00:00,30.25,119.0,-7.8,1134.0
2024-01-22 07:00:00,30.25,119.0,-7.9,1134.0
2024-01-22 08:00:00,30.25,119.0,-8.5,1134.0
2024-01-22 09:00:00,30.25,119.0,-9.2,1134.0
2024-01-22 10:00:00,30.25,119.0,-9.6,1134.0
2024-01-22 11:00:00,30.25,119.0,-9.9,1134.0
2024-01-22 12:00:00,30.25,119.0,-10.1,1134.0
2024-01-22 13:00:00,30.25,119.0,-10.2,1134.0
2024-01-22 14:00:00,30.25,119.0,-10.4,1134.0
2024-01-22 15:00:00,30.25,119.0,-10.6,1134.0
2024-01-22 16:00:00,30.25,119.0,-11.1,1134.0
2024-01-22 17:00:00,30.25,119.0,-11.4,1134.0
2024-01-22 18:00:00,30.25,119.0,-11.7,1134.0
2024-01-22 19:00:00,30.25,119.0,-12.0,1134.0
2024-01-22 20:00:00,30.25,119.0,-12.3,1134.0
2024-01-22 21:00:00,30.25,119.0,-12.5,1134.0
2024-01-22 22:00:00,30.25,119.0,-12.7,1134.0
2024-01-22 23:00:00,30.25,119.0,-12.9,1134.0
2024-01-23 00:00:00,30.25,119.0,-12.2,1134.0
2024-01-23 01:00:00,30.25,119.0,-11.0,1134.0
2024-01-23 02:00:00,30.25,119.0,-9.7,1134.0
2024-01-23 03:00:00,30.25,119.0,-8.4,1134.0
2024-01-23 04:00:00,30.25,119.0,-7.4,1134.0
2024-01-23 05:00:00,30.25,119.0,-6.6,1134.0
2024-01-23 06:00:00,30.25,119.0,-5.8,1134.0
2024-01-23 07:00:00,30.25,119.0,-6.2,1134.0
2024-01-23 08:00:00,30.25,119.0,-6.9,1134.0
2024-01-23 09:00:00,30.25,119.0,-8.1,1134.0
2024-01-23 10:00:00,30.25,119.0,-9.2,1134.0
2024-01-23 11:00:00,30.25,119.0,-9.5,1134.0
2024-01-23 12:00:00,30.25,119.0,-9.6,1134.0
2024-01-23 13:00:00,30.25,119.0,-9.7,1134.0
2024-01-23 14:00:00,30.25,119.0,-9.9,1134.0
2024-01-23 15:00:00,30.25,119.0,-10.0,1134.0
2024-01-23 16:00:00,30.25,119.0,-10.2,1134.0
2024-01-23 17:00:00,30.25,119.0,-10.3,1134.0
2024-01-23 18:00:00,30.25,119.0,-10.5,1134.0
2024-01-23 19:00:00,30.25,119.0,-10.6,1134.0
2024-01-23 20:00:00,30.25,119.0,-10.7,1134.0
2024-01-23 21:00:00,30.25,119.0,-10.7,1134.0
2024-01-23 22:00:00,30.25,119.0,-10.8,1134.0
2024-01-23 23:00:00,30.25,119.0,-10.8,1134.0
2024-01-24 00:00:00,30.25,119.0,-10.3,1134.0
2024-01-24 01:00:00,30.25,119.0,-7.9,1134.0
2024-01-24 02:00:00,30.25,119.0,-6.0,1134.0
2024-01-24 03:00:00,30.25,119.0,-4.4,1134.0
2024-01-24 04:00:00,30.25,119.0,-3.1,1134.0
2024-01-24 05:00:00,30.25,119.0,-2.3,1134.0
2024-01-24 06:00:00,30.25,119.0,-2.1,1134.0
2024-01-24 07:00:00,30.25,119.0,-2.3,1134.0
2024-01-24 08:00:00,30.25,119.0,-3.0,1134.0
2024-01-24 09:00:00,30.25,119.0,-5.2,1134.0
2024-01-24 10:00:00,30.25,119.0,-8.8,1134.0
2024-01-24 11:00:00,30.25,119.0,-9.2,1134.0
2024-01-24 12:00:00,30.25,119.0,-9.3,1134.0
2024-01-24 13:00:00,30.25,119.0,-8.6,1134.0
2024-01-24 14:00:00,30.25,119.0,-8.8,1134.0
2024-01-24 15:00:00,30.25,119.0,-8.9,1134.0
2024-01-24 16:00:00,30.25,119.0,-8.6,1134.0
2024-01-24 17:00:00,30.25,119.0,-8.3,1134.0
2024-01-24 18:00:00,30.25,119.0,-8.2,1134.0
2024-01-24 19:00:00,30.25,119.0,-8.3,1134.0
2024-01-24 20:00:00,30.25,119.0,-8.8,1134.0
2024-01-24 21:00:00,30.25,119.0,-9.2,1134.0
2024-01-24 22:00:00,30.25,119.0,-9.3,1134.0
2024-01-24 23:00:00,30.25,119.0,-9.2,1134.0
2024-01-22 00:00:00,30.25,119.25,-2.7,366.0
2024-01-22 01:00:00,30.25,119.25,-2.2,366.0
2024-01-22 02:00:00,30.25,119.25,-1.6,366.0
2024-01-22 03:00:00,30.25,119.25,-1.7,366.0
2024-01-22 04:00:00,30.25,119.25,-1.6,366.0
2024-01-22 05:00:00,30.25,119.25,-1.5,366.0
2024-01-22 06:00:00,30.25,119.25,-2.4,366.0
2024-01-22 07:00:00,30.25,119.25,-2.5,366.0
2024-01-22 08:00:00,30.25,119.25,-3.2,366.0
2024-01-22 09:00:00,30.25,119.25,-3.8,366.0
2024-01-22 10:00:00,30.25,119.25,-3.9,366.0
2024-01-22 11:00:00,30.25,119.25,-4.1,366.0
2024-01-22 12:00:00,30.25,119.25,-4.4,366.0
2024-01-22 13:00:00,30.25,119.25,-4.7,366.0
2024-01-22 14:00:00,30.25,119.25,-4.9,366.0
2024-01-22 15:00:00,30.25,119.25,-5.1,366.0
2024-01-22 16:00:00,30.25,119.25,-5.2,366.0
2024-01-22 17:00:00,30.25,119.25,-5.7,366.0
2024-01-22 18:00:00,30.25,119.25,-6.1,366.0
2024-01-22 19:00:00,30.25,119.25,-6.4,366.0
2024-01-22 20:00:00,30.25,119.25,-6.7,366.0
2024-01-22 21:00:00,30.25,119.25,-6.9,366.0
2024-01-22 22:00:00,30.25,119.25,-6.9,366.0
2024-01-22 23:00:00,30.25,119.25,-7.0,366.0
2024-01-23 00:00:00,30.25,119.25,-6.8,366.0
2024-01-23 01:00:00,30.25,119.25,-5.7,366.0
2024-01-23 02:00:00,30.25,119.25,-4.4,366.0
2024-01-23 03:00:00,30.25,119.25,-3.3,366.0
2024-01-23 04:00:00,30.25,119.25,-2.3,366.0
2024-01-23 05:00:00,30.25,119.25,-1.7,366.0
2024-01-23 06:00:00,30.25,119.25,-1.1,366.0
2024-01-23 07:00:00,30.25,119.25,-1.4,366.0
2024-01-23 08:00:00,30.25,119.25,-2.1,366.0
2024-01-23 09:00:00,30.25,119.25,-3.1,366.0
2024-01-23 10:00:00,30.25,119.25,-4.4,366.0
2024-01-23 11:00:00,30.25,119.25,-4.7,366.0
2024-01-23 12:00:00,30.25,119.25,-4.8,366.0
2024-01-23 13:00:00,30.25,119.25,-4.9,366.0
2024-01-23 14:00:00,30.25,119.25,-5.0,366.0
2024-01-23 15:00:00,30.25,119.25,-5.2,366.0
2024-01-23 16:00:00,30.25,119.25,-5.4,366.0
2024-01-23 17:00:00,30.25,119.25,-5.7,366.0
2024-01-23 18:00:00,30.25,119.25,-5.9,366.0
2024-01-23 19:00:00,30.25,119.25,-6.0,366.0
2024-01-23 20:00:00,30.25,119.25,-6.2,366.0
2024-01-23 21:00:00,30.25,119.25,-6.3,366.0
2024-01-23 22:00:00,30.25,119.25,-6.4,366.0
2024-01-23 23:00:00,30.25,119.25,-6.5,366.0
2024-01-24 00:00:00,30.25,119.25,-5.1,366.0
2024-01-24 01:00:00,30.25,119.25,-2.9,366.0
2024-01-24 02:00:00,30.25,119.25,-1.1,366.0
2024-01-24 03:00:00,30.25,119.25,0.4,366.0
2024-01-24 04:00:00,30.25,119.25,1.4,366.0
2024-01-24 05:00:00,30.25,119.25,2.2,366.0
2024-01-24 06:00:00,30.25,119.25,2.4,366.0
2024-01-24 07:00:00,30.25,119.25,2.2,366.0
2024-01-24 08:00:00,30.25,119.25,1.6,366.0
2024-01-24 09:00:00,30.25,119.25,-0.3,366.0
2024-01-24 10:00:00,30.25,119.25,-2.8,366.0
2024-01-24 11:00:00,30.25,119.25,-3.4,366.0
2024-01-24 12:00:00,30.25,119.25,-3.7,366.0
2024-01-24 13:00:00,30.25,119.25,-3.7,366.0
2024-01-24 14:00:00,30.25,119.25,-3.5,366.0
2024-01-24 15:00:00,30.25,119.25,-3.9,366.0
2024-01-24 16:00:00,30.25,119.25,-3.6,366.0
2024-01-24 17:00:00,30.25,119.25,-3.6,366.0
2024-01-24 18:00:00,30.25,119.25,-3.3,366.0
2024-01-24 19:00:00,30.25,119.25,-3.3,366.0
2024-01-24 20:00:00,30.25,119.25,-3.4,366.0
2024-01-24 21:00:00,30.25,119.25,-3.4,366.0
2024-01-24 22:00:00,30.25,119.25,-3.9,366.0
2024-01-24 23:00:00,30.25,119.25,-4.1,366.0
2024-01-22 00:00:00,30.25,119.5,-2.0,268.0
2024-01-22 01:00:00,30.25,119.5,-1.3,268.0
2024-01-22 02:00:00,30.25,119.5,-0.3,268.0
2024-01-22 03:00:00,30.25,119.5,0.2,268.0
2024-01-22 04:00:00,30.25,119.5,0.3,268.0
2024-01-22 05:00:00,30.25,119.5,0.2,268.0
2024-01-22 06:00:00,30.25,119.5,-0.2,268.0
2024-01-22 07:00:00,30.25,119.5,-1.0,268.0
2024-01-22 08:00:00,30.25,119.5,-1.6,268.0
2024-01-22 09:00:00,30.25,119.5,-2.4,268.0
2024-01-22 10:00:00,30.25,119.5,-3.1,268.0
2024-01-22 11:00:00,30.25,119.5,-3.2,268.0
2024-01-22 12:00:00,30.25,119.5,-3.6,268.0
2024-01-22 13:00:00,30.25,119.5,-3.8,268.0
2024-01-22 14:00:00,30.25,119.5,-3.9,268.0
2024-01-22 15:00:00,30.25,119.5,-4.1,268.0
2024-01-22 16:00:00,30.25,119.5,-4.1,268.0
2024-01-22 17:00:00,30.25,119.5,-4.6,268.0
2024-01-22 18:00:00,30.25,119.5,-5.0,268.0
2024-01-22 19:00:00,30.25,119.5,-5.4,268.0
2024-01-22 20:00:00,30.25,119.5,-5.7,268.0
2024-01-22 21:00:00,30.25,119.5,-6.0,268.0
2024-01-22 22:00:00,30.25,119.5,-6.1,268.0
2024-01-22 23:00:00,30.25,119.5,-6.1,268.0
2024-01-23 00:00:00,30.25,119.5,-5.6,268.0
2024-01-23 01:00:00,30.25,119.5,-4.2,268.0
2024-01-23 02:00:00,30.25,119.5,-2.7,268.0
2024-01-23 03:00:00,30.25,119.5,-1.4,268.0
2024-01-23 04:00:00,30.25,119.5,-0.4,268.0
2024-01-23 05:00:00,30.25,119.5,0.3,268.0
2024-01-23 06:00:00,30.25,119.5,0.6,268.0
2024-01-23 07:00:00,30.25,119.5,0.5,268.0
2024-01-23 08:00:00,30.25,119.5,-0.2,268.0
2024-01-23 09:00:00,30.25,119.5,-1.7,268.0
2024-01-23 10:00:00,30.25,119.5,-3.5,268.0
2024-01-23 11:00:00,30.25,119.5,-4.0,268.0
2024-01-23 12:00:00,30.25,119.5,-4.0,268.0
2024-01-23 13:00:00,30.25,119.5,-4.0,268.0
2024-01-23 14:00:00,30.25,119.5,-4.0,268.0
2024-01-23 15:00:00,30.25,119.5,-4.0,268.0
2024-01-23 16:00:00,30.25,119.5,-4.0,268.0
2024-01-23 17:00:00,30.25,119.5,-4.0,268.0
2024-01-23 18:00:00,30.25,119.5,-4.1,268.0
2024-01-23 19:00:00,30.25,119.5,-4.2,268.0
2024-01-23 20:00:00,30.25,119.5,-4.4,268.0
2024-01-23 21:00:00,30.25,119.5,-4.6,268.0
2024-01-23 22:00:00,30.25,119.5,-4.7,268.0
2024-01-23 23:00:00,30.25,119.5,-4.8,268.0
2024-01-24 00:00:00,30.25,119.5,-3.9,268.0
2024-01-24 01:00:00,30.25,119.5,-1.9,268.0
2024-01-24 02:00:00,30.25,119.5,-0.0,268.0
2024-01-24 03:00:00,30.25,119.5,1.6,268.0
2024-01-24 04:00:00,30.25,119.5,3.6,268.0
2024-01-24 05:00:00,30.25,119.5,4.7,268.0
2024-01-24 06:00:00,30.25,119.5,5.4,268.0
2024-01-24 07:00:00,30.25,119.5,5.0,268.0
2024-01-24 08:00:00,30.25,119.5,3.9,268.0
2024-01-24 09:00:00,30.25,119.5,1.0,268.0
2024-01-24 10:00:00,30.25,119.5,-1.9,268.0
2024-01-24 11:00:00,30.25,119.5,-2.5,268.0
2024-01-24 12:00:00,30.25,119.5,-2.8,268.0
2024-01-24 13:00:00,30.25,119.5,-3.0,268.0
2024-01-24 14:00:00,30.25,119.5,-2.9,268.0
2024-01-24 15:00:00,30.25,119.5,-3.0,268.0
2024-01-24 16:00:00,30.25,119.5,-2.7,268.0
2024-01-24 17:00:00,30.25,119.5,-2.5,268.0
2024-01-24 18:00:00,30.25,119.5,-2.5,268.0
2024-01-24 19:00:00,30.25,119.5,-2.4,268.0
2024-01-24 20:00:00,30.25,119.5,-2.2,268.0
2024-01-24 21:00:00,30.25,119.5,-2.4,268.0
2024-01-24 22:00:00,30.25,119.5,-2.9,268.0
2024-01-24 23:00:00,30.25,119.5,-3.3,268.0
2024-01-22 00:00:00,30.25,119.75,-0.5,23.0
2024-01-22 01:00:00,30.25,119.75,-0.1,23.0
2024-01-22 02:00:00,30.25,119.75,1.0,23.0
2024-01-22 03:00:00,30.25,119.75,1.4,23.0
2024-01-22 04:00:00,30.25,119.75,1.2,23.0
2024-01-22 05:00:00,30.25,119.75,1.3,23.0
2024-01-22 06:00:00,30.25,119.75,0.5,23.0
2024-01-22 07:00:00,30.25,119.75,0.0,23.0
2024-01-22 08:00:00,30.25,119.75,-0.5,23.0
2024-01-22 09:00:00,30.25,119.75,-1.2,23.0
2024-01-22 10:00:00,30.25,119.75,-1.8,23.0
2024-01-22 11:00:00,30.25,119.75,-1.7,23.0
2024-01-22 12:00:00,30.25,119.75,-1.9,23.0
2024-01-22 13:00:00,30.25,119.75,-2.1,23.0
2024-01-22 14:00:00,30.25,119.75,-2.3,23.0
2024-01-22 15:00:00,30.25,119.75,-2.4,23.0
2024-01-22 16:00:00,30.25,119.75,-2.5,23.0
2024-01-22 17:00:00,30.25,119.75,-2.9,23.0
2024-01-22 18:00:00,30.25,119.75,-3.3,23.0
2024-01-22 19:00:00,30.25,119.75,-3.5,23.0
2024-01-22 20:00:00,30.25,119.75,-3.8,23.0
2024-01-22 21:00:00,30.25,119.75,-4.0,23.0
2024-01-22 22:00:00,30.25,119.75,-4.0,23.0
2024-01-22 23:00:00,30.25,119.75,-4.2,23.0
2024-01-23 00:00:00,30.25,119.75,-3.6,23.0
2024-01-23 01:00:00,30.25,119.75,-2.3,23.0
2024-01-23 02:00:00,30.25,119.75,-0.7,23.0
2024-01-23 03:00:00,30.25,119.75,0.7,23.0
2024-01-23 04:00:00,30.25,119.75,1.7,23.0
2024-01-23 05:00:00,30.25,119.75,2.2,23.0
2024-01-23 06:00:00,30.25,119.75,2.4,23.0
2024-01-23 07:00:00,30.25,119.75,2.3,23.0
2024-01-23 08:00:00,30.25,119.75,1.6,23.0
2024-01-23 09:00:00,30.25,119.75,-0.1,23.0
2024-01-23 10:00:00,30.25,119.75,-2.0,23.0
2024-01-23 11:00:00,30.25,119.75,-2.5,23.0
2024-01-23 12:00:00,30.25,119.75,-2.4,23.0
2024-01-23 13:00:00,30.25,119.75,-2.5,23.0
2024-01-23 14:00:00,30.25,119.75,-2.5,23.0
2024-01-23 15:00:00,30.25,119.75,-2.5,23.0
2024-01-23 16:00:00,30.25,119.75,-2.6,23.0
2024-01-23 17:00:00,30.25,119.75,-2.6,23.0
2024-01-23 18:00:00,30.25,119.75,-2.7,23.0
2024-01-23 19:00:00,30.25,119.75,-2.8,23.0
2024-01-23 20:00:00,30.25,119.75,-2.8,23.0
2024-01-23 21:00:00,30.25,119.75,-2.8,23.0
2024-01-23 22:00:00,30.25,119.75,-2.8,23.0
2024-01-23 23:00:00,30.25,119.75,-2.8,23.0
2024-01-24 00:00:00,30.25,119.75,-2.0,23.0
2024-01-24 01:00:00,30.25,119.75,-0.5,23.0
2024-01-24 02:00:00,30.25,119.75,1.3,23.0
2024-01-24 03:00:00,30.25,119.75,3.1,23.0
2024-01-24 04:00:00,30.25,119.75,3.8,23.0
2024-01-24 05:00:00,30.25,119.75,4.4,23.0
2024-01-24 06:00:00,30.25,119.75,5.0,23.0
2024-01-24 07:00:00,30.25,119.75,5.1,23.0
2024-01-24 08:00:00,30.25,119.75,4.7,23.0
2024-01-24 09:00:00,30.25,119.75,2.1,23.0
2024-01-24 10:00:00,30.25,119.75,-0.5,23.0
2024-01-24 11:00:00,30.25,119.75,-1.1,23.0
2024-01-24 12:00:00,30.25,119.75,-1.4,23.0
2024-01-24 13:00:00,30.25,119.75,-1.5,23.0
2024-01-24 14:00:00,30.25,119.75,-1.4,23.0
2024-01-24 15:00:00,30.25,119.75,-1.4,23.0
2024-01-24 16:00:00,30.25,119.75,-1.2,23.0
2024-01-24 17:00:00,30.25,119.75,-1.1,23.0
2024-01-24 18:00:00,30.25,119.75,-1.1,23.0
2024-01-24 19:00:00,30.25,119.75,-1.0,23.0
2024-01-24 20:00:00,30.25,119.75,-0.7,23.0
2024-01-24 21:00:00,30.25,119.75,-0.9,23.0
2024-01-24 22:00:00,30.25,119.75,-1.3,23.0
2024-01-24 23:00:00,30.25,119.75,-1.7,23.0
2024-01-22 00:00:00,30.25,120.0,-0.3,4.0
2024-01-22 01:00:00,30.25,120.0,-0.2,4.0
2024-01-22 02:00:00,30.25,120.0,0.4,4.0
2024-01-22 03:00:00,30.25,120.0,0.8,4.0
2024-01-22 04:00:00,30.25,120.0,1.0,4.0
2024-01-22 05:00:00,30.25,120.0,1.0,4.0
2024-01-22 06:00:00,30.25,120.0,0.7,4.0
2024-01-22 07:00:00,30.25,120.0,0.5,4.0
2024-01-22 08:00:00,30.25,120.0,0.0,4.0
2024-01-22 09:00:00,30.25,120.0,-0.8,4.0
2024-01-22 10:00:00,30.25,120.0,-1.7,4.0
2024-01-22 11:00:00,30.25,120.0,-1.4,4.0
2024-01-22 12:00:00,30.25,120.0,-1.5,4.0
2024-01-22 13:00:00,30.25,120.0,-1.7,4.0
2024-01-22 14:00:00,30.25,120.0,-1.9,4.0
2024-01-22 15:00:00,30.25,120.0,-2.2,4.0
2024-01-22 16:00:00,30.25,120.0,-2.3,4.0
2024-01-22 17:00:00,30.25,120.0,-2.5,4.0
2024-01-22 18:00:00,30.25,120.0,-3.1,4.0
2024-01-22 19:00:00,30.25,120.0,-3.5,4.0
2024-01-22 20:00:00,30.25,120.0,-3.8,4.0
2024-01-22 21:00:00,30.25,120.0,-3.9,4.0
2024-01-22 22:00:00,30.25,120.0,-4.0,4.0
2024-01-22 23:00:00,30.25,120.0,-4.1,4.0
2024-01-23 00:00:00,30.25,120.0,-3.8,4.0
2024-01-23 01:00:00,30.25,120.0,-2.8,4.0
2024-01-23 02:00:00,30.25,120.0,-1.6,4.0
2024-01-23 03:00:00,30.25,120.0,-0.3,4.0
2024-01-23 04:00:00,30.25,120.0,0.7,4.0
2024-01-23 05:00:00,30.25,120.0,1.2,4.0
2024-01-23 06:00:00,30.25,120.0,1.4,4.0
2024-01-23 07:00:00,30.25,120.0,1.2,4.0
2024-01-23 08:00:00,30.25,120.0,0.6,4.0
2024-01-23 09:00:00,30.25,120.0,-0.7,4.0
2024-01-23 10:00:00,30.25,120.0,-1.8,4.0
2024-01-23 11:00:00,30.25,120.0,-2.2,4.0
2024-01-23 12:00:00,30.25,120.0,-2.1,4.0
2024-01-23 13:00:00,30.25,120.0,-2.1,4.0
2024-01-23 14:00:00,30.25,120.0,-2.2,4.0
2024-01-23 15:00:00,30.25,120.0,-2.3,4.0
2024-01-23 16:00:00,30.25,120.0,-2.4,4.0
2024-01-23 17:00:00,30.25,120.0,-2.5,4.0
2024-01-23 18:00:00,30.25,120.0,-2.5,4.0
2024-01-23 19:00:00,30.25,120.0,-2.5,4.0
2024-01-23 20:00:00,30.25,120.0,-2.6,4.0
2024-01-23 21:00:00,30.25,120.0,-2.7,4.0
2024-01-23 22:00:00,30.25,120.0,-2.8,4.0
2024-01-23 23:00:00,30.25,120.0,-2.9,4.0
2024-01-24 00:00:00,30.25,120.0,-2.0,4.0
2024-01-24 01:00:00,30.25,120.0,-0.7,4.0
2024-01-24 02:00:00,30.25,120.0,0.7,4.0
2024-01-24 03:00:00,30.25,120.0,1.8,4.0
2024-01-24 04:00:00,30.25,120.0,2.9,4.0
2024-01-24 05:00:00,30.25,120.0,3.9,4.0
2024-01-24 06:00:00,30.25,120.0,4.6,4.0
2024-01-24 07:00:00,30.25,120.0,4.6,4.0
2024-01-24 08:00:00,30.25,120.0,4.0,4.0
2024-01-24 09:00:00,30.25,120.0,2.3,4.0
2024-01-24 10:00:00,30.25,120.0,0.5,4.0
2024-01-24 11:00:00,30.25,120.0,-0.2,4.0
2024-01-24 12:00:00,30.25,120.0,-0.7,4.0
2024-01-24 13:00:00,30.25,120.0,-1.0,4.0
2024-01-24 14:00:00,30.25,120.0,-1.0,4.0
2024-01-24 15:00:00,30.25,120.0,-0.9,4.0
2024-01-24 16:00:00,30.25,120.0,-1.1,4.0
2024-01-24 17:00:00,30.25,120.0,-0.9,4.0
2024-01-24 18:00:00,30.25,120.0,-0.8,4.0
2024-01-24 19:00:00,30.25,120.0,-0.7,4.0
2024-01-24 20:00:00,30.25,120.0,-0.7,4.0
2024-01-24 21:00:00,30.25,120.0,-0.7,4.0
2024-01-24 22:00:00,30.25,120.0,-0.9,4.0
2024-01-24 23:00:00,30.25,120.0,-1.2,4.0
2024-01-22 00:00:00,30.25,120.25,0.7,7.0
2024-01-22 01:00:00,30.25,120.25,0.8,7.0
2024-01-22 02:00:00,30.25,120.25,1.1,7.0
2024-01-22 03:00:00,30.25,120.25,1.6,7.0
2024-01-22 04:00:00,30.25,120.25,1.3,7.0
2024-01-22 05:00:00,30.25,120.25,1.5,7.0
2024-01-22 06:00:00,30.25,120.25,1.2,7.0
2024-01-22 07:00:00,30.25,120.25,0.9,7.0
2024-01-22 08:00:00,30.25,120.25,0.7,7.0
2024-01-22 09:00:00,30.25,120.25,0.3,7.0
2024-01-22 10:00:00,30.25,120.25,-0.2,7.0
2024-01-22 11:00:00,30.25,120.25,-0.4,7.0
2024-01-22 12:00:00,30.25,120.25,-0.8,7.0
2024-01-22 13:00:00,30.25,120.25,-1.2,7.0
2024-01-22 14:00:00,30.25,120.25,-1.3,7.0
2024-01-22 15:00:00,30.25,120.25,-1.5,7.0
2024-01-22 16:00:00,30.25,120.25,-1.7,7.0
2024-01-22 17:00:00,30.25,120.25,-1.8,7.0
2024-01-22 18:00:00,30.25,120.25,-2.1,7.0
2024-01-22 19:00:00,30.25,120.25,-2.4,7.0
2024-01-22 20:00:00,30.25,120.25,-2.8,7.0
2024-01-22 21:00:00,30.25,120.25,-2.9,7.0
2024-01-22 22:00:00,30.25,120.25,-3.1,7.0
2024-01-22 23:00:00,30.25,120.25,-3.1,7.0
2024-01-23 00:00:00,30.25,120.25,-3.1,7.0
2024-01-23 01:00:00,30.25,120.25,-2.4,7.0
2024-01-23 02:00:00,30.25,120.25,-1.5,7.0
2024-01-23 03:00:00,30.25,120.25,-0.7,7.0
2024-01-23 04:00:00,30.25,120.25,0.0,7.0
2024-01-23 05:00:00,30.25,120.25,0.8,7.0
2024-01-23 06:00:00,30.25,120.25,1.4,7.0
2024-01-23 07:00:00,30.25,120.25,1.8,7.0
2024-01-23 08:00:00,30.25,120.25,1.6,7.0
2024-01-23 09:00:00,30.25,120.25,1.1,7.0
2024-01-23 10:00:00,30.25,120.25,0.3,7.0
2024-01-23 11:00:00,30.25,120.25,-0.3,7.0
2024-01-23 12:00:00,30.25,120.25,-0.5,7.0
2024-01-23 13:00:00,30.25,120.25,-0.7,7.0
2024-01-23 14:00:00,30.25,120.25,-0.8,7.0
2024-01-23 15:00:00,30.25,120.25,-0.9,7.0
2024-01-23 16:00:00,30.25,120.25,-1.0,7.0
2024-01-23 17:00:00,30.25,120.25,-1.1,7.0
2024-01-23 18:00:00,30.25,120.25,-1.1,7.0
2024-01-23 19:00:00,30.25,120.25,-1.3,7.0
2024-01-23 20:00:00,30.25,120.25,-1.3,7.0
2024-01-23 21:00:00,30.25,120.25,-1.3,7.0
2024-01-23 22:00:00,30.25,120.25,-1.4,7.0
2024-01-23 23:00:00,30.25,120.25,-1.4,7.0
2024-01-24 00:00:00,30.25,120.25,-1.0,7.0
2024-01-24 01:00:00,30.25,120.25,-0.2,7.0
2024-01-24 02:00:00,30.25,120.25,0.7,7.0
2024-01-24 03:00:00,30.25,120.25,1.7,7.0
2024-01-24 04:00:00,30.25,120.25,2.8,7.0
2024-01-24 05:00:00,30.25,120.25,3.8,7.0
2024-01-24 06:00:00,30.25,120.25,4.4,7.0
2024-01-24 07:00:00,30.25,120.25,4.7,7.0
2024-01-24 08:00:00,30.25,120.25,4.8,7.0
2024-01-24 09:00:00,30.25,120.25,4.3,7.0
2024-01-24 10:00:00,30.25,120.25,3.7,7.0
2024-01-24 11:00:00,30.25,120.25,3.1,7.0
2024-01-24 12:00:00,30.25,120.25,2.6,7.0
2024-01-24 13:00:00,30.25,120.25,2.2,7.0
2024-01-24 14:00:00,30.25,120.25,1.8,7.0
2024-01-24 15:00:00,30.25,120.25,1.6,7.0
2024-01-24 16:00:00,30.25,120.25,1.4,7.0
2024-01-24 17:00:00,30.25,120.25,1.3,7.0
2024-01-24 18:00:00,30.25,120.25,1.2,7.0
2024-01-24 19:00:00,30.25,120.25,1.1,7.0
2024-01-24 20:00:00,30.25,120.25,1.0,7.0
2024-01-24 21:00:00,30.25,120.25,1.0,7.0
2024-01-24 22:00:00,30.25,120.25,0.9,7.0
2024-01-24 23:00:00,30.25,120.25,0.6,7.0
2024-01-22 00:00:00,30.25,120.5,1.3,6.0
2024-01-22 01:00:00,30.25,120.5,1.3,6.0
2024-01-22 02:00:00,30.25,120.5,1.3,6.0
2024-01-22 03:00:00,30.25,120.5,1.6,6.0
2024-01-22 04:00:00,30.25,120.5,1.4,6.0
2024-01-22 05:00:00,30.25,120.5,1.4,6.0
2024-01-22 06:00:00,30.25,120.5,1.2,6.0
2024-01-22 07:00:00,30.25,120.5,0.9,6.0
2024-01-22 08:00:00,30.25,120.5,0.9,6.0
2024-01-22 09:00:00,30.25,120.5,0.4,6.0
2024-01-22 10:00:00,30.25,120.5,0.0,6.0
2024-01-22 11:00:00,30.25,120.5,-0.1,6.0
2024-01-22 12:00:00,30.25,120.5,-0.3,6.0
2024-01-22 13:00:00,30.25,120.5,-0.4,6.0
2024-01-22 14:00:00,30.25,120.5,-0.6,6.0
2024-01-22 15:00:00,30.25,120.5,-1.0,6.0
2024-01-22 16:00:00,30.25,120.5,-1.2,6.0
2024-01-22 17:00:00,30.25,120.5,-1.4,6.0
2024-01-22 18:00:00,30.25,120.5,-1.9,6.0
2024-01-22 19:00:00,30.25,120.5,-2.2,6.0
2024-01-22 20:00:00,30.25,120.5,-2.4,6.0
2024-01-22 21:00:00,30.25,120.5,-2.7,6.0
2024-01-22 22:00:00,30.25,120.5,-2.6,6.0
2024-01-22 23:00:00,30.25,120.5,-2.8,6.0
2024-01-23 00:00:00,30.25,120.5,-2.8,6.0
2024-01-23 01:00:00,30.25,120.5,-2.3,6.0
2024-01-23 02:00:00,30.25,120.5,-1.6,6.0
2024-01-23 03:00:00,30.25,120.5,-0.8,6.0
2024-01-23 04:00:00,30.25,120.5,-0.2,6.0
2024-01-23 05:00:00,30.25,120.5,0.5,6.0
2024-01-23 06:00:00,30.25,120.5,1.0,6.0
2024-01-23 07:00:00,30.25,120.5,1.4,6.0
2024-01-23 08:00:00,30.25,120.5,1.4,6.0
2024-01-23 09:00:00,30.25,120.5,1.2,6.0
2024-01-23 10:00:00,30.25,120.5,0.3,6.0
2024-01-23 11:00:00,30.25,120.5,-0.2,6.0
2024-01-23 12:00:00,30.25,120.5,-0.3,6.0
2024-01-23 13:00:00,30.25,120.5,-0.6,6.0
2024-01-23 14:00:00,30.25,120.5,-0.7,6.0
2024-01-23 15:00:00,30.25,120.5,-0.7,6.0
2024-01-23 16:00:00,30.25,120.5,-0.8,6.0
2024-01-23 17:00:00,30.25,120.5,-0.8,6.0
2024-01-23 18:00:00,30.25,120.5,-0.8,6.0
2024-01-23 19:00:00,30.25,120.5,-0.9,6.0
2024-01-23 20:00:00,30.25,120.5,-0.9,6.0
2024-01-23 21:00:00,30.25,120.5,-0.9,6.0
2024-01-23 22:00:00,30.25,120.5,-0.9,6.0
2024-01-23 23:00:00,30.25,120.5,-0.9,6.0
2024-01-24 00:00:00,30.25,120.5,-0.6,6.0
2024-01-24 01:00:00,30.25,120.5,0.0,6.0
2024-01-24 02:00:00,30.25,120.5,0.8,6.0
2024-01-24 03:00:00,30.25,120.5,1.6,6.0
2024-01-24 04:00:00,30.25,120.5,2.5,6.0
2024-01-24 05:00:00,30.25,120.5,3.4,6.0
2024-01-24 06:00:00,30.25,120.5,4.1,6.0
2024-01-24 07:00:00,30.25,120.5,4.4,6.0
2024-01-24 08:00:00,30.25,120.5,4.4,6.0
2024-01-24 09:00:00,30.25,120.5,4.1,6.0
2024-01-24 10:00:00,30.25,120.5,3.7,6.0
2024-01-24 11:00:00,30.25,120.5,3.0,6.0
2024-01-24 12:00:00,30.25,120.5,2.5,6.0
2024-01-24 13:00:00,30.25,120.5,2.2,6.0
2024-01-24 14:00:00,30.25,120.5,2.0,6.0
2024-01-24 15:00:00,30.25,120.5,1.8,6.0
2024-01-24 16:00:00,30.25,120.5,1.5,6.0
2024-01-24 17:00:00,30.25,120.5,1.5,6.0
2024-01-24 18:00:00,30.25,120.5,1.5,6.0
2024-01-24 19:00:00,30.25,120.5,1.5,6.0
2024-01-24 20:00:00,30.25,120.5,1.4,6.0
2024-01-24 21:00:00,30.25,120.5,1.3,6.0
2024-01-24 22:00:00,30.25,120.5,1.2,6.0
2024-01-24 23:00:00,30.25,120.5,1.1,6.0
2024-01-22 00:00:00,30.25,120.75,-0.3,1.0
2024-01-22 01:00:00,30.25,120.75,0.0,1.0
2024-01-22 02:00:00,30.25,120.75,0.4,1.0
2024-01-22 03:00:00,30.25,120.75,1.1,1.0
2024-01-22 04:00:00,30.25,120.75,0.9,1.0
2024-01-22 05:00:00,30.25,120.75,0.9,1.0
2024-01-22 06:00:00,30.25,120.75,0.4,1.0
2024-01-22 07:00:00,30.25,120.75,0.0,1.0
2024-01-22 08:00:00,30.25,120.75,-0.0,1.0
2024-01-22 09:00:00,30.25,120.75,-0.5,1.0
2024-01-22 10:00:00,30.25,120.75,-0.8,1.0
2024-01-22 11:00:00,30.25,120.75,-1.0,1.0
2024-01-22 12:00:00,30.25,120.75,-1.1,1.0
2024-01-22 13:00:00,30.25,120.75,-1.4,1.0
2024-01-22 14:00:00,30.25,120.75,-1.6,1.0
2024-01-22 15:00:00,30.25,120.75,-1.7,1.0
2024-01-22 16:00:00,30.25,120.75,-1.8,1.0
2024-01-22 17:00:00,30.25,120.75,-1.8,1.0
2024-01-22 18:00:00,30.25,120.75,-2.4,1.0
2024-01-22 19:00:00,30.25,120.75,-2.6,1.0
2024-01-22 20:00:00,30.25,120.75,-2.9,1.0
2024-01-22 21:00:00,30.25,120.75,-3.1,1.0
2024-01-22 22:00:00,30.25,120.75,-3.4,1.0
2024-01-22 23:00:00,30.25,120.75,-3.7,1.0
2024-01-23 00:00:00,30.25,120.75,-3.5,1.0
2024-01-23 01:00:00,30.25,120.75,-2.7,1.0
2024-01-23 02:00:00,30.25,120.75,-1.9,1.0
2024-01-23 03:00:00,30.25,120.75,-1.1,1.0
2024-01-23 04:00:00,30.25,120.75,-0.5,1.0
2024-01-23 05:00:00,30.25,120.75,-0.2,1.0
2024-01-23 06:00:00,30.25,120.75,0.1,1.0
2024-01-23 07:00:00,30.25,120.75,0.1,1.0
2024-01-23 08:00:00,30.25,120.75,-0.2,1.0
2024-01-23 09:00:00,30.25,120.75,-0.9,1.0
2024-01-23 10:00:00,30.25,120.75,-1.8,1.0
2024-01-23 11:00:00,30.25,120.75,-2.2,1.0
2024-01-23 12:00:00,30.25,120.75,-2.3,1.0
2024-01-23 13:00:00,30.25,120.75,-2.4,1.0
2024-01-23 14:00:00,30.25,120.75,-2.6,1.0
2024-01-23 15:00:00,30.25,120.75,-2.7,1.0
2024-01-23 16:00:00,30.25,120.75,-2.8,1.0
2024-01-23 17:00:00,30.25,120.75,-2.9,1.0
2024-01-23 18:00:00,30.25,120.75,-2.9,1.0
2024-01-23 19:00:00,30.25,120.75,-2.9,1.0
2024-01-23 20:00:00,30.25,120.75,-3.0,1.0
2024-01-23 21:00:00,30.25,120.75,-3.0,1.0
2024-01-23 22:00:00,30.25,120.75,-3.2,1.0
2024-01-23 23:00:00,30.25,120.75,-3.3,1.0
2024-01-24 00:00:00,30.25,120.75,-2.3,1.0
2024-01-24 01:00:00,30.25,120.75,-0.7,1.0
2024-01-24 02:00:00,30.25,120.75,0.5,1.0
2024-01-24 03:00:00,30.25,120.75,1.6,1.0
2024-01-24 04:00:00,30.25,120.75,2.5,1.0
2024-01-24 05:00:00,30.25,120.75,3.2,1.0
2024-01-24 06:00:00,30.25,120.75,3.6,1.0
2024-01-24 07:00:00,30.25,120.75,3.6,1.0
2024-01-24 08:00:00,30.25,120.75,3.0,1.0
2024-01-24 09:00:00,30.25,120.75,1.6,1.0
2024-01-24 10:00:00,30.25,120.75,-0.2,1.0
2024-01-24 11:00:00,30.25,120.75,-0.5,1.0
2024-01-24 12:00:00,30.25,120.75,-0.6,1.0
2024-01-24 13:00:00,30.25,120.75,-0.8,1.0
2024-01-24 14:00:00,30.25,120.75,-0.9,1.0
2024-01-24 15:00:00,30.25,120.75,-1.0,1.0
2024-01-24 16:00:00,30.25,120.75,-0.9,1.0
2024-01-24 17:00:00,30.25,120.75,-1.0,1.0
2024-01-24 18:00:00,30.25,120.75,-0.7,1.0
2024-01-24 19:00:00,30.25,120.75,-0.8,1.0
2024-01-24 20:00:00,30.25,120.75,-0.7,1.0
2024-01-24 21:00:00,30.25,120.75,-0.7,1.0
2024-01-24 22:00:00,30.25,120.75,-0.7,1.0
2024-01-24 23:00:00,30.25,120.75,-1.1,1.0
2024-01-22 00:00:00,30.25,121.0,0.6,2.0
2024-01-22 01:00:00,30.25,121.0,0.8,2.0
2024-01-22 02:00:00,30.25,121.0,0.8,2.0
2024-01-22 03:00:00,30.25,121.0,1.2,2.0
2024-01-22 04:00:00,30.25,121.0,1.4,2.0
2024-01-22 05:00:00,30.25,121.0,1.5,2.0
2024-01-22 06:00:00,30.25,121.0,1.2,2.0
2024-01-22 07:00:00,30.25,121.0,1.0,2.0
2024-01-22 08:00:00,30.25,121.0,0.9,2.0
2024-01-22 09:00:00,30.25,121.0,0.2,2.0
2024-01-22 10:00:00,30.25,121.0,-0.2,2.0
2024-01-22 11:00:00,30.25,121.0,-0.5,2.0
2024-01-22 12:00:00,30.25,121.0,-0.6,2.0
2024-01-22 13:00:00,30.25,121.0,-0.8,2.0
2024-01-22 14:00:00,30.25,121.0,-1.0,2.0
2024-01-22 15:00:00,30.25,121.0,-1.2,2.0
2024-01-22 16:00:00,30.25,121.0,-1.5,2.0
2024-01-22 17:00:00,30.25,121.0,-1.6,2.0
2024-01-22 18:00:00,30.25,121.0,-2.2,2.0
2024-01-22 19:00:00,30.25,121.0,-2.4,2.0
2024-01-22 20:00:00,30.25,121.0,-2.7,2.0
2024-01-22 21:00:00,30.25,121.0,-2.9,2.0
2024-01-22 22:00:00,30.25,121.0,-3.0,2.0
2024-01-22 23:00:00,30.25,121.0,-3.0,2.0
2024-01-23 00:00:00,30.25,121.0,-2.4,2.0
2024-01-23 01:00:00,30.25,121.0,-2.0,2.0
2024-01-23 02:00:00,30.25,121.0,-1.2,2.0
2024-01-23 03:00:00,30.25,121.0,-0.4,2.0
2024-01-23 04:00:00,30.25,121.0,-0.0,2.0
2024-01-23 05:00:00,30.25,121.0,0.3,2.0
2024-01-23 06:00:00,30.25,121.0,0.2,2.0
2024-01-23 07:00:00,30.25,121.0,0.2,2.0
2024-01-23 08:00:00,30.25,121.0,0.1,2.0
2024-01-23 09:00:00,30.25,121.0,-0.8,2.0
2024-01-23 10:00:00,30.25,121.0,-1.2,2.0
2024-01-23 11:00:00,30.25,121.0,-1.1,2.0
2024-01-23 12:00:00,30.25,121.0,-1.0,2.0
2024-01-23 13:00:00,30.25,121.0,-1.2,2.0
2024-01-23 14:00:00,30.25,121.0,-1.3,2.0
2024-01-23 15:00:00,30.25,121.0,-1.5,2.0
2024-01-23 16:00:00,30.25,121.0,-1.6,2.0
2024-01-23 17:00:00,30.25,121.0,-1.6,2.0
2024-01-23 18:00:00,30.25,121.0,-1.7,2.0
2024-01-23 19:00:00,30.25,121.0,-1.7,2.0
2024-01-23 20:00:00,30.25,121.0,-1.7,2.0
2024-01-23 21:00:00,30.25,121.0,-1.5,2.0
2024-01-23 22:00:00,30.25,121.0,-1.5,2.0
2024-01-23 23:00:00,30.25,121.0,-1.5,2.0
2024-01-24 00:00:00,30.25,121.0,-0.7,2.0
2024-01-24 01:00:00,30.25,121.0,0.1,2.0
2024-01-24 02:00:00,30.25,121.0,0.8,2.0
2024-01-24 03:00:00,30.25,121.0,1.4,2.0
2024-01-24 04:00:00,30.25,121.0,2.1,2.0
2024-01-24 05:00:00,30.25,121.0,2.7,2.0
2024-01-24 06:00:00,30.25,121.0,3.5,2.0
2024-01-24 07:00:00,30.25,121.0,3.7,2.0
2024-01-24 08:00:00,30.25,121.0,3.3,2.0
2024-01-24 09:00:00,30.25,121.0,2.2,2.0
2024-01-24 10:00:00,30.25,121.0,0.9,2.0
2024-01-24 11:00:00,30.25,121.0,0.7,2.0
2024-01-24 12:00:00,30.25,121.0,0.5,2.0
2024-01-24 13:00:00,30.25,121.0,0.3,2.0
2024-01-24 14:00:00,30.25,121.0,0.3,2.0
2024-01-24 15:00:00,30.25,121.0,0.7,2.0
2024-01-24 16:00:00,30.25,121.0,0.6,2.0
2024-01-24 17:00:00,30.25,121.0,0.3,2.0
2024-01-24 18:00:00,30.25,121.0,0.5,2.0
2024-01-24 19:00:00,30.25,121.0,0.4,2.0
2024-01-24 20:00:00,30.25,121.0,0.4,2.0
2024-01-24 21:00:00,30.25,121.0,0.5,2.0
2024-01-24 22:00:00,30.25,121.0,0.6,2.0
2024-01-24 23:00:00,30.25,121.0,0.3,2.0
2024-01-22 00:00:00,30.25,121.25,0.7,3.0
2024-01-22 01:00:00,30.25,121.25,1.0,3.0
2024-01-22 02:00:00,30.25,121.25,0.8,3.0
2024-01-22 03:00:00,30.25,121.25,1.1,3.0
2024-01-22 04:00:00,30.25,121.25,1.1,3.0
2024-01-22 05:00:00,30.25,121.25,1.5,3.0
2024-01-22 06:00:00,30.25,121.25,1.4,3.0
2024-01-22 07:00:00,30.25,121.25,0.7,3.0
2024-01-22 08:00:00,30.25,121.25,0.8,3.0
2024-01-22 09:00:00,30.25,121.25,0.1,3.0
2024-01-22 10:00:00,30.25,121.25,-0.4,3.0
2024-01-22 11:00:00,30.25,121.25,-0.7,3.0
2024-01-22 12:00:00,30.25,121.25,-0.7,3.0
2024-01-22 13:00:00,30.25,121.25,-0.8,3.0
2024-01-22 14:00:00,30.25,121.25,-1.1,3.0
2024-01-22 15:00:00,30.25,121.25,-1.3,3.0
2024-01-22 16:00:00,30.25,121.25,-1.7,3.0
2024-01-22 17:00:00,30.25,121.25,-1.6,3.0
2024-01-22 18:00:00,30.25,121.25,-2.3,3.0
2024-01-22 19:00:00,30.25,121.25,-2.6,3.0
2024-01-22 20:00:00,30.25,121.25,-2.8,3.0
2024-01-22 21:00:00,30.25,121.25,-3.2,3.0
2024-01-22 22:00:00,30.25,121.25,-3.5,3.0
2024-01-22 23:00:00,30.25,121.25,-3.7,3.0
2024-01-23 00:00:00,30.25,121.25,-3.1,3.0
2024-01-23 01:00:00,30.25,121.25,-2.4,3.0
2024-01-23 02:00:00,30.25,121.25,-1.3,3.0
2024-01-23 03:00:00,30.25,121.25,-0.4,3.0
2024-01-23 04:00:00,30.25,121.25,0.1,3.0
2024-01-23 05:00:00,30.25,121.25,0.4,3.0
2024-01-23 06:00:00,30.25,121.25,0.3,3.0
2024-01-23 07:00:00,30.25,121.25,0.3,3.0
2024-01-23 08:00:00,30.25,121.25,0.3,3.0
2024-01-23 09:00:00,30.25,121.25,-0.7,3.0
2024-01-23 10:00:00,30.25,121.25,-1.1,3.0
2024-01-23 11:00:00,30.25,121.25,-1.1,3.0
2024-01-23 12:00:00,30.25,121.25,-1.4,3.0
2024-01-23 13:00:00,30.25,121.25,-1.5,3.0
2024-01-23 14:00:00,30.25,121.25,-1.5,3.0
2024-01-23 15:00:00,30.25,121.25,-1.5,3.0
2024-01-23 16:00:00,30.25,121.25,-1.5,3.0
2024-01-23 17:00:00,30.25,121.25,-1.4,3.0
2024-01-23 18:00:00,30.25,121.25,-1.4,3.0
2024-01-23 19:00:00,30.25,121.25,-1.5,3.0
2024-01-23 20:00:00,30.25,121.25,-1.6,3.0
2024-01-23 21:00:00,30.25,121.25,-1.6,3.0
2024-01-23 22:00:00,30.25,121.25,-1.6,3.0
2024-01-23 23:00:00,30.25,121.25,-1.7,3.0
2024-01-24 00:00:00,30.25,121.25,-0.7,3.0
2024-01-24 01:00:00,30.25,121.25,0.1,3.0
2024-01-24 02:00:00,30.25,121.25,0.8,3.0
2024-01-24 03:00:00,30.25,121.25,1.8,3.0
2024-01-24 04:00:00,30.25,121.25,2.9,3.0
2024-01-24 05:00:00,30.25,121.25,3.3,3.0
2024-01-24 06:00:00,30.25,121.25,3.7,3.0
2024-01-24 07:00:00,30.25,121.25,3.6,3.0
2024-01-24 08:00:00,30.25,121.25,3.2,3.0
2024-01-24 09:00:00,30.25,121.25,2.3,3.0
2024-01-24 10:00:00,30.25,121.25,1.2,3.0
2024-01-24 11:00:00,30.25,121.25,1.1,3.0
2024-01-24 12:00:00,30.25,121.25,0.9,3.0
2024-01-24 13:00:00,30.25,121.25,1.0,3.0
2024-01-24 14:00:00,30.25,121.25,1.0,3.0
2024-01-24 15:00:00,30.25,121.25,0.8,3.0
2024-01-24 16:00:00,30.25,121.25,1.0,3.0
2024-01-24 17:00:00,30.25,121.25,1.2,3.0
2024-01-24 18:00:00,30.25,121.25,0.9,3.0
2024-01-24 19:00:00,30.25,121.25,0.8,3.0
2024-01-24 20:00:00,30.25,121.25,0.6,3.0
2024-01-24 21:00:00,30.25,121.25,1.0,3.0
2024-01-24 22:00:00,30.25,121.25,1.0,3.0
2024-01-24 23:00:00,30.25,121.25,0.7,3.0
2024-01-22 00:00:00,30.25,121.5,1.4,0.0
2024-01-22 01:00:00,30.25,121.5,1.4,0.0
2024-01-22 02:00:00,30.25,121.5,1.2,0.0
2024-01-22 03:00:00,30.25,121.5,1.3,0.0
2024-01-22 04:00:00,30.25,121.5,1.3,0.0
2024-01-22 05:00:00,30.25,121.5,1.3,0.0
2024-01-22 06:00:00,30.25,121.5,1.4,0.0
2024-01-22 07:00:00,30.25,121.5,1.3,0.0
2024-01-22 08:00:00,30.25,121.5,1.3,0.0
2024-01-22 09:00:00,30.25,121.5,0.9,0.0
2024-01-22 10:00:00,30.25,121.5,0.5,0.0
2024-01-22 11:00:00,30.25,121.5,0.4,0.0
2024-01-22 12:00:00,30.25,121.5,0.3,0.0
2024-01-22 13:00:00,30.25,121.5,0.1,0.0
2024-01-22 14:00:00,30.25,121.5,-0.1,0.0
2024-01-22 15:00:00,30.25,121.5,-0.4,0.0
2024-01-22 16:00:00,30.25,121.5,-0.7,0.0
2024-01-22 17:00:00,30.25,121.5,-0.8,0.0
2024-01-22 18:00:00,30.25,121.5,-1.1,0.0
2024-01-22 19:00:00,30.25,121.5,-1.4,0.0
2024-01-22 20:00:00,30.25,121.5,-1.6,0.0
2024-01-22 21:00:00,30.25,121.5,-2.0,0.0
2024-01-22 22:00:00,30.25,121.5,-2.2,0.0
2024-01-22 23:00:00,30.25,121.5,-2.3,0.0
2024-01-23 00:00:00,30.25,121.5,-2.2,0.0
2024-01-23 01:00:00,30.25,121.5,-2.1,0.0
2024-01-23 02:00:00,30.25,121.5,-1.7,0.0
2024-01-23 03:00:00,30.25,121.5,-1.0,0.0
2024-01-23 04:00:00,30.25,121.5,-0.5,0.0
2024-01-23 05:00:00,30.25,121.5,-0.0,0.0
2024-01-23 06:00:00,30.25,121.5,0.3,0.0
2024-01-23 07:00:00,30.25,121.5,0.5,0.0
2024-01-23 08:00:00,30.25,121.5,0.7,0.0
2024-01-23 09:00:00,30.25,121.5,0.3,0.0
2024-01-23 10:00:00,30.25,121.5,-0.0,0.0
2024-01-23 11:00:00,30.25,121.5,-0.1,0.0
2024-01-23 12:00:00,30.25,121.5,-0.3,0.0
2024-01-23 13:00:00,30.25,121.5,-0.4,0.0
2024-01-23 14:00:00,30.25,121.5,-0.4,0.0
2024-01-23 15:00:00,30.25,121.5,-0.5,0.0
2024-01-23 16:00:00,30.25,121.5,-0.5,0.0
2024-01-23 17:00:00,30.25,121.5,-0.5,0.0
2024-01-23 18:00:00,30.25,121.5,-0.4,0.0
2024-01-23 19:00:00,30.25,121.5,-0.5,0.0
2024-01-23 20:00:00,30.25,121.5,-0.5,0.0
2024-01-23 21:00:00,30.25,121.5,-0.5,0.0
2024-01-23 22:00:00,30.25,121.5,-0.5,0.0
2024-01-23 23:00:00,30.25,121.5,-0.5,0.0
2024-01-24 00:00:00,30.25,121.5,-0.1,0.0
2024-01-24 01:00:00,30.25,121.5,0.3,0.0
2024-01-24 02:00:00,30.25,121.5,0.6,0.0
2024-01-24 03:00:00,30.25,121.5,1.4,0.0
2024-01-24 04:00:00,30.25,121.5,2.4,0.0
2024-01-24 05:00:00,30.25,121.5,2.9,0.0
2024-01-24 06:00:00,30.25,121.5,3.2,0.0
2024-01-24 07:00:00,30.25,121.5,3.4,0.0
2024-01-24 08:00:00,30.25,121.5,3.5,0.0
2024-01-24 09:00:00,30.25,121.5,3.1,0.0
2024-01-24 10:00:00,30.25,121.5,2.5,0.0
2024-01-24 11:00:00,30.25,121.5,2.2,0.0
2024-01-24 12:00:00,30.25,121.5,1.9,0.0
2024-01-24 13:00:00,30.25,121.5,1.9,0.0
2024-01-24 14:00:00,30.25,121.5,2.1,0.0
2024-01-24 15:00:00,30.25,121.5,2.1,0.0
2024-01-24 16:00:00,30.25,121.5,2.2,0.0
2024-01-24 17:00:00,30.25,121.5,2.2,0.0
2024-01-24 18:00:00,30.25,121.5,2.0,0.0
2024-01-24 19:00:00,30.25,121.5,2.0,0.0
2024-01-24 20:00:00,30.25,121.5,1.9,0.0
2024-01-24 21:00:00,30.25,121.5,2.0,0.0
2024-01-24 22:00:00,30.25,121.5,1.9,0.0
2024-01-24 23:00:00,30.25,121.5,1.8,0.0
2024-01-22 00:00:00,30.25,121.75,2.7,0.0
2024-01-22 01:00:00,30.25,121.75,2.2,0.0
2024-01-22 02:00:00,30.25,121.75,2.1,0.0
2024-01-22 03:00:00,30.25,121.75,2.0,0.0
2024-01-22 04:00:00,30.25,121.75,2.0,0.0
2024-01-22 05:00:00,30.25,121.75,1.9,0.0
2024-01-22 06:00:00,30.25,121.75,2.1,0.0
2024-01-22 07:00:00,30.25,121.75,2.0,0.0
2024-01-22 08:00:00,30.25,121.75,2.0,0.0
2024-01-22 09:00:00,30.25,121.75,2.0,0.0
2024-01-22 10:00:00,30.25,121.75,1.7,0.0
2024-01-22 11:00:00,30.25,121.75,1.4,0.0
2024-01-22 12:00:00,30.25,121.75,1.2,0.0
2024-01-22 13:00:00,30.25,121.75,1.0,0.0
2024-01-22 14:00:00,30.25,121.75,0.9,0.0
2024-01-22 15:00:00,30.25,121.75,0.8,0.0
2024-01-22 16:00:00,30.25,121.75,0.6,0.0
2024-01-22 17:00:00,30.25,121.75,0.3,0.0
2024-01-22 18:00:00,30.25,121.75,0.0,0.0
2024-01-22 19:00:00,30.25,121.75,-0.2,0.0
2024-01-22 20:00:00,30.25,121.75,-0.5,0.0
2024-01-22 21:00:00,30.25,121.75,-0.8,0.0
2024-01-22 22:00:00,30.25,121.75,-1.0,0.0
2024-01-22 23:00:00,30.25,121.75,-1.2,0.0
2024-01-23 00:00:00,30.25,121.75,-1.5,0.0
2024-01-23 01:00:00,30.25,121.75,-1.6,0.0
2024-01-23 02:00:00,30.25,121.75,-1.5,0.0
2024-01-23 03:00:00,30.25,121.75,-1.2,0.0
2024-01-23 04:00:00,30.25,121.75,-0.8,0.0
2024-01-23 05:00:00,30.25,121.75,-0.4,0.0
2024-01-23 06:00:00,30.25,121.75,0.2,0.0
2024-01-23 07:00:00,30.25,121.75,0.6,0.0
2024-01-23 08:00:00,30.25,121.75,0.9,0.0
2024-01-23 09:00:00,30.25,121.75,0.9,0.0
2024-01-23 10:00:00,30.25,121.75,0.9,0.0
2024-01-23 11:00:00,30.25,121.75,0.8,0.0
2024-01-23 12:00:00,30.25,121.75,0.7,0.0
2024-01-23 13:00:00,30.25,121.75,0.7,0.0
2024-01-23 14:00:00,30.25,121.75,0.7,0.0
2024-01-23 15:00:00,30.25,121.75,0.6,0.0
2024-01-23 16:00:00,30.25,121.75,0.6,0.0
2024-01-23 17:00:00,30.25,121.75,0.6,0.0
2024-01-23 18:00:00,30.25,121.75,0.7,0.0
2024-01-23 19:00:00,30.25,121.75,0.7,0.0
2024-01-23 20:00:00,30.25,121.75,0.7,0.0
2024-01-23 21:00:00,30.25,121.75,0.7,0.0
2024-01-23 22:00:00,30.25,121.75,0.8,0.0
2024-01-23 23:00:00,30.25,121.75,0.9,0.0
2024-01-24 00:00:00,30.25,121.75,0.7,0.0
2024-01-24 01:00:00,30.25,121.75,0.8,0.0
2024-01-24 02:00:00,30.25,121.75,0.8,0.0
2024-01-24 03:00:00,30.25,121.75,1.2,0.0
2024-01-24 04:00:00,30.25,121.75,1.7,0.0
2024-01-24 05:00:00,30.25,121.75,2.3,0.0
2024-01-24 06:00:00,30.25,121.75,2.9,0.0
2024-01-24 07:00:00,30.25,121.75,3.2,0.0
2024-01-24 08:00:00,30.25,121.75,3.5,0.0
2024-01-24 09:00:00,30.25,121.75,3.9,0.0
2024-01-24 10:00:00,30.25,121.75,4.3,0.0
2024-01-24 11:00:00,30.25,121.75,4.4,0.0
2024-01-24 12:00:00,30.25,121.75,4.1,0.0
2024-01-24 13:00:00,30.25,121.75,3.9,0.0
2024-01-24 14:00:00,30.25,121.75,3.8,0.0
2024-01-24 15:00:00,30.25,121.75,3.6,0.0
2024-01-24 16:00:00,30.25,121.75,3.5,0.0
2024-01-24 17:00:00,30.25,121.75,3.3,0.0
2024-01-24 18:00:00,30.25,121.75,3.3,0.0
2024-01-24 19:00:00,30.25,121.75,3.3,0.0
2024-01-24 20:00:00,30.25,121.75,3.2,0.0
2024-01-24 21:00:00,30.25,121.75,3.1,0.0
2024-01-24 22:00:00,30.25,121.75,3.1,0.0
2024-01-24 23:00:00,30.25,121.75,3.1,0.0
2024-01-22 00:00:00,30.25,122.0,3.0,0.0
2024-01-22 01:00:00,30.25,122.0,2.6,0.0
2024-01-22 02:00:00,30.25,122.0,2.5,0.0
2024-01-22 03:00:00,30.25,122.0,2.2,0.0
2024-01-22 04:00:00,30.25,122.0,2.1,0.0
2024-01-22 05:00:00,30.25,122.0,2.2,0.0
2024-01-22 06:00:00,30.25,122.0,2.1,0.0
2024-01-22 07:00:00,30.25,122.0,2.1,0.0
2024-01-22 08:00:00,30.25,122.0,2.1,0.0
2024-01-22 09:00:00,30.25,122.0,2.1,0.0
2024-01-22 10:00:00,30.25,122.0,1.8,0.0
2024-01-22 11:00:00,30.25,122.0,1.6,0.0
2024-01-22 12:00:00,30.25,122.0,1.4,0.0
2024-01-22 13:00:00,30.25,122.0,1.1,0.0
2024-01-22 14:00:00,30.25,122.0,1.1,0.0
2024-01-22 15:00:00,30.25,122.0,1.0,0.0
2024-01-22 16:00:00,30.25,122.0,0.9,0.0
2024-01-22 17:00:00,30.25,122.0,0.8,0.0
2024-01-22 18:00:00,30.25,122.0,0.5,0.0
2024-01-22 19:00:00,30.25,122.0,0.2,0.0
2024-01-22 20:00:00,30.25,122.0,-0.1,0.0
2024-01-22 21:00:00,30.25,122.0,-0.3,0.0
2024-01-22 22:00:00,30.25,122.0,-0.5,0.0
2024-01-22 23:00:00,30.25,122.0,-0.6,0.0
2024-01-23 00:00:00,30.25,122.0,-0.9,0.0
2024-01-23 01:00:00,30.25,122.0,-1.0,0.0
2024-01-23 02:00:00,30.25,122.0,-1.0,0.0
2024-01-23 03:00:00,30.25,122.0,-1.0,0.0
2024-01-23 04:00:00,30.25,122.0,-0.8,0.0
2024-01-23 05:00:00,30.25,122.0,-0.4,0.0
2024-01-23 06:00:00,30.25,122.0,0.3,0.0
2024-01-23 07:00:00,30.25,122.0,0.8,0.0
2024-01-23 08:00:00,30.25,122.0,1.2,0.0
2024-01-23 09:00:00,30.25,122.0,1.5,0.0
2024-01-23 10:00:00,30.25,122.0,1.4,0.0
2024-01-23 11:00:00,30.25,122.0,1.2,0.0
2024-01-23 12:00:00,30.25,122.0,1.0,0.0
2024-01-23 13:00:00,30.25,122.0,0.8,0.0
2024-01-23 14:00:00,30.25,122.0,0.6,0.0
2024-01-23 15:00:00,30.25,122.0,0.6,0.0
2024-01-23 16:00:00,30.25,122.0,0.5,0.0
2024-01-23 17:00:00,30.25,122.0,0.6,0.0
2024-01-23 18:00:00,30.25,122.0,0.6,0.0
2024-01-23 19:00:00,30.25,122.0,0.7,0.0
2024-01-23 20:00:00,30.25,122.0,0.7,0.0
2024-01-23 21:00:00,30.25,122.0,0.7,0.0
2024-01-23 22:00:00,30.25,122.0,0.8,0.0
2024-01-23 23:00:00,30.25,122.0,0.7,0.0
2024-01-24 00:00:00,30.25,122.0,0.7,0.0
2024-01-24 01:00:00,30.25,122.0,0.8,0.0
2024-01-24 02:00:00,30.25,122.0,0.8,0.0
2024-01-24 03:00:00,30.25,122.0,1.0,0.0
2024-01-24 04:00:00,30.25,122.0,1.5,0.0
2024-01-24 05:00:00,30.25,122.0,2.0,0.0
2024-01-24 06:00:00,30.25,122.0,2.5,0.0
2024-01-24 07:00:00,30.25,122.0,3.0,0.0
2024-01-24 08:00:00,30.25,122.0,3.6,0.0
2024-01-24 09:00:00,30.25,122.0,4.0,0.0
2024-01-24 10:00:00,30.25,122.0,4.2,0.0
2024-01-24 11:00:00,30.25,122.0,4.3,0.0
2024-01-24 12:00:00,30.25,122.0,4.1,0.0
2024-01-24 13:00:00,30.25,122.0,4.0,0.0
2024-01-24 14:00:00,30.25,122.0,3.9,0.0
2024-01-24 15:00:00,30.25,122.0,3.8,0.0
2024-01-24 16:00:00,30.25,122.0,3.7,0.0
2024-01-24 17:00:00,30.25,122.0,3.5,0.0
2024-01-24 18:00:00,30.25,122.0,3.6,0.0
2024-01-24 19:00:00,30.25,122.0,3.5,0.0
2024-01-24 20:00:00,30.25,122.0,3.4,0.0
2024-01-24 21:00:00,30.25,122.0,3.3,0.0
2024-01-24 22:00:00,30.25,122.0,3.3,0.0
2024-01-24 23:00:00,30.25,122.0,3.3,0.0
2024-01-22 00:00:00,30.5,116.5,-0.4,20.0
2024-01-22 01:00:00,30.5,116.5,-0.3,20.0
2024-01-22 02:00:00,30.5,116.5,0.1,20.0
2024-01-22 03:00:00,30.5,116.5,0.9,20.0
2024-01-22 04:00:00,30.5,116.5,0.9,20.0
2024-01-22 05:00:00,30.5,116.5,1.5,20.0
2024-01-22 06:00:00,30.5,116.5,1.3,20.0
2024-01-22 07:00:00,30.5,116.5,1.0,20.0
2024-01-22 08:00:00,30.5,116.5,0.5,20.0
2024-01-22 09:00:00,30.5,116.5,-0.3,20.0
2024-01-22 10:00:00,30.5,116.5,-0.9,20.0
2024-01-22 11:00:00,30.5,116.5,-1.4,20.0
2024-01-22 12:00:00,30.5,116.5,-1.6,20.0
2024-01-22 13:00:00,30.5,116.5,-1.5,20.0
2024-01-22 14:00:00,30.5,116.5,-2.1,20.0
2024-01-22 15:00:00,30.5,116.5,-2.5,20.0
2024-01-22 16:00:00,30.5,116.5,-2.7,20.0
2024-01-22 17:00:00,30.5,116.5,-2.8,20.0
2024-01-22 18:00:00,30.5,116.5,-3.1,20.0
2024-01-22 19:00:00,30.5,116.5,-3.3,20.0
2024-01-22 20:00:00,30.5,116.5,-3.5,20.0
2024-01-22 21:00:00,30.5,116.5,-3.8,20.0
2024-01-22 22:00:00,30.5,116.5,-4.0,20.0
2024-01-22 23:00:00,30.5,116.5,-4.2,20.0
2024-01-23 00:00:00,30.5,116.5,-3.8,20.0
2024-01-23 01:00:00,30.5,116.5,-2.9,20.0
2024-01-23 02:00:00,30.5,116.5,-1.8,20.0
2024-01-23 03:00:00,30.5,116.5,-0.8,20.0
2024-01-23 04:00:00,30.5,116.5,0.2,20.0
2024-01-23 05:00:00,30.5,116.5,0.9,20.0
2024-01-23 06:00:00,30.5,116.5,1.3,20.0
2024-01-23 07:00:00,30.5,116.5,1.6,20.0
2024-01-23 08:00:00,30.5,116.5,1.3,20.0
2024-01-23 09:00:00,30.5,116.5,0.3,20.0
2024-01-23 10:00:00,30.5,116.5,-2.0,20.0
2024-01-23 11:00:00,30.5,116.5,-2.7,20.0
2024-01-23 12:00:00,30.5,116.5,-2.8,20.0
2024-01-23 13:00:00,30.5,116.5,-3.0,20.0
2024-01-23 14:00:00,30.5,116.5,-3.1,20.0
2024-01-23 15:00:00,30.5,116.5,-3.2,20.0
2024-01-23 16:00:00,30.5,116.5,-3.3,20.0
2024-01-23 17:00:00,30.5,116.5,-3.3,20.0
2024-01-23 18:00:00,30.5,116.5,-3.3,20.0
2024-01-23 19:00:00,30.5,116.5,-3.4,20.0
2024-01-23 20:00:00,30.5,116.5,-3.4,20.0
2024-01-23 21:00:00,30.5,116.5,-3.4,20.0
2024-01-23 22:00:00,30.5,116.5,-3.4,20.0
2024-01-23 23:00:00,30.5,116.5,-3.3,20.0
2024-01-24 00:00:00,30.5,116.5,-2.6,20.0
2024-01-24 01:00:00,30.5,116.5,-1.2,20.0
2024-01-24 02:00:00,30.5,116.5,0.1,20.0
2024-01-24 03:00:00,30.5,116.5,1.3,20.0
2024-01-24 04:00:00,30.5,116.5,2.3,20.0
2024-01-24 05:00:00,30.5,116.5,3.2,20.0
2024-01-24 06:00:00,30.5,116.5,3.7,20.0
2024-01-24 07:00:00,30.5,116.5,3.9,20.0
2024-01-24 08:00:00,30.5,116.5,4.0,20.0
2024-01-24 09:00:00,30.5,116.5,3.2,20.0
2024-01-24 10:00:00,30.5,116.5,1.4,20.0
2024-01-24 11:00:00,30.5,116.5,0.7,20.0
2024-01-24 12:00:00,30.5,116.5,0.7,20.0
2024-01-24 13:00:00,30.5,116.5,0.7,20.0
2024-01-24 14:00:00,30.5,116.5,0.4,20.0
2024-01-24 15:00:00,30.5,116.5,0.0,20.0
2024-01-24 16:00:00,30.5,116.5,-0.2,20.0
2024-01-24 17:00:00,30.5,116.5,-0.3,20.0
2024-01-24 18:00:00,30.5,116.5,-0.4,20.0
2024-01-24 19:00:00,30.5,116.5,-0.4,20.0
2024-01-24 20:00:00,30.5,116.5,-0.5,20.0
2024-01-24 21:00:00,30.5,116.5,-0.6,20.0
2024-01-24 22:00:00,30.5,116.5,-0.7,20.0
2024-01-24 23:00:00,30.5,116.5,-0.8,20.0
2024-01-22 00:00:00,30.5,116.75,-0.7,55.0
2024-01-22 01:00:00,30.5,116.75,-0.8,55.0
2024-01-22 02:00:00,30.5,116.75,-0.5,55.0
2024-01-22 03:00:00,30.5,116.75,-0.2,55.0
2024-01-22 04:00:00,30.5,116.75,-0.3,55.0
2024-01-22 05:00:00,30.5,116.75,0.2,55.0
2024-01-22 06:00:00,30.5,116.75,0.2,55.0
2024-01-22 07:00:00,30.5,116.75,-0.0,55.0
2024-01-22 08:00:00,30.5,116.75,-0.2,55.0
2024-01-22 09:00:00,30.5,116.75,-0.9,55.0
2024-01-22 10:00:00,30.5,116.75,-1.5,55.0
2024-01-22 11:00:00,30.5,116.75,-1.8,55.0
2024-01-22 12:00:00,30.5,116.75,-2.2,55.0
2024-01-22 13:00:00,30.5,116.75,-2.2,55.0
2024-01-22 14:00:00,30.5,116.75,-2.5,55.0
2024-01-22 15:00:00,30.5,116.75,-2.8,55.0
2024-01-22 16:00:00,30.5,116.75,-3.0,55.0
2024-01-22 17:00:00,30.5,116.75,-3.1,55.0
2024-01-22 18:00:00,30.5,116.75,-3.3,55.0
2024-01-22 19:00:00,30.5,116.75,-3.5,55.0
2024-01-22 20:00:00,30.5,116.75,-3.8,55.0
2024-01-22 21:00:00,30.5,116.75,-3.9,55.0
2024-01-22 22:00:00,30.5,116.75,-4.1,55.0
2024-01-22 23:00:00,30.5,116.75,-4.2,55.0
2024-01-23 00:00:00,30.5,116.75,-4.1,55.0
2024-01-23 01:00:00,30.5,116.75,-3.2,55.0
2024-01-23 02:00:00,30.5,116.75,-2.2,55.0
2024-01-23 03:00:00,30.5,116.75,-1.2,55.0
2024-01-23 04:00:00,30.5,116.75,-0.4,55.0
2024-01-23 05:00:00,30.5,116.75,0.3,55.0
2024-01-23 06:00:00,30.5,116.75,0.8,55.0
2024-01-23 07:00:00,30.5,116.75,1.1,55.0
2024-01-23 08:00:00,30.5,116.75,0.7,55.0
2024-01-23 09:00:00,30.5,116.75,-0.4,55.0
2024-01-23 10:00:00,30.5,116.75,-2.2,55.0
2024-01-23 11:00:00,30.5,116.75,-2.6,55.0
2024-01-23 12:00:00,30.5,116.75,-2.8,55.0
2024-01-23 13:00:00,30.5,116.75,-3.0,55.0
2024-01-23 14:00:00,30.5,116.75,-3.2,55.0
2024-01-23 15:00:00,30.5,116.75,-3.3,55.0
2024-01-23 16:00:00,30.5,116.75,-3.4,55.0
2024-01-23 17:00:00,30.5,116.75,-3.5,55.0
2024-01-23 18:00:00,30.5,116.75,-3.6,55.0
2024-01-23 19:00:00,30.5,116.75,-3.6,55.0
2024-01-23 20:00:00,30.5,116.75,-3.6,55.0
2024-01-23 21:00:00,30.5,116.75,-3.6,55.0
2024-01-23 22:00:00,30.5,116.75,-3.6,55.0
2024-01-23 23:00:00,30.5,116.75,-3.6,55.0
2024-01-24 00:00:00,30.5,116.75,-2.9,55.0
2024-01-24 01:00:00,30.5,116.75,-1.5,55.0
2024-01-24 02:00:00,30.5,116.75,0.0,55.0
2024-01-24 03:00:00,30.5,116.75,1.2,55.0
2024-01-24 04:00:00,30.5,116.75,2.2,55.0
2024-01-24 05:00:00,30.5,116.75,2.9,55.0
2024-01-24 06:00:00,30.5,116.75,3.4,55.0
2024-01-24 07:00:00,30.5,116.75,3.8,55.0
2024-01-24 08:00:00,30.5,116.75,3.7,55.0
2024-01-24 09:00:00,30.5,116.75,3.0,55.0
2024-01-24 10:00:00,30.5,116.75,1.2,55.0
2024-01-24 11:00:00,30.5,116.75,0.6,55.0
2024-01-24 12:00:00,30.5,116.75,0.5,55.0
2024-01-24 13:00:00,30.5,116.75,0.3,55.0
2024-01-24 14:00:00,30.5,116.75,0.0,55.0
2024-01-24 15:00:00,30.5,116.75,-0.4,55.0
2024-01-24 16:00:00,30.5,116.75,-0.6,55.0
2024-01-24 17:00:00,30.5,116.75,-0.7,55.0
2024-01-24 18:00:00,30.5,116.75,-0.7,55.0
2024-01-24 19:00:00,30.5,116.75,-0.8,55.0
2024-01-24 20:00:00,30.5,116.75,-0.9,55.0
2024-01-24 21:00:00,30.5,116.75,-1.0,55.0
2024-01-24 22:00:00,30.5,116.75,-1.0,55.0
2024-01-24 23:00:00,30.5,116.75,-1.1,55.0
2024-01-22 00:00:00,30.5,117.0,0.1,13.0
2024-01-22 01:00:00,30.5,117.0,-0.3,13.0
2024-01-22 02:00:00,30.5,117.0,-0.1,13.0
2024-01-22 03:00:00,30.5,117.0,0.2,13.0
2024-01-22 04:00:00,30.5,117.0,0.1,13.0
2024-01-22 05:00:00,30.5,117.0,0.4,13.0
2024-01-22 06:00:00,30.5,117.0,0.4,13.0
2024-01-22 07:00:00,30.5,117.0,0.2,13.0
2024-01-22 08:00:00,30.5,117.0,0.1,13.0
2024-01-22 09:00:00,30.5,117.0,-0.3,13.0
2024-01-22 10:00:00,30.5,117.0,-0.9,13.0
2024-01-22 11:00:00,30.5,117.0,-1.1,13.0
2024-01-22 12:00:00,30.5,117.0,-1.6,13.0
2024-01-22 13:00:00,30.5,117.0,-1.6,13.0
2024-01-22 14:00:00,30.5,117.0,-1.9,13.0
2024-01-22 15:00:00,30.5,117.0,-2.1,13.0
2024-01-22 16:00:00,30.5,117.0,-2.4,13.0
2024-01-22 17:00:00,30.5,117.0,-2.5,13.0
2024-01-22 18:00:00,30.5,117.0,-2.8,13.0
2024-01-22 19:00:00,30.5,117.0,-3.0,13.0
2024-01-22 20:00:00,30.5,117.0,-3.2,13.0
2024-01-22 21:00:00,30.5,117.0,-3.4,13.0
2024-01-22 22:00:00,30.5,117.0,-3.5,13.0
2024-01-22 23:00:00,30.5,117.0,-3.7,13.0
2024-01-23 00:00:00,30.5,117.0,-3.7,13.0
2024-01-23 01:00:00,30.5,117.0,-3.0,13.0
2024-01-23 02:00:00,30.5,117.0,-2.2,13.0
2024-01-23 03:00:00,30.5,117.0,-1.3,13.0
2024-01-23 04:00:00,30.5,117.0,-0.5,13.0
2024-01-23 05:00:00,30.5,117.0,0.2,13.0
2024-01-23 06:00:00,30.5,117.0,0.7,13.0
2024-01-23 07:00:00,30.5,117.0,0.9,13.0
2024-01-23 08:00:00,30.5,117.0,0.8,13.0
2024-01-23 09:00:00,30.5,117.0,0.0,13.0
2024-01-23 10:00:00,30.5,117.0,-1.0,13.0
2024-01-23 11:00:00,30.5,117.0,-1.3,13.0
2024-01-23 12:00:00,30.5,117.0,-1.4,13.0
2024-01-23 13:00:00,30.5,117.0,-1.6,13.0
2024-01-23 14:00:00,30.5,117.0,-1.7,13.0
2024-01-23 15:00:00,30.5,117.0,-1.8,13.0
2024-01-23 16:00:00,30.5,117.0,-2.0,13.0
2024-01-23 17:00:00,30.5,117.0,-2.0,13.0
2024-01-23 18:00:00,30.5,117.0,-2.1,13.0
2024-01-23 19:00:00,30.5,117.0,-2.2,13.0
2024-01-23 20:00:00,30.5,117.0,-2.3,13.0
2024-01-23 21:00:00,30.5,117.0,-2.3,13.0
2024-01-23 22:00:00,30.5,117.0,-2.3,13.0
2024-01-23 23:00:00,30.5,117.0,-2.3,13.0
2024-01-24 00:00:00,30.5,117.0,-1.8,13.0
2024-01-24 01:00:00,30.5,117.0,-0.7,13.0
2024-01-24 02:00:00,30.5,117.0,0.4,13.0
2024-01-24 03:00:00,30.5,117.0,1.5,13.0
2024-01-24 04:00:00,30.5,117.0,2.5,13.0
2024-01-24 05:00:00,30.5,117.0,3.4,13.0
2024-01-24 06:00:00,30.5,117.0,3.8,13.0
2024-01-24 07:00:00,30.5,117.0,4.1,13.0
2024-01-24 08:00:00,30.5,117.0,4.0,13.0
2024-01-24 09:00:00,30.5,117.0,3.3,13.0
2024-01-24 10:00:00,30.5,117.0,2.1,13.0
2024-01-24 11:00:00,30.5,117.0,1.6,13.0
2024-01-24 12:00:00,30.5,117.0,1.4,13.0
2024-01-24 13:00:00,30.5,117.0,1.3,13.0
2024-01-24 14:00:00,30.5,117.0,1.2,13.0
2024-01-24 15:00:00,30.5,117.0,0.9,13.0
2024-01-24 16:00:00,30.5,117.0,0.6,13.0
2024-01-24 17:00:00,30.5,117.0,0.3,13.0
2024-01-24 18:00:00,30.5,117.0,0.2,13.0
2024-01-24 19:00:00,30.5,117.0,0.1,13.0
2024-01-24 20:00:00,30.5,117.0,-0.1,13.0
2024-01-24 21:00:00,30.5,117.0,-0.2,13.0
2024-01-24 22:00:00,30.5,117.0,-0.3,13.0
2024-01-24 23:00:00,30.5,117.0,-0.4,13.0
2024-01-22 00:00:00,30.5,117.25,-0.2,22.0
2024-01-22 01:00:00,30.5,117.25,-0.2,22.0
2024-01-22 02:00:00,30.5,117.25,0.1,22.0
2024-01-22 03:00:00,30.5,117.25,0.4,22.0
2024-01-22 04:00:00,30.5,117.25,0.5,22.0
2024-01-22 05:00:00,30.5,117.25,0.5,22.0
2024-01-22 06:00:00,30.5,117.25,0.1,22.0
2024-01-22 07:00:00,30.5,117.25,-0.2,22.0
2024-01-22 08:00:00,30.5,117.25,-0.3,22.0
2024-01-22 09:00:00,30.5,117.25,-1.0,22.0
2024-01-22 10:00:00,30.5,117.25,-1.5,22.0
2024-01-22 11:00:00,30.5,117.25,-1.6,22.0
2024-01-22 12:00:00,30.5,117.25,-2.1,22.0
2024-01-22 13:00:00,30.5,117.25,-2.0,22.0
2024-01-22 14:00:00,30.5,117.25,-2.1,22.0
2024-01-22 15:00:00,30.5,117.25,-2.5,22.0
2024-01-22 16:00:00,30.5,117.25,-2.9,22.0
2024-01-22 17:00:00,30.5,117.25,-2.9,22.0
2024-01-22 18:00:00,30.5,117.25,-3.0,22.0
2024-01-22 19:00:00,30.5,117.25,-3.3,22.0
2024-01-22 20:00:00,30.5,117.25,-3.5,22.0
2024-01-22 21:00:00,30.5,117.25,-3.7,22.0
2024-01-22 22:00:00,30.5,117.25,-3.8,22.0
2024-01-22 23:00:00,30.5,117.25,-4.0,22.0
2024-01-23 00:00:00,30.5,117.25,-3.7,22.0
2024-01-23 01:00:00,30.5,117.25,-3.0,22.0
2024-01-23 02:00:00,30.5,117.25,-2.1,22.0
2024-01-23 03:00:00,30.5,117.25,-1.2,22.0
2024-01-23 04:00:00,30.5,117.25,-0.4,22.0
2024-01-23 05:00:00,30.5,117.25,0.2,22.0
2024-01-23 06:00:00,30.5,117.25,0.5,22.0
2024-01-23 07:00:00,30.5,117.25,0.5,22.0
2024-01-23 08:00:00,30.5,117.25,0.1,22.0
2024-01-23 09:00:00,30.5,117.25,-0.7,22.0
2024-01-23 10:00:00,30.5,117.25,-2.4,22.0
2024-01-23 11:00:00,30.5,117.25,-2.7,22.0
2024-01-23 12:00:00,30.5,117.25,-2.8,22.0
2024-01-23 13:00:00,30.5,117.25,-2.8,22.0
2024-01-23 14:00:00,30.5,117.25,-2.9,22.0
2024-01-23 15:00:00,30.5,117.25,-2.9,22.0
2024-01-23 16:00:00,30.5,117.25,-3.0,22.0
2024-01-23 17:00:00,30.5,117.25,-3.1,22.0
2024-01-23 18:00:00,30.5,117.25,-3.1,22.0
2024-01-23 19:00:00,30.5,117.25,-3.1,22.0
2024-01-23 20:00:00,30.5,117.25,-3.2,22.0
2024-01-23 21:00:00,30.5,117.25,-3.3,22.0
2024-01-23 22:00:00,30.5,117.25,-3.3,22.0
2024-01-23 23:00:00,30.5,117.25,-3.4,22.0
2024-01-24 00:00:00,30.5,117.25,-2.6,22.0
2024-01-24 01:00:00,30.5,117.25,-1.1,22.0
2024-01-24 02:00:00,30.5,117.25,0.4,22.0
2024-01-24 03:00:00,30.5,117.25,1.5,22.0
2024-01-24 04:00:00,30.5,117.25,2.4,22.0
2024-01-24 05:00:00,30.5,117.25,3.1,22.0
2024-01-24 06:00:00,30.5,117.25,3.3,22.0
2024-01-24 07:00:00,30.5,117.25,3.4,22.0
2024-01-24 08:00:00,30.5,117.25,3.2,22.0
2024-01-24 09:00:00,30.5,117.25,1.8,22.0
2024-01-24 10:00:00,30.5,117.25,-0.1,22.0
2024-01-24 11:00:00,30.5,117.25,-0.7,22.0
2024-01-24 12:00:00,30.5,117.25,-1.0,22.0
2024-01-24 13:00:00,30.5,117.25,-0.9,22.0
2024-01-24 14:00:00,30.5,117.25,-0.8,22.0
2024-01-24 15:00:00,30.5,117.25,-0.9,22.0
2024-01-24 16:00:00,30.5,117.25,-1.1,22.0
2024-01-24 17:00:00,30.5,117.25,-1.3,22.0
2024-01-24 18:00:00,30.5,117.25,-1.3,22.0
2024-01-24 19:00:00,30.5,117.25,-1.4,22.0
2024-01-24 20:00:00,30.5,117.25,-1.5,22.0
2024-01-24 21:00:00,30.5,117.25,-1.6,22.0
2024-01-24 22:00:00,30.5,117.25,-1.6,22.0
2024-01-24 23:00:00,30.5,117.25,-1.6,22.0
2024-01-22 00:00:00,30.5,117.5,-1.8,261.0
2024-01-22 01:00:00,30.5,117.5,-1.9,261.0
2024-01-22 02:00:00,30.5,117.5,-2.1,261.0
2024-01-22 03:00:00,30.5,117.5,-1.4,261.0
2024-01-22 04:00:00,30.5,117.5,-1.3,261.0
2024-01-22 05:00:00,30.5,117.5,-1.2,261.0
2024-01-22 06:00:00,30.5,117.5,-1.6,261.0
2024-01-22 07:00:00,30.5,117.5,-1.9,261.0
2024-01-22 08:00:00,30.5,117.5,-2.0,261.0
2024-01-22 09:00:00,30.5,117.5,-2.5,261.0
2024-01-22 10:00:00,30.5,117.5,-3.0,261.0
2024-01-22 11:00:00,30.5,117.5,-3.1,261.0
2024-01-22 12:00:00,30.5,117.5,-3.6,261.0
2024-01-22 13:00:00,30.5,117.5,-3.9,261.0
2024-01-22 14:00:00,30.5,117.5,-4.0,261.0
2024-01-22 15:00:00,30.5,117.5,-4.2,261.0
2024-01-22 16:00:00,30.5,117.5,-4.6,261.0
2024-01-22 17:00:00,30.5,117.5,-4.7,261.0
2024-01-22 18:00:00,30.5,117.5,-5.1,261.0
2024-01-22 19:00:00,30.5,117.5,-5.2,261.0
2024-01-22 20:00:00,30.5,117.5,-5.3,261.0
2024-01-22 21:00:00,30.5,117.5,-5.4,261.0
2024-01-22 22:00:00,30.5,117.5,-5.3,261.0
2024-01-22 23:00:00,30.5,117.5,-5.4,261.0
2024-01-23 00:00:00,30.5,117.5,-5.3,261.0
2024-01-23 01:00:00,30.5,117.5,-4.6,261.0
2024-01-23 02:00:00,30.5,117.5,-3.7,261.0
2024-01-23 03:00:00,30.5,117.5,-2.8,261.0
2024-01-23 04:00:00,30.5,117.5,-1.9,261.0
2024-01-23 05:00:00,30.5,117.5,-1.2,261.0
2024-01-23 06:00:00,30.5,117.5,-0.9,261.0
2024-01-23 07:00:00,30.5,117.5,-1.0,261.0
2024-01-23 08:00:00,30.5,117.5,-1.5,261.0
2024-01-23 09:00:00,30.5,117.5,-2.3,261.0
2024-01-23 10:00:00,30.5,117.5,-3.7,261.0
2024-01-23 11:00:00,30.5,117.5,-4.0,261.0
2024-01-23 12:00:00,30.5,117.5,-3.9,261.0
2024-01-23 13:00:00,30.5,117.5,-3.9,261.0
2024-01-23 14:00:00,30.5,117.5,-3.9,261.0
2024-01-23 15:00:00,30.5,117.5,-3.9,261.0
2024-01-23 16:00:00,30.5,117.5,-4.0,261.0
2024-01-23 17:00:00,30.5,117.5,-4.0,261.0
2024-01-23 18:00:00,30.5,117.5,-4.1,261.0
2024-01-23 19:00:00,30.5,117.5,-4.2,261.0
2024-01-23 20:00:00,30.5,117.5,-4.4,261.0
2024-01-23 21:00:00,30.5,117.5,-4.5,261.0
2024-01-23 22:00:00,30.5,117.5,-4.6,261.0
2024-01-23 23:00:00,30.5,117.5,-4.7,261.0
2024-01-24 00:00:00,30.5,117.5,-3.9,261.0
2024-01-24 01:00:00,30.5,117.5,-2.2,261.0
2024-01-24 02:00:00,30.5,117.5,-0.9,261.0
2024-01-24 03:00:00,30.5,117.5,0.3,261.0
2024-01-24 04:00:00,30.5,117.5,1.4,261.0
2024-01-24 05:00:00,30.5,117.5,2.0,261.0
2024-01-24 06:00:00,30.5,117.5,2.2,261.0
2024-01-24 07:00:00,30.5,117.5,2.1,261.0
2024-01-24 08:00:00,30.5,117.5,1.5,261.0
2024-01-24 09:00:00,30.5,117.5,-0.1,261.0
2024-01-24 10:00:00,30.5,117.5,-2.2,261.0
2024-01-24 11:00:00,30.5,117.5,-2.6,261.0
2024-01-24 12:00:00,30.5,117.5,-2.8,261.0
2024-01-24 13:00:00,30.5,117.5,-2.8,261.0
2024-01-24 14:00:00,30.5,117.5,-2.5,261.0
2024-01-24 15:00:00,30.5,117.5,-2.4,261.0
2024-01-24 16:00:00,30.5,117.5,-2.6,261.0
2024-01-24 17:00:00,30.5,117.5,-2.8,261.0
2024-01-24 18:00:00,30.5,117.5,-2.9,261.0
2024-01-24 19:00:00,30.5,117.5,-3.1,261.0
2024-01-24 20:00:00,30.5,117.5,-3.2,261.0
2024-01-24 21:00:00,30.5,117.5,-3.2,261.0
2024-01-24 22:00:00,30.5,117.5,-3.2,261.0
2024-01-24 23:00:00,30.5,117.5,-3.2,261.0
2024-01-22 00:00:00,30.5,117.75,-1.0,94.0
2024-01-22 01:00:00,30.5,117.75,-1.0,94.0
2024-01-22 02:00:00,30.5,117.75,-0.8,94.0
2024-01-22 03:00:00,30.5,117.75,-0.3,94.0
2024-01-22 04:00:00,30.5,117.75,-0.3,94.0
2024-01-22 05:00:00,30.5,117.75,-0.6,94.0
2024-01-22 06:00:00,30.5,117.75,-1.2,94.0
2024-01-22 07:00:00,30.5,117.75,-1.3,94.0
2024-01-22 08:00:00,30.5,117.75,-1.4,94.0
2024-01-22 09:00:00,30.5,117.75,-1.8,94.0
2024-01-22 10:00:00,30.5,117.75,-2.2,94.0
2024-01-22 11:00:00,30.5,117.75,-2.5,94.0
2024-01-22 12:00:00,30.5,117.75,-2.9,94.0
2024-01-22 13:00:00,30.5,117.75,-3.0,94.0
2024-01-22 14:00:00,30.5,117.75,-3.0,94.0
2024-01-22 15:00:00,30.5,117.75,-3.2,94.0
2024-01-22 16:00:00,30.5,117.75,-3.6,94.0
2024-01-22 17:00:00,30.5,117.75,-3.8,94.0
2024-01-22 18:00:00,30.5,117.75,-4.2,94.0
2024-01-22 19:00:00,30.5,117.75,-4.4,94.0
2024-01-22 20:00:00,30.5,117.75,-4.7,94.0
2024-01-22 21:00:00,30.5,117.75,-4.9,94.0
2024-01-22 22:00:00,30.5,117.75,-5.1,94.0
2024-01-22 23:00:00,30.5,117.75,-5.2,94.0
2024-01-23 00:00:00,30.5,117.75,-5.0,94.0
2024-01-23 01:00:00,30.5,117.75,-4.3,94.0
2024-01-23 02:00:00,30.5,117.75,-3.3,94.0
2024-01-23 03:00:00,30.5,117.75,-2.3,94.0
2024-01-23 04:00:00,30.5,117.75,-1.5,94.0
2024-01-23 05:00:00,30.5,117.75,-0.8,94.0
2024-01-23 06:00:00,30.5,117.75,-0.3,94.0
2024-01-23 07:00:00,30.5,117.75,-0.3,94.0
2024-01-23 08:00:00,30.5,117.75,-0.7,94.0
2024-01-23 09:00:00,30.5,117.75,-1.6,94.0
2024-01-23 10:00:00,30.5,117.75,-2.7,94.0
2024-01-23 11:00:00,30.5,117.75,-2.9,94.0
2024-01-23 12:00:00,30.5,117.75,-2.8,94.0
2024-01-23 13:00:00,30.5,117.75,-2.8,94.0
2024-01-23 14:00:00,30.5,117.75,-2.8,94.0
2024-01-23 15:00:00,30.5,117.75,-2.8,94.0
2024-01-23 16:00:00,30.5,117.75,-3.0,94.0
2024-01-23 17:00:00,30.5,117.75,-3.1,94.0
2024-01-23 18:00:00,30.5,117.75,-3.3,94.0
2024-01-23 19:00:00,30.5,117.75,-3.4,94.0
2024-01-23 20:00:00,30.5,117.75,-3.5,94.0
2024-01-23 21:00:00,30.5,117.75,-3.6,94.0
2024-01-23 22:00:00,30.5,117.75,-3.7,94.0
2024-01-23 23:00:00,30.5,117.75,-3.8,94.0
2024-01-24 00:00:00,30.5,117.75,-2.9,94.0
2024-01-24 01:00:00,30.5,117.75,-1.3,94.0
2024-01-24 02:00:00,30.5,117.75,0.0,94.0
2024-01-24 03:00:00,30.5,117.75,1.3,94.0
2024-01-24 04:00:00,30.5,117.75,2.3,94.0
2024-01-24 05:00:00,30.5,117.75,2.8,94.0
2024-01-24 06:00:00,30.5,117.75,3.1,94.0
2024-01-24 07:00:00,30.5,117.75,2.9,94.0
2024-01-24 08:00:00,30.5,117.75,2.3,94.0
2024-01-24 09:00:00,30.5,117.75,1.0,94.0
2024-01-24 10:00:00,30.5,117.75,-1.0,94.0
2024-01-24 11:00:00,30.5,117.75,-1.3,94.0
2024-01-24 12:00:00,30.5,117.75,-1.5,94.0
2024-01-24 13:00:00,30.5,117.75,-1.7,94.0
2024-01-24 14:00:00,30.5,117.75,-1.5,94.0
2024-01-24 15:00:00,30.5,117.75,-1.3,94.0
2024-01-24 16:00:00,30.5,117.75,-1.5,94.0
2024-01-24 17:00:00,30.5,117.75,-1.4,94.0
2024-01-24 18:00:00,30.5,117.75,-1.5,94.0
2024-01-24 19:00:00,30.5,117.75,-1.8,94.0
2024-01-24 20:00:00,30.5,117.75,-1.9,94.0
2024-01-24 21:00:00,30.5,117.75,-1.9,94.0
2024-01-24 22:00:00,30.5,117.75,-1.8,94.0
2024-01-24 23:00:00,30.5,117.75,-1.8,94.0
2024-01-22 00:00:00,30.5,118.0,-4.0,571.0
2024-01-22 01:00:00,30.5,118.0,-4.0,571.0
2024-01-22 02:00:00,30.5,118.0,-3.6,571.0
2024-01-22 03:00:00,30.5,118.0,-3.2,571.0
2024-01-22 04:00:00,30.5,118.0,-2.8,571.0
2024-01-22 05:00:00,30.5,118.0,-3.4,571.0
2024-01-22 06:00:00,30.5,118.0,-3.9,571.0
2024-01-22 07:00:00,30.5,118.0,-4.2,571.0
2024-01-22 08:00:00,30.5,118.0,-4.5,571.0
2024-01-22 09:00:00,30.5,118.0,-4.9,571.0
2024-01-22 10:00:00,30.5,118.0,-5.1,571.0
2024-01-22 11:00:00,30.5,118.0,-5.4,571.0
2024-01-22 12:00:00,30.5,118.0,-5.9,571.0
2024-01-22 13:00:00,30.5,118.0,-6.1,571.0
2024-01-22 14:00:00,30.5,118.0,-6.2,571.0
2024-01-22 15:00:00,30.5,118.0,-6.4,571.0
2024-01-22 16:00:00,30.5,118.0,-6.7,571.0
2024-01-22 17:00:00,30.5,118.0,-7.0,571.0
2024-01-22 18:00:00,30.5,118.0,-7.4,571.0
2024-01-22 19:00:00,30.5,118.0,-7.5,571.0
2024-01-22 20:00:00,30.5,118.0,-7.7,571.0
2024-01-22 21:00:00,30.5,118.0,-7.8,571.0
2024-01-22 22:00:00,30.5,118.0,-8.0,571.0
2024-01-22 23:00:00,30.5,118.0,-8.2,571.0
2024-01-23 00:00:00,30.5,118.0,-8.0,571.0
2024-01-23 01:00:00,30.5,118.0,-7.2,571.0
2024-01-23 02:00:00,30.5,118.0,-6.1,571.0
2024-01-23 03:00:00,30.5,118.0,-5.2,571.0
2024-01-23 04:00:00,30.5,118.0,-4.3,571.0
2024-01-23 05:00:00,30.5,118.0,-3.7,571.0
2024-01-23 06:00:00,30.5,118.0,-3.2,571.0
2024-01-23 07:00:00,30.5,118.0,-3.3,571.0
2024-01-23 08:00:00,30.5,118.0,-3.7,571.0
2024-01-23 09:00:00,30.5,118.0,-4.5,571.0
2024-01-23 10:00:00,30.5,118.0,-5.7,571.0
2024-01-23 11:00:00,30.5,118.0,-6.0,571.0
2024-01-23 12:00:00,30.5,118.0,-5.9,571.0
2024-01-23 13:00:00,30.5,118.0,-5.9,571.0
2024-01-23 14:00:00,30.5,118.0,-5.9,571.0
2024-01-23 15:00:00,30.5,118.0,-5.9,571.0
2024-01-23 16:00:00,30.5,118.0,-6.1,571.0
2024-01-23 17:00:00,30.5,118.0,-6.2,571.0
2024-01-23 18:00:00,30.5,118.0,-6.4,571.0
2024-01-23 19:00:00,30.5,118.0,-6.5,571.0
2024-01-23 20:00:00,30.5,118.0,-6.7,571.0
2024-01-23 21:00:00,30.5,118.0,-6.9,571.0
2024-01-23 22:00:00,30.5,118.0,-7.0,571.0
2024-01-23 23:00:00,30.5,118.0,-7.1,571.0
2024-01-24 00:00:00,30.5,118.0,-6.2,571.0
2024-01-24 01:00:00,30.5,118.0,-4.4,571.0
2024-01-24 02:00:00,30.5,118.0,-2.8,571.0
2024-01-24 03:00:00,30.5,118.0,-1.7,571.0
2024-01-24 04:00:00,30.5,118.0,-0.4,571.0
2024-01-24 05:00:00,30.5,118.0,0.1,571.0
2024-01-24 06:00:00,30.5,118.0,0.4,571.0
2024-01-24 07:00:00,30.5,118.0,0.2,571.0
2024-01-24 08:00:00,30.5,118.0,-0.4,571.0
2024-01-24 09:00:00,30.5,118.0,-2.0,571.0
2024-01-24 10:00:00,30.5,118.0,-4.1,571.0
2024-01-24 11:00:00,30.5,118.0,-4.5,571.0
2024-01-24 12:00:00,30.5,118.0,-4.8,571.0
2024-01-24 13:00:00,30.5,118.0,-4.9,571.0
2024-01-24 14:00:00,30.5,118.0,-5.0,571.0
2024-01-24 15:00:00,30.5,118.0,-4.6,571.0
2024-01-24 16:00:00,30.5,118.0,-4.5,571.0
2024-01-24 17:00:00,30.5,118.0,-4.6,571.0
2024-01-24 18:00:00,30.5,118.0,-4.6,571.0
2024-01-24 19:00:00,30.5,118.0,-5.1,571.0
2024-01-24 20:00:00,30.5,118.0,-5.2,571.0
2024-01-24 21:00:00,30.5,118.0,-5.2,571.0
2024-01-24 22:00:00,30.5,118.0,-5.3,571.0
2024-01-24 23:00:00,30.5,118.0,-5.3,571.0
2024-01-22 00:00:00,30.5,118.25,-0.9,86.0
2024-01-22 01:00:00,30.5,118.25,-0.8,86.0
2024-01-22 02:00:00,30.5,118.25,-0.3,86.0
2024-01-22 03:00:00,30.5,118.25,-0.1,86.0
2024-01-22 04:00:00,30.5,118.25,0.2,86.0
2024-01-22 05:00:00,30.5,118.25,0.1,86.0
2024-01-22 06:00:00,30.5,118.25,-0.2,86.0
2024-01-22 07:00:00,30.5,118.25,-1.0,86.0
2024-01-22 08:00:00,30.5,118.25,-1.4,86.0
2024-01-22 09:00:00,30.5,118.25,-1.8,86.0
2024-01-22 10:00:00,30.5,118.25,-1.9,86.0
2024-01-22 11:00:00,30.5,118.25,-2.1,86.0
2024-01-22 12:00:00,30.5,118.25,-2.6,86.0
2024-01-22 13:00:00,30.5,118.25,-3.0,86.0
2024-01-22 14:00:00,30.5,118.25,-3.1,86.0
2024-01-22 15:00:00,30.5,118.25,-3.2,86.0
2024-01-22 16:00:00,30.5,118.25,-3.5,86.0
2024-01-22 17:00:00,30.5,118.25,-3.9,86.0
2024-01-22 18:00:00,30.5,118.25,-4.2,86.0
2024-01-22 19:00:00,30.5,118.25,-4.4,86.0
2024-01-22 20:00:00,30.5,118.25,-4.6,86.0
2024-01-22 21:00:00,30.5,118.25,-4.7,86.0
2024-01-22 22:00:00,30.5,118.25,-4.8,86.0
2024-01-22 23:00:00,30.5,118.25,-5.0,86.0
2024-01-23 00:00:00,30.5,118.25,-4.8,86.0
2024-01-23 01:00:00,30.5,118.25,-3.9,86.0
2024-01-23 02:00:00,30.5,118.25,-2.8,86.0
2024-01-23 03:00:00,30.5,118.25,-1.7,86.0
2024-01-23 04:00:00,30.5,118.25,-0.9,86.0
2024-01-23 05:00:00,30.5,118.25,-0.2,86.0
2024-01-23 06:00:00,30.5,118.25,0.2,86.0
2024-01-23 07:00:00,30.5,118.25,0.1,86.0
2024-01-23 08:00:00,30.5,118.25,-0.3,86.0
2024-01-23 09:00:00,30.5,118.25,-1.3,86.0
2024-01-23 10:00:00,30.5,118.25,-2.9,86.0
2024-01-23 11:00:00,30.5,118.25,-3.2,86.0
2024-01-23 12:00:00,30.5,118.25,-3.2,86.0
2024-01-23 13:00:00,30.5,118.25,-3.3,86.0
2024-01-23 14:00:00,30.5,118.25,-3.3,86.0
2024-01-23 15:00:00,30.5,118.25,-3.3,86.0
2024-01-23 16:00:00,30.5,118.25,-3.4,86.0
2024-01-23 17:00:00,30.5,118.25,-3.4,86.0
2024-01-23 18:00:00,30.5,118.25,-3.5,86.0
2024-01-23 19:00:00,30.5,118.25,-3.6,86.0
2024-01-23 20:00:00,30.5,118.25,-3.8,86.0
2024-01-23 21:00:00,30.5,118.25,-3.9,86.0
2024-01-23 22:00:00,30.5,118.25,-4.0,86.0
2024-01-23 23:00:00,30.5,118.25,-4.1,86.0
2024-01-24 00:00:00,30.5,118.25,-3.1,86.0
2024-01-24 01:00:00,30.5,118.25,-1.2,86.0
2024-01-24 02:00:00,30.5,118.25,0.5,86.0
2024-01-24 03:00:00,30.5,118.25,1.6,86.0
2024-01-24 04:00:00,30.5,118.25,2.6,86.0
2024-01-24 05:00:00,30.5,118.25,3.3,86.0
2024-01-24 06:00:00,30.5,118.25,3.6,86.0
2024-01-24 07:00:00,30.5,118.25,3.5,86.0
2024-01-24 08:00:00,30.5,118.25,3.0,86.0
2024-01-24 09:00:00,30.5,118.25,1.2,86.0
2024-01-24 10:00:00,30.5,118.25,-1.0,86.0
2024-01-24 11:00:00,30.5,118.25,-1.6,86.0
2024-01-24 12:00:00,30.5,118.25,-1.8,86.0
2024-01-24 13:00:00,30.5,118.25,-2.0,86.0
2024-01-24 14:00:00,30.5,118.25,-2.2,86.0
2024-01-24 15:00:00,30.5,118.25,-1.7,86.0
2024-01-24 16:00:00,30.5,118.25,-1.7,86.0
2024-01-24 17:00:00,30.5,118.25,-1.7,86.0
2024-01-24 18:00:00,30.5,118.25,-1.6,86.0
2024-01-24 19:00:00,30.5,118.25,-2.1,86.0
2024-01-24 20:00:00,30.5,118.25,-2.3,86.0
2024-01-24 21:00:00,30.5,118.25,-2.3,86.0
2024-01-24 22:00:00,30.5,118.25,-2.3,86.0
2024-01-24 23:00:00,30.5,118.25,-2.3,86.0
2024-01-22 00:00:00,30.5,118.5,-1.7,186.0
2024-01-22 01:00:00,30.5,118.5,-1.4,186.0
2024-01-22 02:00:00,30.5,118.5,-0.9,186.0
2024-01-22 03:00:00,30.5,118.5,-1.1,186.0
2024-01-22 04:00:00,30.5,118.5,-0.9,186.0
2024-01-22 05:00:00,30.5,118.5,-0.5,186.0
2024-01-22 06:00:00,30.5,118.5,-1.0,186.0
2024-01-22 07:00:00,30.5,118.5,-2.0,186.0
2024-01-22 08:00:00,30.5,118.5,-2.3,186.0
2024-01-22 09:00:00,30.5,118.5,-2.7,186.0
2024-01-22 10:00:00,30.5,118.5,-2.8,186.0
2024-01-22 11:00:00,30.5,118.5,-3.0,186.0
2024-01-22 12:00:00,30.5,118.5,-3.4,186.0
2024-01-22 13:00:00,30.5,118.5,-3.7,186.0
2024-01-22 14:00:00,30.5,118.5,-3.9,186.0
2024-01-22 15:00:00,30.5,118.5,-3.9,186.0
2024-01-22 16:00:00,30.5,118.5,-4.3,186.0
2024-01-22 17:00:00,30.5,118.5,-4.6,186.0
2024-01-22 18:00:00,30.5,118.5,-5.0,186.0
2024-01-22 19:00:00,30.5,118.5,-5.2,186.0
2024-01-22 20:00:00,30.5,118.5,-5.4,186.0
2024-01-22 21:00:00,30.5,118.5,-5.6,186.0
2024-01-22 22:00:00,30.5,118.5,-5.7,186.0
2024-01-22 23:00:00,30.5,118.5,-5.9,186.0
2024-01-23 00:00:00,30.5,118.5,-5.7,186.0
2024-01-23 01:00:00,30.5,118.5,-4.9,186.0
2024-01-23 02:00:00,30.5,118.5,-3.6,186.0
2024-01-23 03:00:00,30.5,118.5,-2.6,186.0
2024-01-23 04:00:00,30.5,118.5,-1.8,186.0
2024-01-23 05:00:00,30.5,118.5,-1.3,186.0
2024-01-23 06:00:00,30.5,118.5,-0.8,186.0
2024-01-23 07:00:00,30.5,118.5,-0.9,186.0
2024-01-23 08:00:00,30.5,118.5,-1.3,186.0
2024-01-23 09:00:00,30.5,118.5,-2.2,186.0
2024-01-23 10:00:00,30.5,118.5,-3.5,186.0
2024-01-23 11:00:00,30.5,118.5,-3.7,186.0
2024-01-23 12:00:00,30.5,118.5,-3.7,186.0
2024-01-23 13:00:00,30.5,118.5,-3.7,186.0
2024-01-23 14:00:00,30.5,118.5,-3.7,186.0
2024-01-23 15:00:00,30.5,118.5,-3.7,186.0
2024-01-23 16:00:00,30.5,118.5,-3.8,186.0
2024-01-23 17:00:00,30.5,118.5,-3.9,186.0
2024-01-23 18:00:00,30.5,118.5,-4.1,186.0
2024-01-23 19:00:00,30.5,118.5,-4.3,186.0
2024-01-23 20:00:00,30.5,118.5,-4.4,186.0
2024-01-23 21:00:00,30.5,118.5,-4.6,186.0
2024-01-23 22:00:00,30.5,118.5,-4.6,186.0
2024-01-23 23:00:00,30.5,118.5,-4.7,186.0
2024-01-24 00:00:00,30.5,118.5,-3.6,186.0
2024-01-24 01:00:00,30.5,118.5,-1.8,186.0
2024-01-24 02:00:00,30.5,118.5,-0.2,186.0
2024-01-24 03:00:00,30.5,118.5,0.9,186.0
2024-01-24 04:00:00,30.5,118.5,2.0,186.0
2024-01-24 05:00:00,30.5,118.5,2.7,186.0
2024-01-24 06:00:00,30.5,118.5,2.9,186.0
2024-01-24 07:00:00,30.5,118.5,2.7,186.0
2024-01-24 08:00:00,30.5,118.5,2.1,186.0
2024-01-24 09:00:00,30.5,118.5,0.5,186.0
2024-01-24 10:00:00,30.5,118.5,-1.6,186.0
2024-01-24 11:00:00,30.5,118.5,-2.1,186.0
2024-01-24 12:00:00,30.5,118.5,-2.2,186.0
2024-01-24 13:00:00,30.5,118.5,-2.3,186.0
2024-01-24 14:00:00,30.5,118.5,-2.4,186.0
2024-01-24 15:00:00,30.5,118.5,-2.2,186.0
2024-01-24 16:00:00,30.5,118.5,-2.0,186.0
2024-01-24 17:00:00,30.5,118.5,-1.9,186.0
2024-01-24 18:00:00,30.5,118.5,-1.8,186.0
2024-01-24 19:00:00,30.5,118.5,-2.2,186.0
2024-01-24 20:00:00,30.5,118.5,-2.4,186.0
2024-01-24 21:00:00,30.5,118.5,-2.6,186.0
2024-01-24 22:00:00,30.5,118.5,-2.6,186.0
2024-01-24 23:00:00,30.5,118.5,-2.6,186.0
2024-01-22 00:00:00,30.5,118.75,-1.9,208.0
2024-01-22 01:00:00,30.5,118.75,-1.5,208.0
2024-01-22 02:00:00,30.5,118.75,-1.1,208.0
2024-01-22 03:00:00,30.5,118.75,-1.1,208.0
2024-01-22 04:00:00,30.5,118.75,-1.2,208.0
2024-01-22 05:00:00,30.5,118.75,-0.9,208.0
2024-01-22 06:00:00,30.5,118.75,-1.5,208.0
2024-01-22 07:00:00,30.5,118.75,-2.0,208.0
2024-01-22 08:00:00,30.5,118.75,-2.5,208.0
2024-01-22 09:00:00,30.5,118.75,-3.0,208.0
2024-01-22 10:00:00,30.5,118.75,-3.2,208.0
2024-01-22 11:00:00,30.5,118.75,-3.3,208.0
2024-01-22 12:00:00,30.5,118.75,-3.5,208.0
2024-01-22 13:00:00,30.5,118.75,-3.7,208.0
2024-01-22 14:00:00,30.5,118.75,-4.0,208.0
2024-01-22 15:00:00,30.5,118.75,-4.0,208.0
2024-01-22 16:00:00,30.5,118.75,-4.3,208.0
2024-01-22 17:00:00,30.5,118.75,-4.6,208.0
2024-01-22 18:00:00,30.5,118.75,-5.1,208.0
2024-01-22 19:00:00,30.5,118.75,-5.4,208.0
2024-01-22 20:00:00,30.5,118.75,-5.7,208.0
2024-01-22 21:00:00,30.5,118.75,-5.8,208.0
2024-01-22 22:00:00,30.5,118.75,-6.0,208.0
2024-01-22 23:00:00,30.5,118.75,-6.1,208.0
2024-01-23 00:00:00,30.5,118.75,-5.8,208.0
2024-01-23 01:00:00,30.5,118.75,-4.8,208.0
2024-01-23 02:00:00,30.5,118.75,-3.5,208.0
2024-01-23 03:00:00,30.5,118.75,-2.3,208.0
2024-01-23 04:00:00,30.5,118.75,-1.4,208.0
2024-01-23 05:00:00,30.5,118.75,-1.0,208.0
2024-01-23 06:00:00,30.5,118.75,-0.7,208.0
2024-01-23 07:00:00,30.5,118.75,-0.9,208.0
2024-01-23 08:00:00,30.5,118.75,-1.4,208.0
2024-01-23 09:00:00,30.5,118.75,-2.4,208.0
2024-01-23 10:00:00,30.5,118.75,-3.6,208.0
2024-01-23 11:00:00,30.5,118.75,-3.8,208.0
2024-01-23 12:00:00,30.5,118.75,-3.7,208.0
2024-01-23 13:00:00,30.5,118.75,-3.7,208.0
2024-01-23 14:00:00,30.5,118.75,-3.6,208.0
2024-01-23 15:00:00,30.5,118.75,-3.7,208.0
2024-01-23 16:00:00,30.5,118.75,-3.8,208.0
2024-01-23 17:00:00,30.5,118.75,-4.0,208.0
2024-01-23 18:00:00,30.5,118.75,-4.2,208.0
2024-01-23 19:00:00,30.5,118.75,-4.4,208.0
2024-01-23 20:00:00,30.5,118.75,-4.5,208.0
2024-01-23 21:00:00,30.5,118.75,-4.7,208.0
2024-01-23 22:00:00,30.5,118.75,-4.8,208.0
2024-01-23 23:00:00,30.5,118.75,-4.9,208.0
2024-01-24 00:00:00,30.5,118.75,-3.7,208.0
2024-01-24 01:00:00,30.5,118.75,-1.7,208.0
2024-01-24 02:00:00,30.5,118.75,0.0,208.0
2024-01-24 03:00:00,30.5,118.75,1.5,208.0
2024-01-24 04:00:00,30.5,118.75,2.5,208.0
2024-01-24 05:00:00,30.5,118.75,3.4,208.0
2024-01-24 06:00:00,30.5,118.75,3.6,208.0
2024-01-24 07:00:00,30.5,118.75,3.4,208.0
2024-01-24 08:00:00,30.5,118.75,2.6,208.0
2024-01-24 09:00:00,30.5,118.75,0.7,208.0
2024-01-24 10:00:00,30.5,118.75,-1.7,208.0
2024-01-24 11:00:00,30.5,118.75,-2.2,208.0
2024-01-24 12:00:00,30.5,118.75,-2.4,208.0
2024-01-24 13:00:00,30.5,118.75,-2.5,208.0
2024-01-24 14:00:00,30.5,118.75,-2.4,208.0
2024-01-24 15:00:00,30.5,118.75,-2.3,208.0
2024-01-24 16:00:00,30.5,118.75,-1.9,208.0
2024-01-24 17:00:00,30.5,118.75,-1.8,208.0
2024-01-24 18:00:00,30.5,118.75,-1.8,208.0
2024-01-24 19:00:00,30.5,118.75,-1.9,208.0
2024-01-24 20:00:00,30.5,118.75,-2.2,208.0
2024-01-24 21:00:00,30.5,118.75,-2.5,208.0
2024-01-24 22:00:00,30.5,118.75,-2.5,208.0
2024-01-24 23:00:00,30.5,118.75,-2.6,208.0
2024-01-22 00:00:00,30.5,119.0,-1.5,161.0
2024-01-22 01:00:00,30.5,119.0,-1.2,161.0
2024-01-22 02:00:00,30.5,119.0,-0.9,161.0
2024-01-22 03:00:00,30.5,119.0,-0.7,161.0
2024-01-22 04:00:00,30.5,119.0,-0.9,161.0
2024-01-22 05:00:00,30.5,119.0,-0.8,161.0
2024-01-22 06:00:00,30.5,119.0,-1.1,161.0
2024-01-22 07:00:00,30.5,119.0,-1.3,161.0
2024-01-22 08:00:00,30.5,119.0,-1.8,161.0
2024-01-22 09:00:00,30.5,119.0,-2.3,161.0
2024-01-22 10:00:00,30.5,119.0,-2.7,161.0
2024-01-22 11:00:00,30.5,119.0,-2.8,161.0
2024-01-22 12:00:00,30.5,119.0,-3.0,161.0
2024-01-22 13:00:00,30.5,119.0,-3.2,161.0
2024-01-22 14:00:00,30.5,119.0,-3.4,161.0
2024-01-22 15:00:00,30.5,119.0,-3.4,161.0
2024-01-22 16:00:00,30.5,119.0,-3.7,161.0
2024-01-22 17:00:00,30.5,119.0,-3.9,161.0
2024-01-22 18:00:00,30.5,119.0,-4.4,161.0
2024-01-22 19:00:00,30.5,119.0,-4.7,161.0
2024-01-22 20:00:00,30.5,119.0,-5.0,161.0
2024-01-22 21:00:00,30.5,119.0,-5.2,161.0
2024-01-22 22:00:00,30.5,119.0,-5.3,161.0
2024-01-22 23:00:00,30.5,119.0,-5.5,161.0
2024-01-23 00:00:00,30.5,119.0,-5.2,161.0
2024-01-23 01:00:00,30.5,119.0,-4.2,161.0
2024-01-23 02:00:00,30.5,119.0,-2.9,161.0
2024-01-23 03:00:00,30.5,119.0,-1.9,161.0
2024-01-23 04:00:00,30.5,119.0,-1.1,161.0
2024-01-23 05:00:00,30.5,119.0,-0.5,161.0
2024-01-23 06:00:00,30.5,119.0,-0.1,161.0
2024-01-23 07:00:00,30.5,119.0,-0.3,161.0
2024-01-23 08:00:00,30.5,119.0,-0.8,161.0
2024-01-23 09:00:00,30.5,119.0,-1.9,161.0
2024-01-23 10:00:00,30.5,119.0,-3.4,161.0
2024-01-23 11:00:00,30.5,119.0,-3.6,161.0
2024-01-23 12:00:00,30.5,119.0,-3.5,161.0
2024-01-23 13:00:00,30.5,119.0,-3.5,161.0
2024-01-23 14:00:00,30.5,119.0,-3.5,161.0
2024-01-23 15:00:00,30.5,119.0,-3.6,161.0
2024-01-23 16:00:00,30.5,119.0,-3.7,161.0
2024-01-23 17:00:00,30.5,119.0,-3.9,161.0
2024-01-23 18:00:00,30.5,119.0,-4.1,161.0
2024-01-23 19:00:00,30.5,119.0,-4.3,161.0
2024-01-23 20:00:00,30.5,119.0,-4.5,161.0
2024-01-23 21:00:00,30.5,119.0,-4.6,161.0
2024-01-23 22:00:00,30.5,119.0,-4.7,161.0
2024-01-23 23:00:00,30.5,119.0,-4.8,161.0
2024-01-24 00:00:00,30.5,119.0,-3.7,161.0
2024-01-24 01:00:00,30.5,119.0,-1.7,161.0
2024-01-24 02:00:00,30.5,119.0,0.2,161.0
2024-01-24 03:00:00,30.5,119.0,1.7,161.0
2024-01-24 04:00:00,30.5,119.0,2.4,161.0
2024-01-24 05:00:00,30.5,119.0,3.2,161.0
2024-01-24 06:00:00,30.5,119.0,3.4,161.0
2024-01-24 07:00:00,30.5,119.0,3.3,161.0
2024-01-24 08:00:00,30.5,119.0,2.7,161.0
2024-01-24 09:00:00,30.5,119.0,0.5,161.0
2024-01-24 10:00:00,30.5,119.0,-2.0,161.0
2024-01-24 11:00:00,30.5,119.0,-2.4,161.0
2024-01-24 12:00:00,30.5,119.0,-2.7,161.0
2024-01-24 13:00:00,30.5,119.0,-2.8,161.0
2024-01-24 14:00:00,30.5,119.0,-2.7,161.0
2024-01-24 15:00:00,30.5,119.0,-2.8,161.0
2024-01-24 16:00:00,30.5,119.0,-2.4,161.0
2024-01-24 17:00:00,30.5,119.0,-2.3,161.0
2024-01-24 18:00:00,30.5,119.0,-2.3,161.0
2024-01-24 19:00:00,30.5,119.0,-2.2,161.0
2024-01-24 20:00:00,30.5,119.0,-2.5,161.0
2024-01-24 21:00:00,30.5,119.0,-2.7,161.0
2024-01-24 22:00:00,30.5,119.0,-2.9,161.0
2024-01-24 23:00:00,30.5,119.0,-2.9,161.0
2024-01-22 00:00:00,30.5,119.25,-3.2,378.0
2024-01-22 01:00:00,30.5,119.25,-2.6,378.0
2024-01-22 02:00:00,30.5,119.25,-2.1,378.0
2024-01-22 03:00:00,30.5,119.25,-2.0,378.0
2024-01-22 04:00:00,30.5,119.25,-1.8,378.0
2024-01-22 05:00:00,30.5,119.25,-2.4,378.0
2024-01-22 06:00:00,30.5,119.25,-2.9,378.0
2024-01-22 07:00:00,30.5,119.25,-3.3,378.0
2024-01-22 08:00:00,30.5,119.25,-3.8,378.0
2024-01-22 09:00:00,30.5,119.25,-4.0,378.0
2024-01-22 10:00:00,30.5,119.25,-4.3,378.0
2024-01-22 11:00:00,30.5,119.25,-4.7,378.0
2024-01-22 12:00:00,30.5,119.25,-5.0,378.0
2024-01-22 13:00:00,30.5,119.25,-5.1,378.0
2024-01-22 14:00:00,30.5,119.25,-5.4,378.0
2024-01-22 15:00:00,30.5,119.25,-5.4,378.0
2024-01-22 16:00:00,30.5,119.25,-5.7,378.0
2024-01-22 17:00:00,30.5,119.25,-6.0,378.0
2024-01-22 18:00:00,30.5,119.25,-6.5,378.0
2024-01-22 19:00:00,30.5,119.25,-6.7,378.0
2024-01-22 20:00:00,30.5,119.25,-6.9,378.0
2024-01-22 21:00:00,30.5,119.25,-7.0,378.0
2024-01-22 22:00:00,30.5,119.25,-6.9,378.0
2024-01-22 23:00:00,30.5,119.25,-7.0,378.0
2024-01-23 00:00:00,30.5,119.25,-6.7,378.0
2024-01-23 01:00:00,30.5,119.25,-5.8,378.0
2024-01-23 02:00:00,30.5,119.25,-4.6,378.0
2024-01-23 03:00:00,30.5,119.25,-3.6,378.0
2024-01-23 04:00:00,30.5,119.25,-2.8,378.0
2024-01-23 05:00:00,30.5,119.25,-2.1,378.0
2024-01-23 06:00:00,30.5,119.25,-1.7,378.0
2024-01-23 07:00:00,30.5,119.25,-1.9,378.0
2024-01-23 08:00:00,30.5,119.25,-2.5,378.0
2024-01-23 09:00:00,30.5,119.25,-3.5,378.0
2024-01-23 10:00:00,30.5,119.25,-4.9,378.0
2024-01-23 11:00:00,30.5,119.25,-5.3,378.0
2024-01-23 12:00:00,30.5,119.25,-5.2,378.0
2024-01-23 13:00:00,30.5,119.25,-5.3,378.0
2024-01-23 14:00:00,30.5,119.25,-5.3,378.0
2024-01-23 15:00:00,30.5,119.25,-5.3,378.0
2024-01-23 16:00:00,30.5,119.25,-5.5,378.0
2024-01-23 17:00:00,30.5,119.25,-5.7,378.0
2024-01-23 18:00:00,30.5,119.25,-5.9,378.0
2024-01-23 19:00:00,30.5,119.25,-6.0,378.0
2024-01-23 20:00:00,30.5,119.25,-6.2,378.0
2024-01-23 21:00:00,30.5,119.25,-6.3,378.0
2024-01-23 22:00:00,30.5,119.25,-6.4,378.0
2024-01-23 23:00:00,30.5,119.25,-6.5,378.0
2024-01-24 00:00:00,30.5,119.25,-5.2,378.0
2024-01-24 01:00:00,30.5,119.25,-3.4,378.0
2024-01-24 02:00:00,30.5,119.25,-1.8,378.0
2024-01-24 03:00:00,30.5,119.25,-0.7,378.0
2024-01-24 04:00:00,30.5,119.25,0.6,378.0
2024-01-24 05:00:00,30.5,119.25,1.4,378.0
2024-01-24 06:00:00,30.5,119.25,1.7,378.0
2024-01-24 07:00:00,30.5,119.25,1.6,378.0
2024-01-24 08:00:00,30.5,119.25,1.0,378.0
2024-01-24 09:00:00,30.5,119.25,-0.9,378.0
2024-01-24 10:00:00,30.5,119.25,-3.1,378.0
2024-01-24 11:00:00,30.5,119.25,-3.6,378.0
2024-01-24 12:00:00,30.5,119.25,-3.8,378.0
2024-01-24 13:00:00,30.5,119.25,-3.9,378.0
2024-01-24 14:00:00,30.5,119.25,-4.0,378.0
2024-01-24 15:00:00,30.5,119.25,-4.0,378.0
2024-01-24 16:00:00,30.5,119.25,-4.0,378.0
2024-01-24 17:00:00,30.5,119.25,-3.7,378.0
2024-01-24 18:00:00,30.5,119.25,-3.5,378.0
2024-01-24 19:00:00,30.5,119.25,-3.4,378.0
2024-01-24 20:00:00,30.5,119.25,-3.5,378.0
2024-01-24 21:00:00,30.5,119.25,-3.6,378.0
2024-01-24 22:00:00,30.5,119.25,-4.0,378.0
2024-01-24 23:00:00,30.5,119.25,-4.1,378.0
2024-01-22 00:00:00,30.5,119.5,-4.7,562.0
2024-01-22 01:00:00,30.5,119.5,-4.0,562.0
2024-01-22 02:00:00,30.5,119.5,-3.4,562.0
2024-01-22 03:00:00,30.5,119.5,-3.2,562.0
2024-01-22 04:00:00,30.5,119.5,-2.9,562.0
2024-01-22 05:00:00,30.5,119.5,-3.4,562.0
2024-01-22 06:00:00,30.5,119.5,-4.0,562.0
2024-01-22 07:00:00,30.5,119.5,-4.4,562.0
2024-01-22 08:00:00,30.5,119.5,-5.1,562.0
2024-01-22 09:00:00,30.5,119.5,-5.5,562.0
2024-01-22 10:00:00,30.5,119.5,-6.0,562.0
2024-01-22 11:00:00,30.5,119.5,-6.0,562.0
2024-01-22 12:00:00,30.5,119.5,-6.3,562.0
2024-01-22 13:00:00,30.5,119.5,-6.4,562.0
2024-01-22 14:00:00,30.5,119.5,-6.6,562.0
2024-01-22 15:00:00,30.5,119.5,-6.7,562.0
2024-01-22 16:00:00,30.5,119.5,-6.8,562.0
2024-01-22 17:00:00,30.5,119.5,-7.3,562.0
2024-01-22 18:00:00,30.5,119.5,-7.8,562.0
2024-01-22 19:00:00,30.5,119.5,-8.0,562.0
2024-01-22 20:00:00,30.5,119.5,-8.2,562.0
2024-01-22 21:00:00,30.5,119.5,-8.4,562.0
2024-01-22 22:00:00,30.5,119.5,-8.5,562.0
2024-01-22 23:00:00,30.5,119.5,-8.5,562.0
2024-01-23 00:00:00,30.5,119.5,-8.0,562.0
2024-01-23 01:00:00,30.5,119.5,-6.9,562.0
2024-01-23 02:00:00,30.5,119.5,-5.5,562.0
2024-01-23 03:00:00,30.5,119.5,-4.4,562.0
2024-01-23 04:00:00,30.5,119.5,-3.5,562.0
2024-01-23 05:00:00,30.5,119.5,-2.9,562.0
2024-01-23 06:00:00,30.5,119.5,-2.6,562.0
2024-01-23 07:00:00,30.5,119.5,-2.9,562.0
2024-01-23 08:00:00,30.5,119.5,-3.6,562.0
2024-01-23 09:00:00,30.5,119.5,-4.8,562.0
2024-01-23 10:00:00,30.5,119.5,-6.1,562.0
2024-01-23 11:00:00,30.5,119.5,-6.5,562.0
2024-01-23 12:00:00,30.5,119.5,-6.3,562.0
2024-01-23 13:00:00,30.5,119.5,-6.4,562.0
2024-01-23 14:00:00,30.5,119.5,-6.4,562.0
2024-01-23 15:00:00,30.5,119.5,-6.6,562.0
2024-01-23 16:00:00,30.5,119.5,-6.7,562.0
2024-01-23 17:00:00,30.5,119.5,-6.9,562.0
2024-01-23 18:00:00,30.5,119.5,-7.1,562.0
2024-01-23 19:00:00,30.5,119.5,-7.2,562.0
2024-01-23 20:00:00,30.5,119.5,-7.3,562.0
2024-01-23 21:00:00,30.5,119.5,-7.4,562.0
2024-01-23 22:00:00,30.5,119.5,-7.5,562.0
2024-01-23 23:00:00,30.5,119.5,-7.5,562.0
2024-01-24 00:00:00,30.5,119.5,-6.0,562.0
2024-01-24 01:00:00,30.5,119.5,-4.0,562.0
2024-01-24 02:00:00,30.5,119.5,-2.4,562.0
2024-01-24 03:00:00,30.5,119.5,-1.0,562.0
2024-01-24 04:00:00,30.5,119.5,-0.1,562.0
2024-01-24 05:00:00,30.5,119.5,0.5,562.0
2024-01-24 06:00:00,30.5,119.5,0.9,562.0
2024-01-24 07:00:00,30.5,119.5,0.8,562.0
2024-01-24 08:00:00,30.5,119.5,0.1,562.0
2024-01-24 09:00:00,30.5,119.5,-2.0,562.0
2024-01-24 10:00:00,30.5,119.5,-4.5,562.0
2024-01-24 11:00:00,30.5,119.5,-4.9,562.0
2024-01-24 12:00:00,30.5,119.5,-5.0,562.0
2024-01-24 13:00:00,30.5,119.5,-5.0,562.0
2024-01-24 14:00:00,30.5,119.5,-5.0,562.0
2024-01-24 15:00:00,30.5,119.5,-5.0,562.0
2024-01-24 16:00:00,30.5,119.5,-5.1,562.0
2024-01-24 17:00:00,30.5,119.5,-4.6,562.0
2024-01-24 18:00:00,30.5,119.5,-4.6,562.0
2024-01-24 19:00:00,30.5,119.5,-4.3,562.0
2024-01-24 20:00:00,30.5,119.5,-4.4,562.0
2024-01-24 21:00:00,30.5,119.5,-4.4,562.0
2024-01-24 22:00:00,30.5,119.5,-4.7,562.0
2024-01-24 23:00:00,30.5,119.5,-4.9,562.0
2024-01-22 00:00:00,30.5,119.75,-2.0,157.0
2024-01-22 01:00:00,30.5,119.75,-1.6,157.0
2024-01-22 02:00:00,30.5,119.75,-1.0,157.0
2024-01-22 03:00:00,30.5,119.75,-0.3,157.0
2024-01-22 04:00:00,30.5,119.75,-0.3,157.0
2024-01-22 05:00:00,30.5,119.75,-0.5,157.0
2024-01-22 06:00:00,30.5,119.75,-0.7,157.0
2024-01-22 07:00:00,30.5,119.75,-1.0,157.0
2024-01-22 08:00:00,30.5,119.75,-1.9,157.0
2024-01-22 09:00:00,30.5,119.75,-2.5,157.0
2024-01-22 10:00:00,30.5,119.75,-3.0,157.0
2024-01-22 11:00:00,30.5,119.75,-3.0,157.0
2024-01-22 12:00:00,30.5,119.75,-3.2,157.0
2024-01-22 13:00:00,30.5,119.75,-3.3,157.0
2024-01-22 14:00:00,30.5,119.75,-3.7,157.0
2024-01-22 15:00:00,30.5,119.75,-3.7,157.0
2024-01-22 16:00:00,30.5,119.75,-3.9,157.0
2024-01-22 17:00:00,30.5,119.75,-4.3,157.0
2024-01-22 18:00:00,30.5,119.75,-5.0,157.0
2024-01-22 19:00:00,30.5,119.75,-5.2,157.0
2024-01-22 20:00:00,30.5,119.75,-5.4,157.0
2024-01-22 21:00:00,30.5,119.75,-5.6,157.0
2024-01-22 22:00:00,30.5,119.75,-5.7,157.0
2024-01-22 23:00:00,30.5,119.75,-5.8,157.0
2024-01-23 00:00:00,30.5,119.75,-5.3,157.0
2024-01-23 01:00:00,30.5,119.75,-4.4,157.0
2024-01-23 02:00:00,30.5,119.75,-3.0,157.0
2024-01-23 03:00:00,30.5,119.75,-1.8,157.0
2024-01-23 04:00:00,30.5,119.75,-0.8,157.0
2024-01-23 05:00:00,30.5,119.75,-0.2,157.0
2024-01-23 06:00:00,30.5,119.75,-0.1,157.0
2024-01-23 07:00:00,30.5,119.75,-0.3,157.0
2024-01-23 08:00:00,30.5,119.75,-0.8,157.0
2024-01-23 09:00:00,30.5,119.75,-2.1,157.0
2024-01-23 10:00:00,30.5,119.75,-3.3,157.0
2024-01-23 11:00:00,30.5,119.75,-3.7,157.0
2024-01-23 12:00:00,30.5,119.75,-3.6,157.0
2024-01-23 13:00:00,30.5,119.75,-3.6,157.0
2024-01-23 14:00:00,30.5,119.75,-3.5,157.0
2024-01-23 15:00:00,30.5,119.75,-3.6,157.0
2024-01-23 16:00:00,30.5,119.75,-3.8,157.0
2024-01-23 17:00:00,30.5,119.75,-4.0,157.0
2024-01-23 18:00:00,30.5,119.75,-4.1,157.0
2024-01-23 19:00:00,30.5,119.75,-4.3,157.0
2024-01-23 20:00:00,30.5,119.75,-4.5,157.0
2024-01-23 21:00:00,30.5,119.75,-4.7,157.0
2024-01-23 22:00:00,30.5,119.75,-4.8,157.0
2024-01-23 23:00:00,30.5,119.75,-4.9,157.0
2024-01-24 00:00:00,30.5,119.75,-3.7,157.0
2024-01-24 01:00:00,30.5,119.75,-1.8,157.0
2024-01-24 02:00:00,30.5,119.75,-0.2,157.0
2024-01-24 03:00:00,30.5,119.75,1.1,157.0
2024-01-24 04:00:00,30.5,119.75,2.2,157.0
2024-01-24 05:00:00,30.5,119.75,2.9,157.0
2024-01-24 06:00:00,30.5,119.75,3.2,157.0
2024-01-24 07:00:00,30.5,119.75,3.1,157.0
2024-01-24 08:00:00,30.5,119.75,2.4,157.0
2024-01-24 09:00:00,30.5,119.75,0.3,157.0
2024-01-24 10:00:00,30.5,119.75,-2.0,157.0
2024-01-24 11:00:00,30.5,119.75,-2.6,157.0
2024-01-24 12:00:00,30.5,119.75,-2.8,157.0
2024-01-24 13:00:00,30.5,119.75,-2.9,157.0
2024-01-24 14:00:00,30.5,119.75,-3.0,157.0
2024-01-24 15:00:00,30.5,119.75,-2.9,157.0
2024-01-24 16:00:00,30.5,119.75,-3.0,157.0
2024-01-24 17:00:00,30.5,119.75,-2.9,157.0
2024-01-24 18:00:00,30.5,119.75,-2.5,157.0
2024-01-24 19:00:00,30.5,119.75,-2.4,157.0
2024-01-24 20:00:00,30.5,119.75,-2.2,157.0
2024-01-24 21:00:00,30.5,119.75,-2.3,157.0
2024-01-24 22:00:00,30.5,119.75,-2.4,157.0
2024-01-24 23:00:00,30.5,119.75,-2.9,157.0
2024-01-22 00:00:00,30.5,120.0,-0.5,2.0
2024-01-22 01:00:00,30.5,120.0,-0.3,2.0
2024-01-22 02:00:00,30.5,120.0,0.1,2.0
2024-01-22 03:00:00,30.5,120.0,0.4,2.0
2024-01-22 04:00:00,30.5,120.0,0.6,2.0
2024-01-22 05:00:00,30.5,120.0,0.8,2.0
2024-01-22 06:00:00,30.5,120.0,0.5,2.0
2024-01-22 07:00:00,30.5,120.0,0.5,2.0
2024-01-22 08:00:00,30.5,120.0,-0.2,2.0
2024-01-22 09:00:00,30.5,120.0,-1.1,2.0
2024-01-22 10:00:00,30.5,120.0,-1.7,2.0
2024-01-22 11:00:00,30.5,120.0,-1.8,2.0
2024-01-22 12:00:00,30.5,120.0,-2.0,2.0
2024-01-22 13:00:00,30.5,120.0,-2.2,2.0
2024-01-22 14:00:00,30.5,120.0,-2.5,2.0
2024-01-22 15:00:00,30.5,120.0,-2.5,2.0
2024-01-22 16:00:00,30.5,120.0,-2.5,2.0
2024-01-22 17:00:00,30.5,120.0,-2.9,2.0
2024-01-22 18:00:00,30.5,120.0,-3.4,2.0
2024-01-22 19:00:00,30.5,120.0,-3.6,2.0
2024-01-22 20:00:00,30.5,120.0,-3.8,2.0
2024-01-22 21:00:00,30.5,120.0,-4.1,2.0
2024-01-22 22:00:00,30.5,120.0,-4.3,2.0
2024-01-22 23:00:00,30.5,120.0,-4.4,2.0
2024-01-23 00:00:00,30.5,120.0,-4.0,2.0
2024-01-23 01:00:00,30.5,120.0,-3.0,2.0
2024-01-23 02:00:00,30.5,120.0,-2.0,2.0
2024-01-23 03:00:00,30.5,120.0,-0.9,2.0
2024-01-23 04:00:00,30.5,120.0,0.0,2.0
2024-01-23 05:00:00,30.5,120.0,0.6,2.0
2024-01-23 06:00:00,30.5,120.0,1.0,2.0
2024-01-23 07:00:00,30.5,120.0,0.9,2.0
2024-01-23 08:00:00,30.5,120.0,0.4,2.0
2024-01-23 09:00:00,30.5,120.0,-0.8,2.0
2024-01-23 10:00:00,30.5,120.0,-1.9,2.0
2024-01-23 11:00:00,30.5,120.0,-2.3,2.0
2024-01-23 12:00:00,30.5,120.0,-2.2,2.0
2024-01-23 13:00:00,30.5,120.0,-2.3,2.0
2024-01-23 14:00:00,30.5,120.0,-2.5,2.0
2024-01-23 15:00:00,30.5,120.0,-2.5,2.0
2024-01-23 16:00:00,30.5,120.0,-2.5,2.0
2024-01-23 17:00:00,30.5,120.0,-2.5,2.0
2024-01-23 18:00:00,30.5,120.0,-2.8,2.0
2024-01-23 19:00:00,30.5,120.0,-2.9,2.0
2024-01-23 20:00:00,30.5,120.0,-3.0,2.0
2024-01-23 21:00:00,30.5,120.0,-3.1,2.0
2024-01-23 22:00:00,30.5,120.0,-3.3,2.0
2024-01-23 23:00:00,30.5,120.0,-3.5,2.0
2024-01-24 00:00:00,30.5,120.0,-2.3,2.0
2024-01-24 01:00:00,30.5,120.0,-0.7,2.0
2024-01-24 02:00:00,30.5,120.0,0.8,2.0
2024-01-24 03:00:00,30.5,120.0,2.0,2.0
2024-01-24 04:00:00,30.5,120.0,3.1,2.0
2024-01-24 05:00:00,30.5,120.0,3.7,2.0
2024-01-24 06:00:00,30.5,120.0,4.1,2.0
2024-01-24 07:00:00,30.5,120.0,4.0,2.0
2024-01-24 08:00:00,30.5,120.0,3.5,2.0
2024-01-24 09:00:00,30.5,120.0,1.5,2.0
2024-01-24 10:00:00,30.5,120.0,-0.6,2.0
2024-01-24 11:00:00,30.5,120.0,-1.2,2.0
2024-01-24 12:00:00,30.5,120.0,-1.5,2.0
2024-01-24 13:00:00,30.5,120.0,-1.6,2.0
2024-01-24 14:00:00,30.5,120.0,-1.7,2.0
2024-01-24 15:00:00,30.5,120.0,-1.7,2.0
2024-01-24 16:00:00,30.5,120.0,-1.7,2.0
2024-01-24 17:00:00,30.5,120.0,-1.7,2.0
2024-01-24 18:00:00,30.5,120.0,-1.4,2.0
2024-01-24 19:00:00,30.5,120.0,-1.3,2.0
2024-01-24 20:00:00,30.5,120.0,-1.1,2.0
2024-01-24 21:00:00,30.5,120.0,-1.1,2.0
2024-01-24 22:00:00,30.5,120.0,-1.1,2.0
2024-01-24 23:00:00,30.5,120.0,-1.6,2.0
2024-01-22 00:00:00,30.5,120.25,-0.1,1.0
2024-01-22 01:00:00,30.5,120.25,-0.0,1.0
2024-01-22 02:00:00,30.5,120.25,0.5,1.0
2024-01-22 03:00:00,30.5,120.25,0.4,1.0
2024-01-22 04:00:00,30.5,120.25,0.4,1.0
2024-01-22 05:00:00,30.5,120.25,0.5,1.0
2024-01-22 06:00:00,30.5,120.25,-0.0,1.0
2024-01-22 07:00:00,30.5,120.25,-0.2,1.0
2024-01-22 08:00:00,30.5,120.25,-0.6,1.0
2024-01-22 09:00:00,30.5,120.25,-1.0,1.0
2024-01-22 10:00:00,30.5,120.25,-1.4,1.0
2024-01-22 11:00:00,30.5,120.25,-1.5,1.0
2024-01-22 12:00:00,30.5,120.25,-1.6,1.0
2024-01-22 13:00:00,30.5,120.25,-1.8,1.0
2024-01-22 14:00:00,30.5,120.25,-2.0,1.0
2024-01-22 15:00:00,30.5,120.25,-2.2,1.0
2024-01-22 16:00:00,30.5,120.25,-2.4,1.0
2024-01-22 17:00:00,30.5,120.25,-2.8,1.0
2024-01-22 18:00:00,30.5,120.25,-3.5,1.0
2024-01-22 19:00:00,30.5,120.25,-3.6,1.0
2024-01-22 20:00:00,30.5,120.25,-3.7,1.0
2024-01-22 21:00:00,30.5,120.25,-3.8,1.0
2024-01-22 22:00:00,30.5,120.25,-4.0,1.0
2024-01-22 23:00:00,30.5,120.25,-4.3,1.0
2024-01-23 00:00:00,30.5,120.25,-4.2,1.0
2024-01-23 01:00:00,30.5,120.25,-3.3,1.0
2024-01-23 02:00:00,30.5,120.25,-2.2,1.0
2024-01-23 03:00:00,30.5,120.25,-1.2,1.0
2024-01-23 04:00:00,30.5,120.25,-0.4,1.0
2024-01-23 05:00:00,30.5,120.25,0.2,1.0
2024-01-23 06:00:00,30.5,120.25,0.6,1.0
2024-01-23 07:00:00,30.5,120.25,0.8,1.0
2024-01-23 08:00:00,30.5,120.25,0.4,1.0
2024-01-23 09:00:00,30.5,120.25,-0.6,1.0
2024-01-23 10:00:00,30.5,120.25,-1.8,1.0
2024-01-23 11:00:00,30.5,120.25,-2.2,1.0
2024-01-23 12:00:00,30.5,120.25,-2.3,1.0
2024-01-23 13:00:00,30.5,120.25,-2.4,1.0
2024-01-23 14:00:00,30.5,120.25,-2.5,1.0
2024-01-23 15:00:00,30.5,120.25,-2.6,1.0
2024-01-23 16:00:00,30.5,120.25,-2.7,1.0
2024-01-23 17:00:00,30.5,120.25,-2.7,1.0
2024-01-23 18:00:00,30.5,120.25,-2.7,1.0
2024-01-23 19:00:00,30.5,120.25,-2.6,1.0
2024-01-23 20:00:00,30.5,120.25,-2.6,1.0
2024-01-23 21:00:00,30.5,120.25,-2.8,1.0
2024-01-23 22:00:00,30.5,120.25,-2.9,1.0
2024-01-23 23:00:00,30.5,120.25,-3.1,1.0
2024-01-24 00:00:00,30.5,120.25,-2.2,1.0
2024-01-24 01:00:00,30.5,120.25,-0.7,1.0
2024-01-24 02:00:00,30.5,120.25,0.6,1.0
2024-01-24 03:00:00,30.5,120.25,1.6,1.0
2024-01-24 04:00:00,30.5,120.25,2.5,1.0
2024-01-24 05:00:00,30.5,120.25,3.2,1.0
2024-01-24 06:00:00,30.5,120.25,3.8,1.0
2024-01-24 07:00:00,30.5,120.25,4.0,1.0
2024-01-24 08:00:00,30.5,120.25,3.8,1.0
2024-01-24 09:00:00,30.5,120.25,2.4,1.0
2024-01-24 10:00:00,30.5,120.25,0.5,1.0
2024-01-24 11:00:00,30.5,120.25,-0.3,1.0
2024-01-24 12:00:00,30.5,120.25,-0.6,1.0
2024-01-24 13:00:00,30.5,120.25,-0.8,1.0
2024-01-24 14:00:00,30.5,120.25,-0.9,1.0
2024-01-24 15:00:00,30.5,120.25,-1.0,1.0
2024-01-24 16:00:00,30.5,120.25,-0.9,1.0
2024-01-24 17:00:00,30.5,120.25,-1.0,1.0
2024-01-24 18:00:00,30.5,120.25,-0.7,1.0
2024-01-24 19:00:00,30.5,120.25,-0.7,1.0
2024-01-24 20:00:00,30.5,120.25,-0.7,1.0
2024-01-24 21:00:00,30.5,120.25,-0.6,1.0
2024-01-24 22:00:00,30.5,120.25,-0.6,1.0
2024-01-24 23:00:00,30.5,120.25,-1.1,1.0
2024-01-22 00:00:00,30.5,120.5,0.0,3.0
2024-01-22 01:00:00,30.5,120.5,0.1,3.0
2024-01-22 02:00:00,30.5,120.5,0.4,3.0
2024-01-22 03:00:00,30.5,120.5,0.6,3.0
2024-01-22 04:00:00,30.5,120.5,0.3,3.0
2024-01-22 05:00:00,30.5,120.5,0.5,3.0
2024-01-22 06:00:00,30.5,120.5,-0.0,3.0
2024-01-22 07:00:00,30.5,120.5,-0.3,3.0
2024-01-22 08:00:00,30.5,120.5,-0.5,3.0
2024-01-22 09:00:00,30.5,120.5,-0.9,3.0
2024-01-22 10:00:00,30.5,120.5,-1.3,3.0
2024-01-22 11:00:00,30.5,120.5,-1.3,3.0
2024-01-22 12:00:00,30.5,120.5,-1.2,3.0
2024-01-22 13:00:00,30.5,120.5,-1.1,3.0
2024-01-22 14:00:00,30.5,120.5,-1.2,3.0
2024-01-22 15:00:00,30.5,120.5,-1.5,3.0
2024-01-22 16:00:00,30.5,120.5,-1.7,3.0
2024-01-22 17:00:00,30.5,120.5,-2.1,3.0
2024-01-22 18:00:00,30.5,120.5,-2.7,3.0
2024-01-22 19:00:00,30.5,120.5,-3.0,3.0
2024-01-22 20:00:00,30.5,120.5,-3.4,3.0
2024-01-22 21:00:00,30.5,120.5,-3.6,3.0
2024-01-22 22:00:00,30.5,120.5,-3.9,3.0
2024-01-22 23:00:00,30.5,120.5,-4.1,3.0
2024-01-23 00:00:00,30.5,120.5,-4.1,3.0
2024-01-23 01:00:00,30.5,120.5,-3.3,3.0
2024-01-23 02:00:00,30.5,120.5,-2.2,3.0
2024-01-23 03:00:00,30.5,120.5,-1.3,3.0
2024-01-23 04:00:00,30.5,120.5,-0.6,3.0
2024-01-23 05:00:00,30.5,120.5,-0.0,3.0
2024-01-23 06:00:00,30.5,120.5,0.3,3.0
2024-01-23 07:00:00,30.5,120.5,0.4,3.0
2024-01-23 08:00:00,30.5,120.5,0.2,3.0
2024-01-23 09:00:00,30.5,120.5,-0.6,3.0
2024-01-23 10:00:00,30.5,120.5,-1.7,3.0
2024-01-23 11:00:00,30.5,120.5,-2.1,3.0
2024-01-23 12:00:00,30.5,120.5,-2.1,3.0
2024-01-23 13:00:00,30.5,120.5,-2.3,3.0
2024-01-23 14:00:00,30.5,120.5,-2.4,3.0
2024-01-23 15:00:00,30.5,120.5,-2.5,3.0
2024-01-23 16:00:00,30.5,120.5,-2.6,3.0
2024-01-23 17:00:00,30.5,120.5,-2.6,3.0
2024-01-23 18:00:00,30.5,120.5,-2.7,3.0
2024-01-23 19:00:00,30.5,120.5,-2.6,3.0
2024-01-23 20:00:00,30.5,120.5,-2.7,3.0
2024-01-23 21:00:00,30.5,120.5,-2.7,3.0
2024-01-23 22:00:00,30.5,120.5,-2.8,3.0
2024-01-23 23:00:00,30.5,120.5,-3.0,3.0
2024-01-24 00:00:00,30.5,120.5,-2.2,3.0
2024-01-24 01:00:00,30.5,120.5,-0.8,3.0
2024-01-24 02:00:00,30.5,120.5,0.5,3.0
2024-01-24 03:00:00,30.5,120.5,1.5,3.0
2024-01-24 04:00:00,30.5,120.5,2.4,3.0
2024-01-24 05:00:00,30.5,120.5,3.2,3.0
2024-01-24 06:00:00,30.5,120.5,3.7,3.0
2024-01-24 07:00:00,30.5,120.5,3.7,3.0
2024-01-24 08:00:00,30.5,120.5,3.2,3.0
2024-01-24 09:00:00,30.5,120.5,1.7,3.0
2024-01-24 10:00:00,30.5,120.5,-0.1,3.0
2024-01-24 11:00:00,30.5,120.5,-0.5,3.0
2024-01-24 12:00:00,30.5,120.5,-0.7,3.0
2024-01-24 13:00:00,30.5,120.5,-0.8,3.0
2024-01-24 14:00:00,30.5,120.5,-0.9,3.0
2024-01-24 15:00:00,30.5,120.5,-0.9,3.0
2024-01-24 16:00:00,30.5,120.5,-0.9,3.0
2024-01-24 17:00:00,30.5,120.5,-0.9,3.0
2024-01-24 18:00:00,30.5,120.5,-0.7,3.0
2024-01-24 19:00:00,30.5,120.5,-0.7,3.0
2024-01-24 20:00:00,30.5,120.5,-0.6,3.0
2024-01-24 21:00:00,30.5,120.5,-0.5,3.0
2024-01-24 22:00:00,30.5,120.5,-0.5,3.0
2024-01-24 23:00:00,30.5,120.5,-1.1,3.0
2024-01-22 00:00:00,30.5,120.75,-0.5,1.0
2024-01-22 01:00:00,30.5,120.75,-0.2,1.0
2024-01-22 02:00:00,30.5,120.75,0.2,1.0
2024-01-22 03:00:00,30.5,120.75,0.8,1.0
2024-01-22 04:00:00,30.5,120.75,0.7,1.0
2024-01-22 05:00:00,30.5,120.75,0.6,1.0
2024-01-22 06:00:00,30.5,120.75,0.2,1.0
2024-01-22 07:00:00,30.5,120.75,-0.1,1.0
2024-01-22 08:00:00,30.5,120.75,-0.2,1.0
2024-01-22 09:00:00,30.5,120.75,-0.6,1.0
2024-01-22 10:00:00,30.5,120.75,-0.9,1.0
2024-01-22 11:00:00,30.5,120.75,-1.1,1.0
2024-01-22 12:00:00,30.5,120.75,-1.3,1.0
2024-01-22 13:00:00,30.5,120.75,-1.5,1.0
2024-01-22 14:00:00,30.5,120.75,-1.7,1.0
2024-01-22 15:00:00,30.5,120.75,-1.9,1.0
2024-01-22 16:00:00,30.5,120.75,-1.9,1.0
2024-01-22 17:00:00,30.5,120.75,-2.1,1.0
2024-01-22 18:00:00,30.5,120.75,-2.5,1.0
2024-01-22 19:00:00,30.5,120.75,-2.7,1.0
2024-01-22 20:00:00,30.5,120.75,-2.9,1.0
2024-01-22 21:00:00,30.5,120.75,-3.1,1.0
2024-01-22 22:00:00,30.5,120.75,-3.3,1.0
2024-01-22 23:00:00,30.5,120.75,-3.5,1.0
2024-01-23 00:00:00,30.5,120.75,-3.3,1.0
2024-01-23 01:00:00,30.5,120.75,-2.5,1.0
2024-01-23 02:00:00,30.5,120.75,-1.7,1.0
2024-01-23 03:00:00,30.5,120.75,-1.1,1.0
2024-01-23 04:00:00,30.5,120.75,-0.8,1.0
2024-01-23 05:00:00,30.5,120.75,-0.4,1.0
2024-01-23 06:00:00,30.5,120.75,-0.1,1.0
2024-01-23 07:00:00,30.5,120.75,-0.1,1.0
2024-01-23 08:00:00,30.5,120.75,-0.4,1.0
2024-01-23 09:00:00,30.5,120.75,-0.9,1.0
2024-01-23 10:00:00,30.5,120.75,-1.6,1.0
2024-01-23 11:00:00,30.5,120.75,-1.9,1.0
2024-01-23 12:00:00,30.5,120.75,-2.1,1.0
2024-01-23 13:00:00,30.5,120.75,-2.2,1.0
2024-01-23 14:00:00,30.5,120.75,-2.4,1.0
2024-01-23 15:00:00,30.5,120.75,-2.7,1.0
2024-01-23 16:00:00,30.5,120.75,-2.9,1.0
2024-01-23 17:00:00,30.5,120.75,-2.8,1.0
2024-01-23 18:00:00,30.5,120.75,-2.9,1.0
2024-01-23 19:00:00,30.5,120.75,-3.0,1.0
2024-01-23 20:00:00,30.5,120.75,-3.1,1.0
2024-01-23 21:00:00,30.5,120.75,-3.2,1.0
2024-01-23 22:00:00,30.5,120.75,-3.3,1.0
2024-01-23 23:00:00,30.5,120.75,-3.3,1.0
2024-01-24 00:00:00,30.5,120.75,-2.3,1.0
2024-01-24 01:00:00,30.5,120.75,-0.7,1.0
2024-01-24 02:00:00,30.5,120.75,0.6,1.0
2024-01-24 03:00:00,30.5,120.75,1.7,1.0
2024-01-24 04:00:00,30.5,120.75,2.6,1.0
2024-01-24 05:00:00,30.5,120.75,3.2,1.0
2024-01-24 06:00:00,30.5,120.75,3.4,1.0
2024-01-24 07:00:00,30.5,120.75,3.1,1.0
2024-01-24 08:00:00,30.5,120.75,2.6,1.0
2024-01-24 09:00:00,30.5,120.75,1.3,1.0
2024-01-24 10:00:00,30.5,120.75,-0.4,1.0
2024-01-24 11:00:00,30.5,120.75,-0.7,1.0
2024-01-24 12:00:00,30.5,120.75,-0.8,1.0
2024-01-24 13:00:00,30.5,120.75,-1.0,1.0
2024-01-24 14:00:00,30.5,120.75,-1.2,1.0
2024-01-24 15:00:00,30.5,120.75,-1.3,1.0
2024-01-24 16:00:00,30.5,120.75,-1.2,1.0
2024-01-24 17:00:00,30.5,120.75,-1.1,1.0
2024-01-24 18:00:00,30.5,120.75,-1.1,1.0
2024-01-24 19:00:00,30.5,120.75,-0.9,1.0
2024-01-24 20:00:00,30.5,120.75,-0.8,1.0
2024-01-24 21:00:00,30.5,120.75,-0.7,1.0
2024-01-24 22:00:00,30.5,120.75,-0.8,1.0
2024-01-24 23:00:00,30.5,120.75,-1.1,1.0
2024-01-22 00:00:00,30.5,121.0,-0.5,0.0
2024-01-22 01:00:00,30.5,121.0,-0.4,0.0
2024-01-22 02:00:00,30.5,121.0,0.0,0.0
2024-01-22 03:00:00,30.5,121.0,0.7,0.0
2024-01-22 04:00:00,30.5,121.0,0.7,0.0
2024-01-22 05:00:00,30.5,121.0,0.9,0.0
2024-01-22 06:00:00,30.5,121.0,0.6,0.0
2024-01-22 07:00:00,30.5,121.0,0.4,0.0
2024-01-22 08:00:00,30.5,121.0,0.2,0.0
2024-01-22 09:00:00,30.5,121.0,-0.4,0.0
2024-01-22 10:00:00,30.5,121.0,-1.0,0.0
2024-01-22 11:00:00,30.5,121.0,-1.2,0.0
2024-01-22 12:00:00,30.5,121.0,-1.3,0.0
2024-01-22 13:00:00,30.5,121.0,-1.5,0.0
2024-01-22 14:00:00,30.5,121.0,-1.7,0.0
2024-01-22 15:00:00,30.5,121.0,-1.8,0.0
2024-01-22 16:00:00,30.5,121.0,-1.9,0.0
2024-01-22 17:00:00,30.5,121.0,-2.2,0.0
2024-01-22 18:00:00,30.5,121.0,-2.8,0.0
2024-01-22 19:00:00,30.5,121.0,-3.1,0.0
2024-01-22 20:00:00,30.5,121.0,-3.5,0.0
2024-01-22 21:00:00,30.5,121.0,-3.9,0.0
2024-01-22 22:00:00,30.5,121.0,-4.1,0.0
2024-01-22 23:00:00,30.5,121.0,-4.4,0.0
2024-01-23 00:00:00,30.5,121.0,-4.1,0.0
2024-01-23 01:00:00,30.5,121.0,-3.1,0.0
2024-01-23 02:00:00,30.5,121.0,-2.1,0.0
2024-01-23 03:00:00,30.5,121.0,-1.1,0.0
2024-01-23 04:00:00,30.5,121.0,-0.4,0.0
2024-01-23 05:00:00,30.5,121.0,-0.1,0.0
2024-01-23 06:00:00,30.5,121.0,0.1,0.0
2024-01-23 07:00:00,30.5,121.0,0.2,0.0
2024-01-23 08:00:00,30.5,121.0,-0.1,0.0
2024-01-23 09:00:00,30.5,121.0,-0.9,0.0
2024-01-23 10:00:00,30.5,121.0,-1.8,0.0
2024-01-23 11:00:00,30.5,121.0,-2.4,0.0
2024-01-23 12:00:00,30.5,121.0,-2.5,0.0
2024-01-23 13:00:00,30.5,121.0,-2.5,0.0
2024-01-23 14:00:00,30.5,121.0,-2.6,0.0
2024-01-23 15:00:00,30.5,121.0,-2.7,0.0
2024-01-23 16:00:00,30.5,121.0,-2.8,0.0
2024-01-23 17:00:00,30.5,121.0,-2.8,0.0
2024-01-23 18:00:00,30.5,121.0,-2.7,0.0
2024-01-23 19:00:00,30.5,121.0,-2.5,0.0
2024-01-23 20:00:00,30.5,121.0,-2.6,0.0
2024-01-23 21:00:00,30.5,121.0,-2.6,0.0
2024-01-23 22:00:00,30.5,121.0,-2.9,0.0
2024-01-23 23:00:00,30.5,121.0,-3.2,0.0
2024-01-24 00:00:00,30.5,121.0,-2.1,0.0
2024-01-24 01:00:00,30.5,121.0,-0.2,0.0
2024-01-24 02:00:00,30.5,121.0,1.3,0.0
2024-01-24 03:00:00,30.5,121.0,2.2,0.0
2024-01-24 04:00:00,30.5,121.0,2.9,0.0
2024-01-24 05:00:00,30.5,121.0,3.1,0.0
2024-01-24 06:00:00,30.5,121.0,3.2,0.0
2024-01-24 07:00:00,30.5,121.0,3.3,0.0
2024-01-24 08:00:00,30.5,121.0,3.0,0.0
2024-01-24 09:00:00,30.5,121.0,1.6,0.0
2024-01-24 10:00:00,30.5,121.0,-0.3,0.0
2024-01-24 11:00:00,30.5,121.0,-0.6,0.0
2024-01-24 12:00:00,30.5,121.0,-0.7,0.0
2024-01-24 13:00:00,30.5,121.0,-0.8,0.0
2024-01-24 14:00:00,30.5,121.0,-0.8,0.0
2024-01-24 15:00:00,30.5,121.0,-0.8,0.0
2024-01-24 16:00:00,30.5,121.0,-1.0,0.0
2024-01-24 17:00:00,30.5,121.0,-1.1,0.0
2024-01-24 18:00:00,30.5,121.0,-0.9,0.0
2024-01-24 19:00:00,30.5,121.0,-0.8,0.0
2024-01-24 20:00:00,30.5,121.0,-0.7,0.0
2024-01-24 21:00:00,30.5,121.0,-0.7,0.0
2024-01-24 22:00:00,30.5,121.0,-0.6,0.0
2024-01-24 23:00:00,30.5,121.0,-0.9,0.0
2024-01-22 00:00:00,30.5,121.25,0.9,0.0
2024-01-22 01:00:00,30.5,121.25,0.8,0.0
2024-01-22 02:00:00,30.5,121.25,0.8,0.0
2024-01-22 03:00:00,30.5,121.25,0.9,0.0
2024-01-22 04:00:00,30.5,121.25,0.8,0.0
2024-01-22 05:00:00,30.5,121.25,1.0,0.0
2024-01-22 06:00:00,30.5,121.25,1.1,0.0
2024-01-22 07:00:00,30.5,121.25,1.0,0.0
2024-01-22 08:00:00,30.5,121.25,1.1,0.0
2024-01-22 09:00:00,30.5,121.25,0.7,0.0
2024-01-22 10:00:00,30.5,121.25,0.4,0.0
2024-01-22 11:00:00,30.5,121.25,0.3,0.0
2024-01-22 12:00:00,30.5,121.25,0.1,0.0
2024-01-22 13:00:00,30.5,121.25,-0.1,0.0
2024-01-22 14:00:00,30.5,121.25,-0.4,0.0
2024-01-22 15:00:00,30.5,121.25,-0.7,0.0
2024-01-22 16:00:00,30.5,121.25,-1.0,0.0
2024-01-22 17:00:00,30.5,121.25,-1.0,0.0
2024-01-22 18:00:00,30.5,121.25,-1.3,0.0
2024-01-22 19:00:00,30.5,121.25,-1.6,0.0
2024-01-22 20:00:00,30.5,121.25,-1.9,0.0
2024-01-22 21:00:00,30.5,121.25,-2.2,0.0
2024-01-22 22:00:00,30.5,121.25,-2.4,0.0
2024-01-22 23:00:00,30.5,121.25,-2.5,0.0
2024-01-23 00:00:00,30.5,121.25,-2.6,0.0
2024-01-23 01:00:00,30.5,121.25,-2.6,0.0
2024-01-23 02:00:00,30.5,121.25,-2.2,0.0
2024-01-23 03:00:00,30.5,121.25,-1.6,0.0
2024-01-23 04:00:00,30.5,121.25,-1.0,0.0
2024-01-23 05:00:00,30.5,121.25,-0.4,0.0
2024-01-23 06:00:00,30.5,121.25,0.2,0.0
2024-01-23 07:00:00,30.5,121.25,0.5,0.0
2024-01-23 08:00:00,30.5,121.25,0.6,0.0
2024-01-23 09:00:00,30.5,121.25,0.5,0.0
2024-01-23 10:00:00,30.5,121.25,0.3,0.0
2024-01-23 11:00:00,30.5,121.25,-0.1,0.0
2024-01-23 12:00:00,30.5,121.25,-0.2,0.0
2024-01-23 13:00:00,30.5,121.25,-0.2,0.0
2024-01-23 14:00:00,30.5,121.25,-0.3,0.0
2024-01-23 15:00:00,30.5,121.25,-0.3,0.0
2024-01-23 16:00:00,30.5,121.25,-0.4,0.0
2024-01-23 17:00:00,30.5,121.25,-0.3,0.0
2024-01-23 18:00:00,30.5,121.25,-0.3,0.0
2024-01-23 19:00:00,30.5,121.25,-0.2,0.0
2024-01-23 20:00:00,30.5,121.25,-0.2,0.0
2024-01-23 21:00:00,30.5,121.25,-0.2,0.0
2024-01-23 22:00:00,30.5,121.25,-0.2,0.0
2024-01-23 23:00:00,30.5,121.25,-0.2,0.0
2024-01-24 00:00:00,30.5,121.25,-0.3,0.0
2024-01-24 01:00:00,30.5,121.25,-0.1,0.0
2024-01-24 02:00:00,30.5,121.25,0.6,0.0
2024-01-24 03:00:00,30.5,121.25,1.4,0.0
2024-01-24 04:00:00,30.5,121.25,2.1,0.0
2024-01-24 05:00:00,30.5,121.25,2.7,0.0
2024-01-24 06:00:00,30.5,121.25,3.2,0.0
2024-01-24 07:00:00,30.5,121.25,3.5,0.0
2024-01-24 08:00:00,30.5,121.25,3.7,0.0
2024-01-24 09:00:00,30.5,121.25,3.7,0.0
2024-01-24 10:00:00,30.5,121.25,3.5,0.0
2024-01-24 11:00:00,30.5,121.25,3.0,0.0
2024-01-24 12:00:00,30.5,121.25,2.7,0.0
2024-01-24 13:00:00,30.5,121.25,2.7,0.0
2024-01-24 14:00:00,30.5,121.25,2.6,0.0
2024-01-24 15:00:00,30.5,121.25,2.6,0.0
2024-01-24 16:00:00,30.5,121.25,2.5,0.0
2024-01-24 17:00:00,30.5,121.25,2.4,0.0
2024-01-24 18:00:00,30.5,121.25,2.3,0.0
2024-01-24 19:00:00,30.5,121.25,2.2,0.0
2024-01-24 20:00:00,30.5,121.25,2.1,0.0
2024-01-24 21:00:00,30.5,121.25,2.1,0.0
2024-01-24 22:00:00,30.5,121.25,2.1,0.0
2024-01-24 23:00:00,30.5,121.25,2.0,0.0
2024-01-22 00:00:00,30.5,121.5,1.4,0.0
2024-01-22 01:00:00,30.5,121.5,1.3,0.0
2024-01-22 02:00:00,30.5,121.5,1.4,0.0
2024-01-22 03:00:00,30.5,121.5,1.4,0.0
2024-01-22 04:00:00,30.5,121.5,1.4,0.0
2024-01-22 05:00:00,30.5,121.5,1.6,0.0
2024-01-22 06:00:00,30.5,121.5,1.6,0.0
2024-01-22 07:00:00,30.5,121.5,1.5,0.0
2024-01-22 08:00:00,30.5,121.5,1.6,0.0
2024-01-22 09:00:00,30.5,121.5,1.3,0.0
2024-01-22 10:00:00,30.5,121.5,1.0,0.0
2024-01-22 11:00:00,30.5,121.5,0.9,0.0
2024-01-22 12:00:00,30.5,121.5,0.6,0.0
2024-01-22 13:00:00,30.5,121.5,0.4,0.0
2024-01-22 14:00:00,30.5,121.5,0.2,0.0
2024-01-22 15:00:00,30.5,121.5,-0.1,0.0
2024-01-22 16:00:00,30.5,121.5,-0.4,0.0
2024-01-22 17:00:00,30.5,121.5,-0.7,0.0
2024-01-22 18:00:00,30.5,121.5,-1.1,0.0
2024-01-22 19:00:00,30.5,121.5,-1.3,0.0
2024-01-22 20:00:00,30.5,121.5,-1.6,0.0
2024-01-22 21:00:00,30.5,121.5,-1.9,0.0
2024-01-22 22:00:00,30.5,121.5,-2.0,0.0
2024-01-22 23:00:00,30.5,121.5,-2.2,0.0
2024-01-23 00:00:00,30.5,121.5,-2.4,0.0
2024-01-23 01:00:00,30.5,121.5,-2.4,0.0
2024-01-23 02:00:00,30.5,121.5,-2.0,0.0
2024-01-23 03:00:00,30.5,121.5,-1.5,0.0
2024-01-23 04:00:00,30.5,121.5,-1.1,0.0
2024-01-23 05:00:00,30.5,121.5,-0.6,0.0
2024-01-23 06:00:00,30.5,121.5,-0.1,0.0
2024-01-23 07:00:00,30.5,121.5,0.3,0.0
2024-01-23 08:00:00,30.5,121.5,0.5,0.0
2024-01-23 09:00:00,30.5,121.5,0.5,0.0
2024-01-23 10:00:00,30.5,121.5,0.4,0.0
2024-01-23 11:00:00,30.5,121.5,0.2,0.0
2024-01-23 12:00:00,30.5,121.5,0.1,0.0
2024-01-23 13:00:00,30.5,121.5,0.1,0.0
2024-01-23 14:00:00,30.5,121.5,0.1,0.0
2024-01-23 15:00:00,30.5,121.5,0.0,0.0
2024-01-23 16:00:00,30.5,121.5,0.0,0.0
2024-01-23 17:00:00,30.5,121.5,0.1,0.0
2024-01-23 18:00:00,30.5,121.5,0.1,0.0
2024-01-23 19:00:00,30.5,121.5,0.2,0.0
2024-01-23 20:00:00,30.5,121.5,0.2,0.0
2024-01-23 21:00:00,30.5,121.5,0.2,0.0
2024-01-23 22:00:00,30.5,121.5,0.2,0.0
2024-01-23 23:00:00,30.5,121.5,0.2,0.0
2024-01-24 00:00:00,30.5,121.5,0.1,0.0
2024-01-24 01:00:00,30.5,121.5,0.2,0.0
2024-01-24 02:00:00,30.5,121.5,0.5,0.0
2024-01-24 03:00:00,30.5,121.5,1.2,0.0
2024-01-24 04:00:00,30.5,121.5,1.8,0.0
2024-01-24 05:00:00,30.5,121.5,2.5,0.0
2024-01-24 06:00:00,30.5,121.5,2.9,0.0
2024-01-24 07:00:00,30.5,121.5,3.2,0.0
2024-01-24 08:00:00,30.5,121.5,3.6,0.0
2024-01-24 09:00:00,30.5,121.5,3.8,0.0
2024-01-24 10:00:00,30.5,121.5,3.9,0.0
2024-01-24 11:00:00,30.5,121.5,3.7,0.0
2024-01-24 12:00:00,30.5,121.5,3.4,0.0
2024-01-24 13:00:00,30.5,121.5,3.2,0.0
2024-01-24 14:00:00,30.5,121.5,3.1,0.0
2024-01-24 15:00:00,30.5,121.5,3.0,0.0
2024-01-24 16:00:00,30.5,121.5,2.8,0.0
2024-01-24 17:00:00,30.5,121.5,2.7,0.0
2024-01-24 18:00:00,30.5,121.5,2.6,0.0
2024-01-24 19:00:00,30.5,121.5,2.5,0.0
2024-01-24 20:00:00,30.5,121.5,2.4,0.0
2024-01-24 21:00:00,30.5,121.5,2.4,0.0
2024-01-24 22:00:00,30.5,121.5,2.4,0.0
2024-01-24 23:00:00,30.5,121.5,2.4,0.0
2024-01-22 00:00:00,30.5,121.75,2.1,0.0
2024-01-22 01:00:00,30.5,121.75,1.8,0.0
2024-01-22 02:00:00,30.5,121.75,1.7,0.0
2024-01-22 03:00:00,30.5,121.75,1.8,0.0
2024-01-22 04:00:00,30.5,121.75,1.8,0.0
2024-01-22 05:00:00,30.5,121.75,1.9,0.0
2024-01-22 06:00:00,30.5,121.75,1.7,0.0
2024-01-22 07:00:00,30.5,121.75,1.6,0.0
2024-01-22 08:00:00,30.5,121.75,1.7,0.0
2024-01-22 09:00:00,30.5,121.75,1.6,0.0
2024-01-22 10:00:00,30.5,121.75,1.2,0.0
2024-01-22 11:00:00,30.5,121.75,1.0,0.0
2024-01-22 12:00:00,30.5,121.75,0.8,0.0
2024-01-22 13:00:00,30.5,121.75,0.6,0.0
2024-01-22 14:00:00,30.5,121.75,0.5,0.0
2024-01-22 15:00:00,30.5,121.75,0.3,0.0
2024-01-22 16:00:00,30.5,121.75,0.2,0.0
2024-01-22 17:00:00,30.5,121.75,0.0,0.0
2024-01-22 18:00:00,30.5,121.75,-0.4,0.0
2024-01-22 19:00:00,30.5,121.75,-0.6,0.0
2024-01-22 20:00:00,30.5,121.75,-1.0,0.0
2024-01-22 21:00:00,30.5,121.75,-1.2,0.0
2024-01-22 22:00:00,30.5,121.75,-1.3,0.0
2024-01-22 23:00:00,30.5,121.75,-1.5,0.0
2024-01-23 00:00:00,30.5,121.75,-1.6,0.0
2024-01-23 01:00:00,30.5,121.75,-1.8,0.0
2024-01-23 02:00:00,30.5,121.75,-1.8,0.0
2024-01-23 03:00:00,30.5,121.75,-1.5,0.0
2024-01-23 04:00:00,30.5,121.75,-1.0,0.0
2024-01-23 05:00:00,30.5,121.75,-0.5,0.0
2024-01-23 06:00:00,30.5,121.75,0.1,0.0
2024-01-23 07:00:00,30.5,121.75,0.6,0.0
2024-01-23 08:00:00,30.5,121.75,1.0,0.0
2024-01-23 09:00:00,30.5,121.75,1.1,0.0
2024-01-23 10:00:00,30.5,121.75,0.8,0.0
2024-01-23 11:00:00,30.5,121.75,0.5,0.0
2024-01-23 12:00:00,30.5,121.75,0.3,0.0
2024-01-23 13:00:00,30.5,121.75,0.2,0.0
2024-01-23 14:00:00,30.5,121.75,0.1,0.0
2024-01-23 15:00:00,30.5,121.75,0.0,0.0
2024-01-23 16:00:00,30.5,121.75,0.0,0.0
2024-01-23 17:00:00,30.5,121.75,0.0,0.0
2024-01-23 18:00:00,30.5,121.75,0.1,0.0
2024-01-23 19:00:00,30.5,121.75,0.2,0.0
2024-01-23 20:00:00,30.5,121.75,0.2,0.0
2024-01-23 21:00:00,30.5,121.75,0.1,0.0
2024-01-23 22:00:00,30.5,121.75,0.2,0.0
2024-01-23 23:00:00,30.5,121.75,0.2,0.0
2024-01-24 00:00:00,30.5,121.75,0.1,0.0
2024-01-24 01:00:00,30.5,121.75,0.1,0.0
2024-01-24 02:00:00,30.5,121.75,0.4,0.0
2024-01-24 03:00:00,30.5,121.75,0.9,0.0
2024-01-24 04:00:00,30.5,121.75,1.5,0.0
2024-01-24 05:00:00,30.5,121.75,2.1,0.0
2024-01-24 06:00:00,30.5,121.75,2.8,0.0
2024-01-24 07:00:00,30.5,121.75,3.4,0.0
2024-01-24 08:00:00,30.5,121.75,3.9,0.0
2024-01-24 09:00:00,30.5,121.75,4.2,0.0
2024-01-24 10:00:00,30.5,121.75,4.3,0.0
2024-01-24 11:00:00,30.5,121.75,4.1,0.0
2024-01-24 12:00:00,30.5,121.75,3.8,0.0
2024-01-24 13:00:00,30.5,121.75,3.7,0.0
2024-01-24 14:00:00,30.5,121.75,3.6,0.0
2024-01-24 15:00:00,30.5,121.75,3.3,0.0
2024-01-24 16:00:00,30.5,121.75,3.1,0.0
2024-01-24 17:00:00,30.5,121.75,3.1,0.0
2024-01-24 18:00:00,30.5,121.75,3.0,0.0
2024-01-24 19:00:00,30.5,121.75,2.9,0.0
2024-01-24 20:00:00,30.5,121.75,2.8,0.0
2024-01-24 21:00:00,30.5,121.75,2.8,0.0
2024-01-24 22:00:00,30.5,121.75,2.8,0.0
2024-01-24 23:00:00,30.5,121.75,2.7,0.0
2024-01-22 00:00:00,30.5,122.0,2.6,0.0
2024-01-22 01:00:00,30.5,122.0,2.4,0.0
2024-01-22 02:00:00,30.5,122.0,2.1,0.0
2024-01-22 03:00:00,30.5,122.0,1.7,0.0
2024-01-22 04:00:00,30.5,122.0,1.9,0.0
2024-01-22 05:00:00,30.5,122.0,1.9,0.0
2024-01-22 06:00:00,30.5,122.0,1.9,0.0
2024-01-22 07:00:00,30.5,122.0,1.8,0.0
2024-01-22 08:00:00,30.5,122.0,1.9,0.0
2024-01-22 09:00:00,30.5,122.0,1.7,0.0
2024-01-22 10:00:00,30.5,122.0,1.4,0.0
2024-01-22 11:00:00,30.5,122.0,1.2,0.0
2024-01-22 12:00:00,30.5,122.0,0.9,0.0
2024-01-22 13:00:00,30.5,122.0,0.6,0.0
2024-01-22 14:00:00,30.5,122.0,0.4,0.0
2024-01-22 15:00:00,30.5,122.0,0.3,0.0
2024-01-22 16:00:00,30.5,122.0,0.2,0.0
2024-01-22 17:00:00,30.5,122.0,0.1,0.0
2024-01-22 18:00:00,30.5,122.0,-0.3,0.0
2024-01-22 19:00:00,30.5,122.0,-0.5,0.0
2024-01-22 20:00:00,30.5,122.0,-0.7,0.0
2024-01-22 21:00:00,30.5,122.0,-1.0,0.0
2024-01-22 22:00:00,30.5,122.0,-1.1,0.0
2024-01-22 23:00:00,30.5,122.0,-1.3,0.0
2024-01-23 00:00:00,30.5,122.0,-1.3,0.0
2024-01-23 01:00:00,30.5,122.0,-1.3,0.0
2024-01-23 02:00:00,30.5,122.0,-1.2,0.0
2024-01-23 03:00:00,30.5,122.0,-1.0,0.0
2024-01-23 04:00:00,30.5,122.0,-0.7,0.0
2024-01-23 05:00:00,30.5,122.0,-0.3,0.0
2024-01-23 06:00:00,30.5,122.0,0.2,0.0
2024-01-23 07:00:00,30.5,122.0,0.6,0.0
2024-01-23 08:00:00,30.5,122.0,0.9,0.0
2024-01-23 09:00:00,30.5,122.0,1.1,0.0
2024-01-23 10:00:00,30.5,122.0,1.0,0.0
2024-01-23 11:00:00,30.5,122.0,0.7,0.0
2024-01-23 12:00:00,30.5,122.0,0.5,0.0
2024-01-23 13:00:00,30.5,122.0,0.5,0.0
2024-01-23 14:00:00,30.5,122.0,0.4,0.0
2024-01-23 15:00:00,30.5,122.0,0.3,0.0
2024-01-23 16:00:00,30.5,122.0,0.3,0.0
2024-01-23 17:00:00,30.5,122.0,0.3,0.0
2024-01-23 18:00:00,30.5,122.0,0.3,0.0
2024-01-23 19:00:00,30.5,122.0,0.3,0.0
2024-01-23 20:00:00,30.5,122.0,0.3,0.0
2024-01-23 21:00:00,30.5,122.0,0.3,0.0
2024-01-23 22:00:00,30.5,122.0,0.4,0.0
2024-01-23 23:00:00,30.5,122.0,0.3,0.0
2024-01-24 00:00:00,30.5,122.0,0.2,0.0
2024-01-24 01:00:00,30.5,122.0,0.3,0.0
2024-01-24 02:00:00,30.5,122.0,0.5,0.0
2024-01-24 03:00:00,30.5,122.0,0.9,0.0
2024-01-24 04:00:00,30.5,122.0,1.4,0.0
2024-01-24 05:00:00,30.5,122.0,2.0,0.0
2024-01-24 06:00:00,30.5,122.0,2.7,0.0
2024-01-24 07:00:00,30.5,122.0,3.3,0.0
2024-01-24 08:00:00,30.5,122.0,3.7,0.0
2024-01-24 09:00:00,30.5,122.0,3.8,0.0
2024-01-24 10:00:00,30.5,122.0,3.7,0.0
2024-01-24 11:00:00,30.5,122.0,3.7,0.0
2024-01-24 12:00:00,30.5,122.0,3.7,0.0
2024-01-24 13:00:00,30.5,122.0,3.6,0.0
2024-01-24 14:00:00,30.5,122.0,3.5,0.0
2024-01-24 15:00:00,30.5,122.0,3.3,0.0
2024-01-24 16:00:00,30.5,122.0,3.1,0.0
2024-01-24 17:00:00,30.5,122.0,3.0,0.0
2024-01-24 18:00:00,30.5,122.0,3.1,0.0
2024-01-24 19:00:00,30.5,122.0,3.0,0.0
2024-01-24 20:00:00,30.5,122.0,2.9,0.0
2024-01-24 21:00:00,30.5,122.0,2.9,0.0
2024-01-24 22:00:00,30.5,122.0,2.8,0.0
2024-01-24 23:00:00,30.5,122.0,2.8,0.0
2024-01-22 00:00:00,30.75,116.5,-1.9,238.0
2024-01-22 01:00:00,30.75,116.5,-1.8,238.0
2024-01-22 02:00:00,30.75,116.5,-1.6,238.0
2024-01-22 03:00:00,30.75,116.5,-0.7,238.0
2024-01-22 04:00:00,30.75,116.5,-0.6,238.0
2024-01-22 05:00:00,30.75,116.5,-0.3,238.0
2024-01-22 06:00:00,30.75,116.5,-0.4,238.0
2024-01-22 07:00:00,30.75,116.5,-1.0,238.0
2024-01-22 08:00:00,30.75,116.5,-1.4,238.0
2024-01-22 09:00:00,30.75,116.5,-2.2,238.0
2024-01-22 10:00:00,30.75,116.5,-2.8,238.0
2024-01-22 11:00:00,30.75,116.5,-3.0,238.0
2024-01-22 12:00:00,30.75,116.5,-3.3,238.0
2024-01-22 13:00:00,30.75,116.5,-3.4,238.0
2024-01-22 14:00:00,30.75,116.5,-3.8,238.0
2024-01-22 15:00:00,30.75,116.5,-4.0,238.0
2024-01-22 16:00:00,30.75,116.5,-4.3,238.0
2024-01-22 17:00:00,30.75,116.5,-4.5,238.0
2024-01-22 18:00:00,30.75,116.5,-4.9,238.0
2024-01-22 19:00:00,30.75,116.5,-5.1,238.0
2024-01-22 20:00:00,30.75,116.5,-5.3,238.0
2024-01-22 21:00:00,30.75,116.5,-5.6,238.0
2024-01-22 22:00:00,30.75,116.5,-5.7,238.0
2024-01-22 23:00:00,30.75,116.5,-5.9,238.0
2024-01-23 00:00:00,30.75,116.5,-5.4,238.0
2024-01-23 01:00:00,30.75,116.5,-4.1,238.0
2024-01-23 02:00:00,30.75,116.5,-2.7,238.0
2024-01-23 03:00:00,30.75,116.5,-1.3,238.0
2024-01-23 04:00:00,30.75,116.5,-0.1,238.0
2024-01-23 05:00:00,30.75,116.5,0.8,238.0
2024-01-23 06:00:00,30.75,116.5,1.1,238.0
2024-01-23 07:00:00,30.75,116.5,1.1,238.0
2024-01-23 08:00:00,30.75,116.5,0.4,238.0
2024-01-23 09:00:00,30.75,116.5,-0.8,238.0
2024-01-23 10:00:00,30.75,116.5,-3.2,238.0
2024-01-23 11:00:00,30.75,116.5,-4.0,238.0
2024-01-23 12:00:00,30.75,116.5,-4.1,238.0
2024-01-23 13:00:00,30.75,116.5,-4.0,238.0
2024-01-23 14:00:00,30.75,116.5,-3.9,238.0
2024-01-23 15:00:00,30.75,116.5,-3.8,238.0
2024-01-23 16:00:00,30.75,116.5,-3.8,238.0
2024-01-23 17:00:00,30.75,116.5,-3.9,238.0
2024-01-23 18:00:00,30.75,116.5,-4.0,238.0
2024-01-23 19:00:00,30.75,116.5,-4.0,238.0
2024-01-23 20:00:00,30.75,116.5,-4.1,238.0
2024-01-23 21:00:00,30.75,116.5,-4.1,238.0
2024-01-23 22:00:00,30.75,116.5,-4.0,238.0
2024-01-23 23:00:00,30.75,116.5,-3.9,238.0
2024-01-24 00:00:00,30.75,116.5,-3.3,238.0
2024-01-24 01:00:00,30.75,116.5,-1.7,238.0
2024-01-24 02:00:00,30.75,116.5,0.1,238.0
2024-01-24 03:00:00,30.75,116.5,1.3,238.0
2024-01-24 04:00:00,30.75,116.5,2.3,238.0
2024-01-24 05:00:00,30.75,116.5,3.0,238.0
2024-01-24 06:00:00,30.75,116.5,3.5,238.0
2024-01-24 07:00:00,30.75,116.5,3.6,238.0
2024-01-24 08:00:00,30.75,116.5,2.8,238.0
2024-01-24 09:00:00,30.75,116.5,1.0,238.0
2024-01-24 10:00:00,30.75,116.5,-1.4,238.0
2024-01-24 11:00:00,30.75,116.5,-1.7,238.0
2024-01-24 12:00:00,30.75,116.5,-1.5,238.0
2024-01-24 13:00:00,30.75,116.5,-1.5,238.0
2024-01-24 14:00:00,30.75,116.5,-1.9,238.0
2024-01-24 15:00:00,30.75,116.5,-2.0,238.0
2024-01-24 16:00:00,30.75,116.5,-2.1,238.0
2024-01-24 17:00:00,30.75,116.5,-2.1,238.0
2024-01-24 18:00:00,30.75,116.5,-2.1,238.0
2024-01-24 19:00:00,30.75,116.5,-2.1,238.0
2024-01-24 20:00:00,30.75,116.5,-2.1,238.0
2024-01-24 21:00:00,30.75,116.5,-2.2,238.0
2024-01-24 22:00:00,30.75,116.5,-2.2,238.0
2024-01-24 23:00:00,30.75,116.5,-2.3,238.0
2024-01-22 00:00:00,30.75,116.75,-1.2,50.0
2024-01-22 01:00:00,30.75,116.75,-1.1,50.0
2024-01-22 02:00:00,30.75,116.75,-0.9,50.0
2024-01-22 03:00:00,30.75,116.75,-0.1,50.0
2024-01-22 04:00:00,30.75,116.75,-0.0,50.0
2024-01-22 05:00:00,30.75,116.75,0.3,50.0
2024-01-22 06:00:00,30.75,116.75,0.4,50.0
2024-01-22 07:00:00,30.75,116.75,-0.3,50.0
2024-01-22 08:00:00,30.75,116.75,-0.5,50.0
2024-01-22 09:00:00,30.75,116.75,-1.0,50.0
2024-01-22 10:00:00,30.75,116.75,-1.5,50.0
2024-01-22 11:00:00,30.75,116.75,-1.8,50.0
2024-01-22 12:00:00,30.75,116.75,-2.0,50.0
2024-01-22 13:00:00,30.75,116.75,-2.2,50.0
2024-01-22 14:00:00,30.75,116.75,-2.5,50.0
2024-01-22 15:00:00,30.75,116.75,-2.8,50.0
2024-01-22 16:00:00,30.75,116.75,-3.0,50.0
2024-01-22 17:00:00,30.75,116.75,-3.1,50.0
2024-01-22 18:00:00,30.75,116.75,-3.4,50.0
2024-01-22 19:00:00,30.75,116.75,-3.6,50.0
2024-01-22 20:00:00,30.75,116.75,-3.8,50.0
2024-01-22 21:00:00,30.75,116.75,-4.1,50.0
2024-01-22 22:00:00,30.75,116.75,-4.2,50.0
2024-01-22 23:00:00,30.75,116.75,-4.3,50.0
2024-01-23 00:00:00,30.75,116.75,-4.1,50.0
2024-01-23 01:00:00,30.75,116.75,-3.2,50.0
2024-01-23 02:00:00,30.75,116.75,-2.0,50.0
2024-01-23 03:00:00,30.75,116.75,-1.0,50.0
2024-01-23 04:00:00,30.75,116.75,-0.1,50.0
2024-01-23 05:00:00,30.75,116.75,0.8,50.0
2024-01-23 06:00:00,30.75,116.75,1.5,50.0
2024-01-23 07:00:00,30.75,116.75,1.6,50.0
2024-01-23 08:00:00,30.75,116.75,1.1,50.0
2024-01-23 09:00:00,30.75,116.75,-0.2,50.0
2024-01-23 10:00:00,30.75,116.75,-2.3,50.0
2024-01-23 11:00:00,30.75,116.75,-3.0,50.0
2024-01-23 12:00:00,30.75,116.75,-3.1,50.0
2024-01-23 13:00:00,30.75,116.75,-3.2,50.0
2024-01-23 14:00:00,30.75,116.75,-3.3,50.0
2024-01-23 15:00:00,30.75,116.75,-3.3,50.0
2024-01-23 16:00:00,30.75,116.75,-3.4,50.0
2024-01-23 17:00:00,30.75,116.75,-3.4,50.0
2024-01-23 18:00:00,30.75,116.75,-3.5,50.0
2024-01-23 19:00:00,30.75,116.75,-3.5,50.0
2024-01-23 20:00:00,30.75,116.75,-3.6,50.0
2024-01-23 21:00:00,30.75,116.75,-3.6,50.0
2024-01-23 22:00:00,30.75,116.75,-3.6,50.0
2024-01-23 23:00:00,30.75,116.75,-3.6,50.0
2024-01-24 00:00:00,30.75,116.75,-2.9,50.0
2024-01-24 01:00:00,30.75,116.75,-1.6,50.0
2024-01-24 02:00:00,30.75,116.75,-0.2,50.0
2024-01-24 03:00:00,30.75,116.75,1.0,50.0
2024-01-24 04:00:00,30.75,116.75,1.9,50.0
2024-01-24 05:00:00,30.75,116.75,2.7,50.0
2024-01-24 06:00:00,30.75,116.75,3.1,50.0
2024-01-24 07:00:00,30.75,116.75,3.4,50.0
2024-01-24 08:00:00,30.75,116.75,3.5,50.0
2024-01-24 09:00:00,30.75,116.75,2.8,50.0
2024-01-24 10:00:00,30.75,116.75,0.9,50.0
2024-01-24 11:00:00,30.75,116.75,0.4,50.0
2024-01-24 12:00:00,30.75,116.75,0.2,50.0
2024-01-24 13:00:00,30.75,116.75,0.0,50.0
2024-01-24 14:00:00,30.75,116.75,-0.1,50.0
2024-01-24 15:00:00,30.75,116.75,-0.4,50.0
2024-01-24 16:00:00,30.75,116.75,-0.4,50.0
2024-01-24 17:00:00,30.75,116.75,-0.4,50.0
2024-01-24 18:00:00,30.75,116.75,-0.5,50.0
2024-01-24 19:00:00,30.75,116.75,-0.6,50.0
2024-01-24 20:00:00,30.75,116.75,-0.7,50.0
2024-01-24 21:00:00,30.75,116.75,-0.9,50.0
2024-01-24 22:00:00,30.75,116.75,-0.9,50.0
2024-01-24 23:00:00,30.75,116.75,-1.0,50.0
2024-01-22 00:00:00,30.75,117.0,-0.9,10.0
2024-01-22 01:00:00,30.75,117.0,-0.8,10.0
2024-01-22 02:00:00,30.75,117.0,-0.7,10.0
2024-01-22 03:00:00,30.75,117.0,-0.3,10.0
2024-01-22 04:00:00,30.75,117.0,-0.2,10.0
2024-01-22 05:00:00,30.75,117.0,0.0,10.0
2024-01-22 06:00:00,30.75,117.0,0.2,10.0
2024-01-22 07:00:00,30.75,117.0,-0.2,10.0
2024-01-22 08:00:00,30.75,117.0,-0.3,10.0
2024-01-22 09:00:00,30.75,117.0,-0.8,10.0
2024-01-22 10:00:00,30.75,117.0,-1.4,10.0
2024-01-22 11:00:00,30.75,117.0,-1.6,10.0
2024-01-22 12:00:00,30.75,117.0,-1.8,10.0
2024-01-22 13:00:00,30.75,117.0,-2.0,10.0
2024-01-22 14:00:00,30.75,117.0,-2.2,10.0
2024-01-22 15:00:00,30.75,117.0,-2.5,10.0
2024-01-22 16:00:00,30.75,117.0,-2.7,10.0
2024-01-22 17:00:00,30.75,117.0,-2.9,10.0
2024-01-22 18:00:00,30.75,117.0,-3.2,10.0
2024-01-22 19:00:00,30.75,117.0,-3.3,10.0
2024-01-22 20:00:00,30.75,117.0,-3.5,10.0
2024-01-22 21:00:00,30.75,117.0,-3.7,10.0
2024-01-22 22:00:00,30.75,117.0,-3.9,10.0
2024-01-22 23:00:00,30.75,117.0,-4.0,10.0
2024-01-23 00:00:00,30.75,117.0,-4.0,10.0
2024-01-23 01:00:00,30.75,117.0,-3.3,10.0
2024-01-23 02:00:00,30.75,117.0,-2.3,10.0
2024-01-23 03:00:00,30.75,117.0,-1.3,10.0
2024-01-23 04:00:00,30.75,117.0,-0.5,10.0
2024-01-23 05:00:00,30.75,117.0,0.3,10.0
2024-01-23 06:00:00,30.75,117.0,0.8,10.0
2024-01-23 07:00:00,30.75,117.0,0.9,10.0
2024-01-23 08:00:00,30.75,117.0,0.5,10.0
2024-01-23 09:00:00,30.75,117.0,-0.5,10.0
2024-01-23 10:00:00,30.75,117.0,-2.2,10.0
2024-01-23 11:00:00,30.75,117.0,-2.6,10.0
2024-01-23 12:00:00,30.75,117.0,-2.8,10.0
2024-01-23 13:00:00,30.75,117.0,-2.9,10.0
2024-01-23 14:00:00,30.75,117.0,-3.0,10.0
2024-01-23 15:00:00,30.75,117.0,-3.1,10.0
2024-01-23 16:00:00,30.75,117.0,-3.1,10.0
2024-01-23 17:00:00,30.75,117.0,-3.1,10.0
2024-01-23 18:00:00,30.75,117.0,-3.2,10.0
2024-01-23 19:00:00,30.75,117.0,-3.2,10.0
2024-01-23 20:00:00,30.75,117.0,-3.2,10.0
2024-01-23 21:00:00,30.75,117.0,-3.2,10.0
2024-01-23 22:00:00,30.75,117.0,-3.2,10.0
2024-01-23 23:00:00,30.75,117.0,-3.2,10.0
2024-01-24 00:00:00,30.75,117.0,-2.6,10.0
2024-01-24 01:00:00,30.75,117.0,-1.3,10.0
2024-01-24 02:00:00,30.75,117.0,-0.0,10.0
2024-01-24 03:00:00,30.75,117.0,1.1,10.0
2024-01-24 04:00:00,30.75,117.0,2.0,10.0
2024-01-24 05:00:00,30.75,117.0,2.9,10.0
2024-01-24 06:00:00,30.75,117.0,3.3,10.0
2024-01-24 07:00:00,30.75,117.0,3.6,10.0
2024-01-24 08:00:00,30.75,117.0,3.7,10.0
2024-01-24 09:00:00,30.75,117.0,2.9,10.0
2024-01-24 10:00:00,30.75,117.0,1.0,10.0
2024-01-24 11:00:00,30.75,117.0,0.4,10.0
2024-01-24 12:00:00,30.75,117.0,0.2,10.0
2024-01-24 13:00:00,30.75,117.0,0.1,10.0
2024-01-24 14:00:00,30.75,117.0,0.3,10.0
2024-01-24 15:00:00,30.75,117.0,-0.1,10.0
2024-01-24 16:00:00,30.75,117.0,-0.2,10.0
2024-01-24 17:00:00,30.75,117.0,-0.3,10.0
2024-01-24 18:00:00,30.75,117.0,-0.4,10.0
2024-01-24 19:00:00,30.75,117.0,-0.4,10.0
2024-01-24 20:00:00,30.75,117.0,-0.6,10.0
2024-01-24 21:00:00,30.75,117.0,-0.7,10.0
2024-01-24 22:00:00,30.75,117.0,-0.7,10.0
2024-01-24 23:00:00,30.75,117.0,-0.8,10.0
2024-01-22 00:00:00,30.75,117.25,-0.3,31.0
2024-01-22 01:00:00,30.75,117.25,-0.3,31.0
2024-01-22 02:00:00,30.75,117.25,-0.2,31.0
2024-01-22 03:00:00,30.75,117.25,0.1,31.0
2024-01-22 04:00:00,30.75,117.25,0.0,31.0
2024-01-22 05:00:00,30.75,117.25,0.0,31.0
2024-01-22 06:00:00,30.75,117.25,0.0,31.0
2024-01-22 07:00:00,30.75,117.25,-0.3,31.0
2024-01-22 08:00:00,30.75,117.25,-0.7,31.0
2024-01-22 09:00:00,30.75,117.25,-1.0,31.0
2024-01-22 10:00:00,30.75,117.25,-1.4,31.0
2024-01-22 11:00:00,30.75,117.25,-1.6,31.0
2024-01-22 12:00:00,30.75,117.25,-2.1,31.0
2024-01-22 13:00:00,30.75,117.25,-2.0,31.0
2024-01-22 14:00:00,30.75,117.25,-2.4,31.0
2024-01-22 15:00:00,30.75,117.25,-2.7,31.0
2024-01-22 16:00:00,30.75,117.25,-2.8,31.0
2024-01-22 17:00:00,30.75,117.25,-2.7,31.0
2024-01-22 18:00:00,30.75,117.25,-3.1,31.0
2024-01-22 19:00:00,30.75,117.25,-3.3,31.0
2024-01-22 20:00:00,30.75,117.25,-3.5,31.0
2024-01-22 21:00:00,30.75,117.25,-3.8,31.0
2024-01-22 22:00:00,30.75,117.25,-4.0,31.0
2024-01-22 23:00:00,30.75,117.25,-4.1,31.0
2024-01-23 00:00:00,30.75,117.25,-4.0,31.0
2024-01-23 01:00:00,30.75,117.25,-3.3,31.0
2024-01-23 02:00:00,30.75,117.25,-2.5,31.0
2024-01-23 03:00:00,30.75,117.25,-1.7,31.0
2024-01-23 04:00:00,30.75,117.25,-0.8,31.0
2024-01-23 05:00:00,30.75,117.25,-0.2,31.0
2024-01-23 06:00:00,30.75,117.25,0.1,31.0
2024-01-23 07:00:00,30.75,117.25,0.2,31.0
2024-01-23 08:00:00,30.75,117.25,-0.0,31.0
2024-01-23 09:00:00,30.75,117.25,-0.7,31.0
2024-01-23 10:00:00,30.75,117.25,-2.3,31.0
2024-01-23 11:00:00,30.75,117.25,-2.6,31.0
2024-01-23 12:00:00,30.75,117.25,-2.6,31.0
2024-01-23 13:00:00,30.75,117.25,-2.7,31.0
2024-01-23 14:00:00,30.75,117.25,-2.7,31.0
2024-01-23 15:00:00,30.75,117.25,-2.8,31.0
2024-01-23 16:00:00,30.75,117.25,-2.9,31.0
2024-01-23 17:00:00,30.75,117.25,-2.9,31.0
2024-01-23 18:00:00,30.75,117.25,-3.0,31.0
2024-01-23 19:00:00,30.75,117.25,-3.1,31.0
2024-01-23 20:00:00,30.75,117.25,-3.1,31.0
2024-01-23 21:00:00,30.75,117.25,-3.2,31.0
2024-01-23 22:00:00,30.75,117.25,-3.2,31.0
2024-01-23 23:00:00,30.75,117.25,-3.1,31.0
2024-01-24 00:00:00,30.75,117.25,-2.5,31.0
2024-01-24 01:00:00,30.75,117.25,-1.3,31.0
2024-01-24 02:00:00,30.75,117.25,-0.1,31.0
2024-01-24 03:00:00,30.75,117.25,1.0,31.0
2024-01-24 04:00:00,30.75,117.25,2.0,31.0
2024-01-24 05:00:00,30.75,117.25,2.7,31.0
2024-01-24 06:00:00,30.75,117.25,3.1,31.0
2024-01-24 07:00:00,30.75,117.25,3.4,31.0
2024-01-24 08:00:00,30.75,117.25,3.3,31.0
2024-01-24 09:00:00,30.75,117.25,2.5,31.0
2024-01-24 10:00:00,30.75,117.25,0.8,31.0
2024-01-24 11:00:00,30.75,117.25,0.3,31.0
2024-01-24 12:00:00,30.75,117.25,0.1,31.0
2024-01-24 13:00:00,30.75,117.25,-0.0,31.0
2024-01-24 14:00:00,30.75,117.25,0.2,31.0
2024-01-24 15:00:00,30.75,117.25,0.1,31.0
2024-01-24 16:00:00,30.75,117.25,0.1,31.0
2024-01-24 17:00:00,30.75,117.25,-0.3,31.0
2024-01-24 18:00:00,30.75,117.25,-0.3,31.0
2024-01-24 19:00:00,30.75,117.25,-0.4,31.0
2024-01-24 20:00:00,30.75,117.25,-0.5,31.0
2024-01-24 21:00:00,30.75,117.25,-0.6,31.0
2024-01-24 22:00:00,30.75,117.25,-0.7,31.0
2024-01-24 23:00:00,30.75,117.25,-0.8,31.0
2024-01-22 00:00:00,30.75,117.5,-0.6,12.0
2024-01-22 01:00:00,30.75,117.5,-0.6,12.0
2024-01-22 02:00:00,30.75,117.5,-0.1,12.0
2024-01-22 03:00:00,30.75,117.5,0.5,12.0
2024-01-22 04:00:00,30.75,117.5,0.5,12.0
2024-01-22 05:00:00,30.75,117.5,0.6,12.0
2024-01-22 06:00:00,30.75,117.5,0.4,12.0
2024-01-22 07:00:00,30.75,117.5,0.1,12.0
2024-01-22 08:00:00,30.75,117.5,-0.1,12.0
2024-01-22 09:00:00,30.75,117.5,-0.7,12.0
2024-01-22 10:00:00,30.75,117.5,-1.0,12.0
2024-01-22 11:00:00,30.75,117.5,-1.1,12.0
2024-01-22 12:00:00,30.75,117.5,-1.5,12.0
2024-01-22 13:00:00,30.75,117.5,-1.6,12.0
2024-01-22 14:00:00,30.75,117.5,-1.7,12.0
2024-01-22 15:00:00,30.75,117.5,-1.9,12.0
2024-01-22 16:00:00,30.75,117.5,-2.2,12.0
2024-01-22 17:00:00,30.75,117.5,-2.3,12.0
2024-01-22 18:00:00,30.75,117.5,-2.6,12.0
2024-01-22 19:00:00,30.75,117.5,-2.9,12.0
2024-01-22 20:00:00,30.75,117.5,-3.1,12.0
2024-01-22 21:00:00,30.75,117.5,-3.2,12.0
2024-01-22 22:00:00,30.75,117.5,-3.3,12.0
2024-01-22 23:00:00,30.75,117.5,-3.4,12.0
2024-01-23 00:00:00,30.75,117.5,-3.3,12.0
2024-01-23 01:00:00,30.75,117.5,-2.7,12.0
2024-01-23 02:00:00,30.75,117.5,-1.9,12.0
2024-01-23 03:00:00,30.75,117.5,-1.0,12.0
2024-01-23 04:00:00,30.75,117.5,-0.4,12.0
2024-01-23 05:00:00,30.75,117.5,0.2,12.0
2024-01-23 06:00:00,30.75,117.5,0.4,12.0
2024-01-23 07:00:00,30.75,117.5,0.4,12.0
2024-01-23 08:00:00,30.75,117.5,0.1,12.0
2024-01-23 09:00:00,30.75,117.5,-0.7,12.0
2024-01-23 10:00:00,30.75,117.5,-2.1,12.0
2024-01-23 11:00:00,30.75,117.5,-2.2,12.0
2024-01-23 12:00:00,30.75,117.5,-2.2,12.0
2024-01-23 13:00:00,30.75,117.5,-2.3,12.0
2024-01-23 14:00:00,30.75,117.5,-2.4,12.0
2024-01-23 15:00:00,30.75,117.5,-2.4,12.0
2024-01-23 16:00:00,30.75,117.5,-2.5,12.0
2024-01-23 17:00:00,30.75,117.5,-2.5,12.0
2024-01-23 18:00:00,30.75,117.5,-2.6,12.0
2024-01-23 19:00:00,30.75,117.5,-2.7,12.0
2024-01-23 20:00:00,30.75,117.5,-2.8,12.0
2024-01-23 21:00:00,30.75,117.5,-2.8,12.0
2024-01-23 22:00:00,30.75,117.5,-2.8,12.0
2024-01-23 23:00:00,30.75,117.5,-2.8,12.0
2024-01-24 00:00:00,30.75,117.5,-2.3,12.0
2024-01-24 01:00:00,30.75,117.5,-1.2,12.0
2024-01-24 02:00:00,30.75,117.5,-0.0,12.0
2024-01-24 03:00:00,30.75,117.5,0.9,12.0
2024-01-24 04:00:00,30.75,117.5,2.0,12.0
2024-01-24 05:00:00,30.75,117.5,2.8,12.0
2024-01-24 06:00:00,30.75,117.5,3.2,12.0
2024-01-24 07:00:00,30.75,117.5,3.4,12.0
2024-01-24 08:00:00,30.75,117.5,3.3,12.0
2024-01-24 09:00:00,30.75,117.5,2.4,12.0
2024-01-24 10:00:00,30.75,117.5,0.8,12.0
2024-01-24 11:00:00,30.75,117.5,0.4,12.0
2024-01-24 12:00:00,30.75,117.5,0.1,12.0
2024-01-24 13:00:00,30.75,117.5,-0.0,12.0
2024-01-24 14:00:00,30.75,117.5,0.1,12.0
2024-01-24 15:00:00,30.75,117.5,0.1,12.0
2024-01-24 16:00:00,30.75,117.5,0.1,12.0
2024-01-24 17:00:00,30.75,117.5,-0.3,12.0
2024-01-24 18:00:00,30.75,117.5,-0.3,12.0
2024-01-24 19:00:00,30.75,117.5,-0.5,12.0
2024-01-24 20:00:00,30.75,117.5,-0.6,12.0
2024-01-24 21:00:00,30.75,117.5,-0.7,12.0
2024-01-24 22:00:00,30.75,117.5,-0.7,12.0
2024-01-24 23:00:00,30.75,117.5,-0.8,12.0
2024-01-22 00:00:00,30.75,117.75,-0.3,10.0
2024-01-22 01:00:00,30.75,117.75,-0.6,10.0
2024-01-22 02:00:00,30.75,117.75,-0.3,10.0
2024-01-22 03:00:00,30.75,117.75,0.4,10.0
2024-01-22 04:00:00,30.75,117.75,0.2,10.0
2024-01-22 05:00:00,30.75,117.75,0.1,10.0
2024-01-22 06:00:00,30.75,117.75,0.2,10.0
2024-01-22 07:00:00,30.75,117.75,-0.0,10.0
2024-01-22 08:00:00,30.75,117.75,-0.2,10.0
2024-01-22 09:00:00,30.75,117.75,-0.8,10.0
2024-01-22 10:00:00,30.75,117.75,-1.3,10.0
2024-01-22 11:00:00,30.75,117.75,-1.7,10.0
2024-01-22 12:00:00,30.75,117.75,-2.1,10.0
2024-01-22 13:00:00,30.75,117.75,-2.0,10.0
2024-01-22 14:00:00,30.75,117.75,-2.1,10.0
2024-01-22 15:00:00,30.75,117.75,-2.3,10.0
2024-01-22 16:00:00,30.75,117.75,-2.6,10.0
2024-01-22 17:00:00,30.75,117.75,-2.7,10.0
2024-01-22 18:00:00,30.75,117.75,-3.2,10.0
2024-01-22 19:00:00,30.75,117.75,-3.4,10.0
2024-01-22 20:00:00,30.75,117.75,-3.6,10.0
2024-01-22 21:00:00,30.75,117.75,-3.8,10.0
2024-01-22 22:00:00,30.75,117.75,-3.9,10.0
2024-01-22 23:00:00,30.75,117.75,-4.1,10.0
2024-01-23 00:00:00,30.75,117.75,-4.1,10.0
2024-01-23 01:00:00,30.75,117.75,-3.4,10.0
2024-01-23 02:00:00,30.75,117.75,-2.4,10.0
2024-01-23 03:00:00,30.75,117.75,-1.5,10.0
2024-01-23 04:00:00,30.75,117.75,-0.5,10.0
2024-01-23 05:00:00,30.75,117.75,0.1,10.0
2024-01-23 06:00:00,30.75,117.75,0.3,10.0
2024-01-23 07:00:00,30.75,117.75,0.3,10.0
2024-01-23 08:00:00,30.75,117.75,-0.0,10.0
2024-01-23 09:00:00,30.75,117.75,-0.8,10.0
2024-01-23 10:00:00,30.75,117.75,-2.1,10.0
2024-01-23 11:00:00,30.75,117.75,-2.3,10.0
2024-01-23 12:00:00,30.75,117.75,-2.3,10.0
2024-01-23 13:00:00,30.75,117.75,-2.4,10.0
2024-01-23 14:00:00,30.75,117.75,-2.5,10.0
2024-01-23 15:00:00,30.75,117.75,-2.5,10.0
2024-01-23 16:00:00,30.75,117.75,-2.7,10.0
2024-01-23 17:00:00,30.75,117.75,-2.7,10.0
2024-01-23 18:00:00,30.75,117.75,-2.8,10.0
2024-01-23 19:00:00,30.75,117.75,-2.9,10.0
2024-01-23 20:00:00,30.75,117.75,-2.9,10.0
2024-01-23 21:00:00,30.75,117.75,-2.9,10.0
2024-01-23 22:00:00,30.75,117.75,-2.9,10.0
2024-01-23 23:00:00,30.75,117.75,-2.9,10.0
2024-01-24 00:00:00,30.75,117.75,-2.3,10.0
2024-01-24 01:00:00,30.75,117.75,-1.1,10.0
2024-01-24 02:00:00,30.75,117.75,0.1,10.0
2024-01-24 03:00:00,30.75,117.75,1.0,10.0
2024-01-24 04:00:00,30.75,117.75,2.0,10.0
2024-01-24 05:00:00,30.75,117.75,2.8,10.0
2024-01-24 06:00:00,30.75,117.75,3.1,10.0
2024-01-24 07:00:00,30.75,117.75,3.3,10.0
2024-01-24 08:00:00,30.75,117.75,3.1,10.0
2024-01-24 09:00:00,30.75,117.75,2.1,10.0
2024-01-24 10:00:00,30.75,117.75,0.5,10.0
2024-01-24 11:00:00,30.75,117.75,0.0,10.0
2024-01-24 12:00:00,30.75,117.75,-0.3,10.0
2024-01-24 13:00:00,30.75,117.75,-0.5,10.0
2024-01-24 14:00:00,30.75,117.75,-0.6,10.0
2024-01-24 15:00:00,30.75,117.75,-0.3,10.0
2024-01-24 16:00:00,30.75,117.75,-0.2,10.0
2024-01-24 17:00:00,30.75,117.75,-0.4,10.0
2024-01-24 18:00:00,30.75,117.75,-0.4,10.0
2024-01-24 19:00:00,30.75,117.75,-0.6,10.0
2024-01-24 20:00:00,30.75,117.75,-0.8,10.0
2024-01-24 21:00:00,30.75,117.75,-0.9,10.0
2024-01-24 22:00:00,30.75,117.75,-0.9,10.0
2024-01-24 23:00:00,30.75,117.75,-1.0,10.0
2024-01-22 00:00:00,30.75,118.0,-0.6,43.0
2024-01-22 01:00:00,30.75,118.0,-0.9,43.0
2024-01-22 02:00:00,30.75,118.0,-0.4,43.0
2024-01-22 03:00:00,30.75,118.0,0.3,43.0
2024-01-22 04:00:00,30.75,118.0,-0.0,43.0
2024-01-22 05:00:00,30.75,118.0,0.1,43.0
2024-01-22 06:00:00,30.75,118.0,-0.1,43.0
2024-01-22 07:00:00,30.75,118.0,-0.4,43.0
2024-01-22 08:00:00,30.75,118.0,-0.8,43.0
2024-01-22 09:00:00,30.75,118.0,-1.2,43.0
2024-01-22 10:00:00,30.75,118.0,-1.7,43.0
2024-01-22 11:00:00,30.75,118.0,-2.1,43.0
2024-01-22 12:00:00,30.75,118.0,-2.4,43.0
2024-01-22 13:00:00,30.75,118.0,-2.5,43.0
2024-01-22 14:00:00,30.75,118.0,-2.6,43.0
2024-01-22 15:00:00,30.75,118.0,-2.8,43.0
2024-01-22 16:00:00,30.75,118.0,-3.2,43.0
2024-01-22 17:00:00,30.75,118.0,-3.2,43.0
2024-01-22 18:00:00,30.75,118.0,-3.6,43.0
2024-01-22 19:00:00,30.75,118.0,-3.7,43.0
2024-01-22 20:00:00,30.75,118.0,-4.0,43.0
2024-01-22 21:00:00,30.75,118.0,-4.2,43.0
2024-01-22 22:00:00,30.75,118.0,-4.4,43.0
2024-01-22 23:00:00,30.75,118.0,-4.6,43.0
2024-01-23 00:00:00,30.75,118.0,-4.5,43.0
2024-01-23 01:00:00,30.75,118.0,-3.8,43.0
2024-01-23 02:00:00,30.75,118.0,-2.8,43.0
2024-01-23 03:00:00,30.75,118.0,-1.9,43.0
2024-01-23 04:00:00,30.75,118.0,-1.0,43.0
2024-01-23 05:00:00,30.75,118.0,-0.4,43.0
2024-01-23 06:00:00,30.75,118.0,-0.1,43.0
2024-01-23 07:00:00,30.75,118.0,-0.1,43.0
2024-01-23 08:00:00,30.75,118.0,-0.4,43.0
2024-01-23 09:00:00,30.75,118.0,-1.2,43.0
2024-01-23 10:00:00,30.75,118.0,-2.7,43.0
2024-01-23 11:00:00,30.75,118.0,-2.9,43.0
2024-01-23 12:00:00,30.75,118.0,-2.8,43.0
2024-01-23 13:00:00,30.75,118.0,-2.9,43.0
2024-01-23 14:00:00,30.75,118.0,-3.0,43.0
2024-01-23 15:00:00,30.75,118.0,-3.0,43.0
2024-01-23 16:00:00,30.75,118.0,-3.1,43.0
2024-01-23 17:00:00,30.75,118.0,-3.2,43.0
2024-01-23 18:00:00,30.75,118.0,-3.2,43.0
2024-01-23 19:00:00,30.75,118.0,-3.3,43.0
2024-01-23 20:00:00,30.75,118.0,-3.3,43.0
2024-01-23 21:00:00,30.75,118.0,-3.4,43.0
2024-01-23 22:00:00,30.75,118.0,-3.4,43.0
2024-01-23 23:00:00,30.75,118.0,-3.4,43.0
2024-01-24 00:00:00,30.75,118.0,-2.6,43.0
2024-01-24 01:00:00,30.75,118.0,-1.3,43.0
2024-01-24 02:00:00,30.75,118.0,0.0,43.0
2024-01-24 03:00:00,30.75,118.0,1.1,43.0
2024-01-24 04:00:00,30.75,118.0,2.0,43.0
2024-01-24 05:00:00,30.75,118.0,2.7,43.0
2024-01-24 06:00:00,30.75,118.0,3.0,43.0
2024-01-24 07:00:00,30.75,118.0,3.1,43.0
2024-01-24 08:00:00,30.75,118.0,2.8,43.0
2024-01-24 09:00:00,30.75,118.0,1.7,43.0
2024-01-24 10:00:00,30.75,118.0,-0.1,43.0
2024-01-24 11:00:00,30.75,118.0,-0.5,43.0
2024-01-24 12:00:00,30.75,118.0,-0.8,43.0
2024-01-24 13:00:00,30.75,118.0,-1.0,43.0
2024-01-24 14:00:00,30.75,118.0,-1.1,43.0
2024-01-24 15:00:00,30.75,118.0,-0.8,43.0
2024-01-24 16:00:00,30.75,118.0,-0.6,43.0
2024-01-24 17:00:00,30.75,118.0,-0.6,43.0
2024-01-24 18:00:00,30.75,118.0,-0.7,43.0
2024-01-24 19:00:00,30.75,118.0,-1.0,43.0
2024-01-24 20:00:00,30.75,118.0,-1.2,43.0
2024-01-24 21:00:00,30.75,118.0,-1.3,43.0
2024-01-24 22:00:00,30.75,118.0,-1.4,43.0
2024-01-24 23:00:00,30.75,118.0,-1.4,43.0
2024-01-22 00:00:00,30.75,118.25,-0.8,66.0
2024-01-22 01:00:00,30.75,118.25,-0.6,66.0
2024-01-22 02:00:00,30.75,118.25,-0.2,66.0
2024-01-22 03:00:00,30.75,118.25,-0.0,66.0
2024-01-22 04:00:00,30.75,118.25,0.0,66.0
2024-01-22 05:00:00,30.75,118.25,0.2,66.0
2024-01-22 06:00:00,30.75,118.25,-0.4,66.0
2024-01-22 07:00:00,30.75,118.25,-0.6,66.0
2024-01-22 08:00:00,30.75,118.25,-1.1,66.0
2024-01-22 09:00:00,30.75,118.25,-1.4,66.0
2024-01-22 10:00:00,30.75,118.25,-1.9,66.0
2024-01-22 11:00:00,30.75,118.25,-2.2,66.0
2024-01-22 12:00:00,30.75,118.25,-2.6,66.0
2024-01-22 13:00:00,30.75,118.25,-2.7,66.0
2024-01-22 14:00:00,30.75,118.25,-2.8,66.0
2024-01-22 15:00:00,30.75,118.25,-3.1,66.0
2024-01-22 16:00:00,30.75,118.25,-3.5,66.0
2024-01-22 17:00:00,30.75,118.25,-3.5,66.0
2024-01-22 18:00:00,30.75,118.25,-3.9,66.0
2024-01-22 19:00:00,30.75,118.25,-4.0,66.0
2024-01-22 20:00:00,30.75,118.25,-4.1,66.0
2024-01-22 21:00:00,30.75,118.25,-4.3,66.0
2024-01-22 22:00:00,30.75,118.25,-4.6,66.0
2024-01-22 23:00:00,30.75,118.25,-4.7,66.0
2024-01-23 00:00:00,30.75,118.25,-4.6,66.0
2024-01-23 01:00:00,30.75,118.25,-3.8,66.0
2024-01-23 02:00:00,30.75,118.25,-2.8,66.0
2024-01-23 03:00:00,30.75,118.25,-1.8,66.0
2024-01-23 04:00:00,30.75,118.25,-1.0,66.0
2024-01-23 05:00:00,30.75,118.25,-0.3,66.0
2024-01-23 06:00:00,30.75,118.25,0.1,66.0
2024-01-23 07:00:00,30.75,118.25,0.1,66.0
2024-01-23 08:00:00,30.75,118.25,-0.3,66.0
2024-01-23 09:00:00,30.75,118.25,-1.2,66.0
2024-01-23 10:00:00,30.75,118.25,-2.7,66.0
2024-01-23 11:00:00,30.75,118.25,-2.9,66.0
2024-01-23 12:00:00,30.75,118.25,-2.9,66.0
2024-01-23 13:00:00,30.75,118.25,-2.9,66.0
2024-01-23 14:00:00,30.75,118.25,-2.9,66.0
2024-01-23 15:00:00,30.75,118.25,-3.0,66.0
2024-01-23 16:00:00,30.75,118.25,-3.1,66.0
2024-01-23 17:00:00,30.75,118.25,-3.2,66.0
2024-01-23 18:00:00,30.75,118.25,-3.3,66.0
2024-01-23 19:00:00,30.75,118.25,-3.4,66.0
2024-01-23 20:00:00,30.75,118.25,-3.5,66.0
2024-01-23 21:00:00,30.75,118.25,-3.7,66.0
2024-01-23 22:00:00,30.75,118.25,-3.8,66.0
2024-01-23 23:00:00,30.75,118.25,-3.9,66.0
2024-01-24 00:00:00,30.75,118.25,-3.0,66.0
2024-01-24 01:00:00,30.75,118.25,-1.2,66.0
2024-01-24 02:00:00,30.75,118.25,0.3,66.0
2024-01-24 03:00:00,30.75,118.25,1.7,66.0
2024-01-24 04:00:00,30.75,118.25,2.5,66.0
2024-01-24 05:00:00,30.75,118.25,3.2,66.0
2024-01-24 06:00:00,30.75,118.25,3.5,66.0
2024-01-24 07:00:00,30.75,118.25,3.4,66.0
2024-01-24 08:00:00,30.75,118.25,2.9,66.0
2024-01-24 09:00:00,30.75,118.25,1.0,66.0
2024-01-24 10:00:00,30.75,118.25,-1.1,66.0
2024-01-24 11:00:00,30.75,118.25,-1.5,66.0
2024-01-24 12:00:00,30.75,118.25,-1.9,66.0
2024-01-24 13:00:00,30.75,118.25,-2.1,66.0
2024-01-24 14:00:00,30.75,118.25,-2.2,66.0
2024-01-24 15:00:00,30.75,118.25,-2.2,66.0
2024-01-24 16:00:00,30.75,118.25,-1.8,66.0
2024-01-24 17:00:00,30.75,118.25,-1.8,66.0
2024-01-24 18:00:00,30.75,118.25,-1.9,66.0
2024-01-24 19:00:00,30.75,118.25,-2.1,66.0
2024-01-24 20:00:00,30.75,118.25,-2.2,66.0
2024-01-24 21:00:00,30.75,118.25,-2.4,66.0
2024-01-24 22:00:00,30.75,118.25,-2.5,66.0
2024-01-24 23:00:00,30.75,118.25,-2.5,66.0
2024-01-22 00:00:00,30.75,118.5,-1.1,100.0
2024-01-22 01:00:00,30.75,118.5,-1.1,100.0
2024-01-22 02:00:00,30.75,118.5,-0.8,100.0
2024-01-22 03:00:00,30.75,118.5,-0.6,100.0
2024-01-22 04:00:00,30.75,118.5,0.0,100.0
2024-01-22 05:00:00,30.75,118.5,-0.0,100.0
2024-01-22 06:00:00,30.75,118.5,-0.8,100.0
2024-01-22 07:00:00,30.75,118.5,-1.0,100.0
2024-01-22 08:00:00,30.75,118.5,-1.5,100.0
2024-01-22 09:00:00,30.75,118.5,-1.7,100.0
2024-01-22 10:00:00,30.75,118.5,-2.2,100.0
2024-01-22 11:00:00,30.75,118.5,-2.4,100.0
2024-01-22 12:00:00,30.75,118.5,-2.9,100.0
2024-01-22 13:00:00,30.75,118.5,-3.1,100.0
2024-01-22 14:00:00,30.75,118.5,-3.1,100.0
2024-01-22 15:00:00,30.75,118.5,-3.3,100.0
2024-01-22 16:00:00,30.75,118.5,-3.7,100.0
2024-01-22 17:00:00,30.75,118.5,-3.9,100.0
2024-01-22 18:00:00,30.75,118.5,-4.2,100.0
2024-01-22 19:00:00,30.75,118.5,-4.3,100.0
2024-01-22 20:00:00,30.75,118.5,-4.5,100.0
2024-01-22 21:00:00,30.75,118.5,-4.6,100.0
2024-01-22 22:00:00,30.75,118.5,-4.8,100.0
2024-01-22 23:00:00,30.75,118.5,-5.1,100.0
2024-01-23 00:00:00,30.75,118.5,-4.8,100.0
2024-01-23 01:00:00,30.75,118.5,-4.0,100.0
2024-01-23 02:00:00,30.75,118.5,-3.1,100.0
2024-01-23 03:00:00,30.75,118.5,-2.3,100.0
2024-01-23 04:00:00,30.75,118.5,-1.5,100.0
2024-01-23 05:00:00,30.75,118.5,-0.9,100.0
2024-01-23 06:00:00,30.75,118.5,-0.5,100.0
2024-01-23 07:00:00,30.75,118.5,-0.5,100.0
2024-01-23 08:00:00,30.75,118.5,-0.8,100.0
2024-01-23 09:00:00,30.75,118.5,-1.7,100.0
2024-01-23 10:00:00,30.75,118.5,-3.4,100.0
2024-01-23 11:00:00,30.75,118.5,-3.7,100.0
2024-01-23 12:00:00,30.75,118.5,-3.7,100.0
2024-01-23 13:00:00,30.75,118.5,-3.8,100.0
2024-01-23 14:00:00,30.75,118.5,-3.8,100.0
2024-01-23 15:00:00,30.75,118.5,-3.8,100.0
2024-01-23 16:00:00,30.75,118.5,-3.9,100.0
2024-01-23 17:00:00,30.75,118.5,-4.0,100.0
2024-01-23 18:00:00,30.75,118.5,-4.0,100.0
2024-01-23 19:00:00,30.75,118.5,-4.0,100.0
2024-01-23 20:00:00,30.75,118.5,-4.0,100.0
2024-01-23 21:00:00,30.75,118.5,-4.1,100.0
2024-01-23 22:00:00,30.75,118.5,-4.2,100.0
2024-01-23 23:00:00,30.75,118.5,-4.3,100.0
2024-01-24 00:00:00,30.75,118.5,-3.3,100.0
2024-01-24 01:00:00,30.75,118.5,-1.5,100.0
2024-01-24 02:00:00,30.75,118.5,-0.1,100.0
2024-01-24 03:00:00,30.75,118.5,1.2,100.0
2024-01-24 04:00:00,30.75,118.5,2.0,100.0
2024-01-24 05:00:00,30.75,118.5,2.6,100.0
2024-01-24 06:00:00,30.75,118.5,2.9,100.0
2024-01-24 07:00:00,30.75,118.5,2.8,100.0
2024-01-24 08:00:00,30.75,118.5,2.4,100.0
2024-01-24 09:00:00,30.75,118.5,0.7,100.0
2024-01-24 10:00:00,30.75,118.5,-1.3,100.0
2024-01-24 11:00:00,30.75,118.5,-1.7,100.0
2024-01-24 12:00:00,30.75,118.5,-2.0,100.0
2024-01-24 13:00:00,30.75,118.5,-2.2,100.0
2024-01-24 14:00:00,30.75,118.5,-2.4,100.0
2024-01-24 15:00:00,30.75,118.5,-2.5,100.0
2024-01-24 16:00:00,30.75,118.5,-2.1,100.0
2024-01-24 17:00:00,30.75,118.5,-2.1,100.0
2024-01-24 18:00:00,30.75,118.5,-1.9,100.0
2024-01-24 19:00:00,30.75,118.5,-2.3,100.0
2024-01-24 20:00:00,30.75,118.5,-2.3,100.0
2024-01-24 21:00:00,30.75,118.5,-2.6,100.0
2024-01-24 22:00:00,30.75,118.5,-2.6,100.0
2024-01-24 23:00:00,30.75,118.5,-2.6,100.0
2024-01-22 00:00:00,30.75,118.75,-1.4,128.0
2024-01-22 01:00:00,30.75,118.75,-1.2,128.0
2024-01-22 02:00:00,30.75,118.75,-0.8,128.0
2024-01-22 03:00:00,30.75,118.75,-0.8,128.0
2024-01-22 04:00:00,30.75,118.75,-0.5,128.0
2024-01-22 05:00:00,30.75,118.75,-0.4,128.0
2024-01-22 06:00:00,30.75,118.75,-1.0,128.0
2024-01-22 07:00:00,30.75,118.75,-1.2,128.0
2024-01-22 08:00:00,30.75,118.75,-1.8,128.0
2024-01-22 09:00:00,30.75,118.75,-2.1,128.0
2024-01-22 10:00:00,30.75,118.75,-2.5,128.0
2024-01-22 11:00:00,30.75,118.75,-2.5,128.0
2024-01-22 12:00:00,30.75,118.75,-2.8,128.0
2024-01-22 13:00:00,30.75,118.75,-3.1,128.0
2024-01-22 14:00:00,30.75,118.75,-3.2,128.0
2024-01-22 15:00:00,30.75,118.75,-3.4,128.0
2024-01-22 16:00:00,30.75,118.75,-3.5,128.0
2024-01-22 17:00:00,30.75,118.75,-3.9,128.0
2024-01-22 18:00:00,30.75,118.75,-4.3,128.0
2024-01-22 19:00:00,30.75,118.75,-4.5,128.0
2024-01-22 20:00:00,30.75,118.75,-4.7,128.0
2024-01-22 21:00:00,30.75,118.75,-4.9,128.0
2024-01-22 22:00:00,30.75,118.75,-5.1,128.0
2024-01-22 23:00:00,30.75,118.75,-5.4,128.0
2024-01-23 00:00:00,30.75,118.75,-5.3,128.0
2024-01-23 01:00:00,30.75,118.75,-4.4,128.0
2024-01-23 02:00:00,30.75,118.75,-3.3,128.0
2024-01-23 03:00:00,30.75,118.75,-2.3,128.0
2024-01-23 04:00:00,30.75,118.75,-1.6,128.0
2024-01-23 05:00:00,30.75,118.75,-1.1,128.0
2024-01-23 06:00:00,30.75,118.75,-0.7,128.0
2024-01-23 07:00:00,30.75,118.75,-0.7,128.0
2024-01-23 08:00:00,30.75,118.75,-1.2,128.0
2024-01-23 09:00:00,30.75,118.75,-2.0,128.0
2024-01-23 10:00:00,30.75,118.75,-3.5,128.0
2024-01-23 11:00:00,30.75,118.75,-3.7,128.0
2024-01-23 12:00:00,30.75,118.75,-3.7,128.0
2024-01-23 13:00:00,30.75,118.75,-3.8,128.0
2024-01-23 14:00:00,30.75,118.75,-3.8,128.0
2024-01-23 15:00:00,30.75,118.75,-3.8,128.0
2024-01-23 16:00:00,30.75,118.75,-3.8,128.0
2024-01-23 17:00:00,30.75,118.75,-3.9,128.0
2024-01-23 18:00:00,30.75,118.75,-4.0,128.0
2024-01-23 19:00:00,30.75,118.75,-4.1,128.0
2024-01-23 20:00:00,30.75,118.75,-4.2,128.0
2024-01-23 21:00:00,30.75,118.75,-4.2,128.0
2024-01-23 22:00:00,30.75,118.75,-4.3,128.0
2024-01-23 23:00:00,30.75,118.75,-4.4,128.0
2024-01-24 00:00:00,30.75,118.75,-3.4,128.0
2024-01-24 01:00:00,30.75,118.75,-1.7,128.0
2024-01-24 02:00:00,30.75,118.75,-0.3,128.0
2024-01-24 03:00:00,30.75,118.75,0.9,128.0
2024-01-24 04:00:00,30.75,118.75,1.7,128.0
2024-01-24 05:00:00,30.75,118.75,2.3,128.0
2024-01-24 06:00:00,30.75,118.75,2.6,128.0
2024-01-24 07:00:00,30.75,118.75,2.5,128.0
2024-01-24 08:00:00,30.75,118.75,2.0,128.0
2024-01-24 09:00:00,30.75,118.75,0.3,128.0
2024-01-24 10:00:00,30.75,118.75,-1.7,128.0
2024-01-24 11:00:00,30.75,118.75,-2.1,128.0
2024-01-24 12:00:00,30.75,118.75,-2.3,128.0
2024-01-24 13:00:00,30.75,118.75,-2.4,128.0
2024-01-24 14:00:00,30.75,118.75,-2.5,128.0
2024-01-24 15:00:00,30.75,118.75,-2.6,128.0
2024-01-24 16:00:00,30.75,118.75,-2.3,128.0
2024-01-24 17:00:00,30.75,118.75,-2.1,128.0
2024-01-24 18:00:00,30.75,118.75,-2.0,128.0
2024-01-24 19:00:00,30.75,118.75,-2.2,128.0
2024-01-24 20:00:00,30.75,118.75,-2.4,128.0
2024-01-24 21:00:00,30.75,118.75,-2.6,128.0
2024-01-24 22:00:00,30.75,118.75,-2.5,128.0
2024-01-24 23:00:00,30.75,118.75,-2.5,128.0
2024-01-22 00:00:00,30.75,119.0,-1.2,100.0
2024-01-22 01:00:00,30.75,119.0,-1.0,100.0
2024-01-22 02:00:00,30.75,119.0,-0.7,100.0
2024-01-22 03:00:00,30.75,119.0,-0.2,100.0
2024-01-22 04:00:00,30.75,119.0,-0.4,100.0
2024-01-22 05:00:00,30.75,119.0,-0.0,100.0
2024-01-22 06:00:00,30.75,119.0,-0.6,100.0
2024-01-22 07:00:00,30.75,119.0,-0.9,100.0
2024-01-22 08:00:00,30.75,119.0,-1.3,100.0
2024-01-22 09:00:00,30.75,119.0,-1.9,100.0
2024-01-22 10:00:00,30.75,119.0,-2.4,100.0
2024-01-22 11:00:00,30.75,119.0,-2.2,100.0
2024-01-22 12:00:00,30.75,119.0,-2.5,100.0
2024-01-22 13:00:00,30.75,119.0,-2.5,100.0
2024-01-22 14:00:00,30.75,119.0,-2.7,100.0
2024-01-22 15:00:00,30.75,119.0,-2.8,100.0
2024-01-22 16:00:00,30.75,119.0,-3.2,100.0
2024-01-22 17:00:00,30.75,119.0,-3.5,100.0
2024-01-22 18:00:00,30.75,119.0,-4.0,100.0
2024-01-22 19:00:00,30.75,119.0,-4.2,100.0
2024-01-22 20:00:00,30.75,119.0,-4.4,100.0
2024-01-22 21:00:00,30.75,119.0,-4.5,100.0
2024-01-22 22:00:00,30.75,119.0,-4.7,100.0
2024-01-22 23:00:00,30.75,119.0,-4.9,100.0
2024-01-23 00:00:00,30.75,119.0,-4.7,100.0
2024-01-23 01:00:00,30.75,119.0,-3.8,100.0
2024-01-23 02:00:00,30.75,119.0,-2.8,100.0
2024-01-23 03:00:00,30.75,119.0,-1.9,100.0
2024-01-23 04:00:00,30.75,119.0,-1.1,100.0
2024-01-23 05:00:00,30.75,119.0,-0.7,100.0
2024-01-23 06:00:00,30.75,119.0,-0.4,100.0
2024-01-23 07:00:00,30.75,119.0,-0.4,100.0
2024-01-23 08:00:00,30.75,119.0,-0.8,100.0
2024-01-23 09:00:00,30.75,119.0,-1.7,100.0
2024-01-23 10:00:00,30.75,119.0,-3.3,100.0
2024-01-23 11:00:00,30.75,119.0,-3.6,100.0
2024-01-23 12:00:00,30.75,119.0,-3.6,100.0
2024-01-23 13:00:00,30.75,119.0,-3.7,100.0
2024-01-23 14:00:00,30.75,119.0,-3.7,100.0
2024-01-23 15:00:00,30.75,119.0,-3.8,100.0
2024-01-23 16:00:00,30.75,119.0,-3.9,100.0
2024-01-23 17:00:00,30.75,119.0,-4.0,100.0
2024-01-23 18:00:00,30.75,119.0,-4.0,100.0
2024-01-23 19:00:00,30.75,119.0,-4.1,100.0
2024-01-23 20:00:00,30.75,119.0,-4.2,100.0
2024-01-23 21:00:00,30.75,119.0,-4.3,100.0
2024-01-23 22:00:00,30.75,119.0,-4.4,100.0
2024-01-23 23:00:00,30.75,119.0,-4.6,100.0
2024-01-24 00:00:00,30.75,119.0,-3.5,100.0
2024-01-24 01:00:00,30.75,119.0,-1.7,100.0
2024-01-24 02:00:00,30.75,119.0,-0.3,100.0
2024-01-24 03:00:00,30.75,119.0,1.0,100.0
2024-01-24 04:00:00,30.75,119.0,1.9,100.0
2024-01-24 05:00:00,30.75,119.0,2.5,100.0
2024-01-24 06:00:00,30.75,119.0,2.8,100.0
2024-01-24 07:00:00,30.75,119.0,2.8,100.0
2024-01-24 08:00:00,30.75,119.0,2.3,100.0
2024-01-24 09:00:00,30.75,119.0,0.5,100.0
2024-01-24 10:00:00,30.75,119.0,-1.6,100.0
2024-01-24 11:00:00,30.75,119.0,-2.1,100.0
2024-01-24 12:00:00,30.75,119.0,-2.3,100.0
2024-01-24 13:00:00,30.75,119.0,-2.5,100.0
2024-01-24 14:00:00,30.75,119.0,-2.7,100.0
2024-01-24 15:00:00,30.75,119.0,-2.8,100.0
2024-01-24 16:00:00,30.75,119.0,-2.9,100.0
2024-01-24 17:00:00,30.75,119.0,-2.5,100.0
2024-01-24 18:00:00,30.75,119.0,-2.3,100.0
2024-01-24 19:00:00,30.75,119.0,-2.3,100.0
2024-01-24 20:00:00,30.75,119.0,-2.5,100.0
2024-01-24 21:00:00,30.75,119.0,-2.8,100.0
2024-01-24 22:00:00,30.75,119.0,-3.0,100.0
2024-01-24 23:00:00,30.75,119.0,-3.1,100.0
2024-01-22 00:00:00,30.75,119.25,-1.3,85.0
2024-01-22 01:00:00,30.75,119.25,-0.9,85.0
2024-01-22 02:00:00,30.75,119.25,-0.5,85.0
2024-01-22 03:00:00,30.75,119.25,-0.0,85.0
2024-01-22 04:00:00,30.75,119.25,-0.4,85.0
2024-01-22 05:00:00,30.75,119.25,-0.5,85.0
2024-01-22 06:00:00,30.75,119.25,-0.9,85.0
2024-01-22 07:00:00,30.75,119.25,-1.5,85.0
2024-01-22 08:00:00,30.75,119.25,-1.8,85.0
2024-01-22 09:00:00,30.75,119.25,-2.0,85.0
2024-01-22 10:00:00,30.75,119.25,-2.9,85.0
2024-01-22 11:00:00,30.75,119.25,-2.8,85.0
2024-01-22 12:00:00,30.75,119.25,-2.9,85.0
2024-01-22 13:00:00,30.75,119.25,-3.2,85.0
2024-01-22 14:00:00,30.75,119.25,-3.3,85.0
2024-01-22 15:00:00,30.75,119.25,-3.5,85.0
2024-01-22 16:00:00,30.75,119.25,-3.8,85.0
2024-01-22 17:00:00,30.75,119.25,-4.0,85.0
2024-01-22 18:00:00,30.75,119.25,-4.5,85.0
2024-01-22 19:00:00,30.75,119.25,-4.8,85.0
2024-01-22 20:00:00,30.75,119.25,-5.0,85.0
2024-01-22 21:00:00,30.75,119.25,-5.1,85.0
2024-01-22 22:00:00,30.75,119.25,-5.1,85.0
2024-01-22 23:00:00,30.75,119.25,-5.3,85.0
2024-01-23 00:00:00,30.75,119.25,-4.9,85.0
2024-01-23 01:00:00,30.75,119.25,-3.8,85.0
2024-01-23 02:00:00,30.75,119.25,-2.6,85.0
2024-01-23 03:00:00,30.75,119.25,-1.7,85.0
2024-01-23 04:00:00,30.75,119.25,-1.1,85.0
2024-01-23 05:00:00,30.75,119.25,-0.5,85.0
2024-01-23 06:00:00,30.75,119.25,-0.4,85.0
2024-01-23 07:00:00,30.75,119.25,-0.5,85.0
2024-01-23 08:00:00,30.75,119.25,-1.1,85.0
2024-01-23 09:00:00,30.75,119.25,-2.0,85.0
2024-01-23 10:00:00,30.75,119.25,-3.5,85.0
2024-01-23 11:00:00,30.75,119.25,-3.8,85.0
2024-01-23 12:00:00,30.75,119.25,-3.7,85.0
2024-01-23 13:00:00,30.75,119.25,-3.7,85.0
2024-01-23 14:00:00,30.75,119.25,-3.8,85.0
2024-01-23 15:00:00,30.75,119.25,-3.9,85.0
2024-01-23 16:00:00,30.75,119.25,-4.0,85.0
2024-01-23 17:00:00,30.75,119.25,-4.1,85.0
2024-01-23 18:00:00,30.75,119.25,-4.2,85.0
2024-01-23 19:00:00,30.75,119.25,-4.4,85.0
2024-01-23 20:00:00,30.75,119.25,-4.5,85.0
2024-01-23 21:00:00,30.75,119.25,-4.6,85.0
2024-01-23 22:00:00,30.75,119.25,-4.7,85.0
2024-01-23 23:00:00,30.75,119.25,-4.8,85.0
2024-01-24 00:00:00,30.75,119.25,-3.5,85.0
2024-01-24 01:00:00,30.75,119.25,-1.7,85.0
2024-01-24 02:00:00,30.75,119.25,-0.2,85.0
2024-01-24 03:00:00,30.75,119.25,1.0,85.0
2024-01-24 04:00:00,30.75,119.25,2.0,85.0
2024-01-24 05:00:00,30.75,119.25,2.7,85.0
2024-01-24 06:00:00,30.75,119.25,3.0,85.0
2024-01-24 07:00:00,30.75,119.25,2.9,85.0
2024-01-24 08:00:00,30.75,119.25,2.3,85.0
2024-01-24 09:00:00,30.75,119.25,0.4,85.0
2024-01-24 10:00:00,30.75,119.25,-1.8,85.0
2024-01-24 11:00:00,30.75,119.25,-2.1,85.0
2024-01-24 12:00:00,30.75,119.25,-2.3,85.0
2024-01-24 13:00:00,30.75,119.25,-2.4,85.0
2024-01-24 14:00:00,30.75,119.25,-2.5,85.0
2024-01-24 15:00:00,30.75,119.25,-2.5,85.0
2024-01-24 16:00:00,30.75,119.25,-2.6,85.0
2024-01-24 17:00:00,30.75,119.25,-2.0,85.0
2024-01-24 18:00:00,30.75,119.25,-1.9,85.0
2024-01-24 19:00:00,30.75,119.25,-1.8,85.0
2024-01-24 20:00:00,30.75,119.25,-1.8,85.0
2024-01-24 21:00:00,30.75,119.25,-2.2,85.0
2024-01-24 22:00:00,30.75,119.25,-2.5,85.0
2024-01-24 23:00:00,30.75,119.25,-2.6,85.0
2024-01-22 00:00:00,30.75,119.5,-3.1,339.0
2024-01-22 01:00:00,30.75,119.5,-2.7,339.0
2024-01-22 02:00:00,30.75,119.5,-2.4,339.0
2024-01-22 03:00:00,30.75,119.5,-1.6,339.0
2024-01-22 04:00:00,30.75,119.5,-1.6,339.0
2024-01-22 05:00:00,30.75,119.5,-1.9,339.0
2024-01-22 06:00:00,30.75,119.5,-1.9,339.0
2024-01-22 07:00:00,30.75,119.5,-2.5,339.0
2024-01-22 08:00:00,30.75,119.5,-3.3,339.0
2024-01-22 09:00:00,30.75,119.5,-3.7,339.0
2024-01-22 10:00:00,30.75,119.5,-4.1,339.0
2024-01-22 11:00:00,30.75,119.5,-4.4,339.0
2024-01-22 12:00:00,30.75,119.5,-4.4,339.0
2024-01-22 13:00:00,30.75,119.5,-4.6,339.0
2024-01-22 14:00:00,30.75,119.5,-4.9,339.0
2024-01-22 15:00:00,30.75,119.5,-4.8,339.0
2024-01-22 16:00:00,30.75,119.5,-5.1,339.0
2024-01-22 17:00:00,30.75,119.5,-5.5,339.0
2024-01-22 18:00:00,30.75,119.5,-6.0,339.0
2024-01-22 19:00:00,30.75,119.5,-6.3,339.0
2024-01-22 20:00:00,30.75,119.5,-6.6,339.0
2024-01-22 21:00:00,30.75,119.5,-6.7,339.0
2024-01-22 22:00:00,30.75,119.5,-6.8,339.0
2024-01-22 23:00:00,30.75,119.5,-7.1,339.0
2024-01-23 00:00:00,30.75,119.5,-6.9,339.0
2024-01-23 01:00:00,30.75,119.5,-5.8,339.0
2024-01-23 02:00:00,30.75,119.5,-4.4,339.0
2024-01-23 03:00:00,30.75,119.5,-3.2,339.0
2024-01-23 04:00:00,30.75,119.5,-2.3,339.0
2024-01-23 05:00:00,30.75,119.5,-1.8,339.0
2024-01-23 06:00:00,30.75,119.5,-1.8,339.0
2024-01-23 07:00:00,30.75,119.5,-2.1,339.0
2024-01-23 08:00:00,30.75,119.5,-2.6,339.0
2024-01-23 09:00:00,30.75,119.5,-3.7,339.0
2024-01-23 10:00:00,30.75,119.5,-5.0,339.0
2024-01-23 11:00:00,30.75,119.5,-5.6,339.0
2024-01-23 12:00:00,30.75,119.5,-5.5,339.0
2024-01-23 13:00:00,30.75,119.5,-5.4,339.0
2024-01-23 14:00:00,30.75,119.5,-5.3,339.0
2024-01-23 15:00:00,30.75,119.5,-5.3,339.0
2024-01-23 16:00:00,30.75,119.5,-5.4,339.0
2024-01-23 17:00:00,30.75,119.5,-5.4,339.0
2024-01-23 18:00:00,30.75,119.5,-5.5,339.0
2024-01-23 19:00:00,30.75,119.5,-5.7,339.0
2024-01-23 20:00:00,30.75,119.5,-5.9,339.0
2024-01-23 21:00:00,30.75,119.5,-6.2,339.0
2024-01-23 22:00:00,30.75,119.5,-6.3,339.0
2024-01-23 23:00:00,30.75,119.5,-6.4,339.0
2024-01-24 00:00:00,30.75,119.5,-5.0,339.0
2024-01-24 01:00:00,30.75,119.5,-3.0,339.0
2024-01-24 02:00:00,30.75,119.5,-1.5,339.0
2024-01-24 03:00:00,30.75,119.5,-0.2,339.0
2024-01-24 04:00:00,30.75,119.5,0.7,339.0
2024-01-24 05:00:00,30.75,119.5,1.3,339.0
2024-01-24 06:00:00,30.75,119.5,1.4,339.0
2024-01-24 07:00:00,30.75,119.5,1.4,339.0
2024-01-24 08:00:00,30.75,119.5,0.8,339.0
2024-01-24 09:00:00,30.75,119.5,-1.2,339.0
2024-01-24 10:00:00,30.75,119.5,-3.5,339.0
2024-01-24 11:00:00,30.75,119.5,-4.1,339.0
2024-01-24 12:00:00,30.75,119.5,-4.3,339.0
2024-01-24 13:00:00,30.75,119.5,-4.4,339.0
2024-01-24 14:00:00,30.75,119.5,-4.5,339.0
2024-01-24 15:00:00,30.75,119.5,-4.5,339.0
2024-01-24 16:00:00,30.75,119.5,-4.5,339.0
2024-01-24 17:00:00,30.75,119.5,-4.5,339.0
2024-01-24 18:00:00,30.75,119.5,-3.8,339.0
2024-01-24 19:00:00,30.75,119.5,-3.9,339.0
2024-01-24 20:00:00,30.75,119.5,-3.6,339.0
2024-01-24 21:00:00,30.75,119.5,-3.8,339.0
2024-01-24 22:00:00,30.75,119.5,-4.2,339.0
2024-01-24 23:00:00,30.75,119.5,-4.5,339.0
2024-01-22 00:00:00,30.75,119.75,-1.2,19.0
2024-01-22 01:00:00,30.75,119.75,-0.9,19.0
2024-01-22 02:00:00,30.75,119.75,-0.5,19.0
2024-01-22 03:00:00,30.75,119.75,0.3,19.0
2024-01-22 04:00:00,30.75,119.75,0.6,19.0
2024-01-22 05:00:00,30.75,119.75,0.5,19.0
2024-01-22 06:00:00,30.75,119.75,0.4,19.0
2024-01-22 07:00:00,30.75,119.75,-0.2,19.0
2024-01-22 08:00:00,30.75,119.75,-1.2,19.0
2024-01-22 09:00:00,30.75,119.75,-1.6,19.0
2024-01-22 10:00:00,30.75,119.75,-1.8,19.0
2024-01-22 11:00:00,30.75,119.75,-2.1,19.0
2024-01-22 12:00:00,30.75,119.75,-2.3,19.0
2024-01-22 13:00:00,30.75,119.75,-2.6,19.0
2024-01-22 14:00:00,30.75,119.75,-2.7,19.0
2024-01-22 15:00:00,30.75,119.75,-2.7,19.0
2024-01-22 16:00:00,30.75,119.75,-2.9,19.0
2024-01-22 17:00:00,30.75,119.75,-3.3,19.0
2024-01-22 18:00:00,30.75,119.75,-3.8,19.0
2024-01-22 19:00:00,30.75,119.75,-4.0,19.0
2024-01-22 20:00:00,30.75,119.75,-4.4,19.0
2024-01-22 21:00:00,30.75,119.75,-4.6,19.0
2024-01-22 22:00:00,30.75,119.75,-4.7,19.0
2024-01-22 23:00:00,30.75,119.75,-4.9,19.0
2024-01-23 00:00:00,30.75,119.75,-4.7,19.0
2024-01-23 01:00:00,30.75,119.75,-3.8,19.0
2024-01-23 02:00:00,30.75,119.75,-2.7,19.0
2024-01-23 03:00:00,30.75,119.75,-1.6,19.0
2024-01-23 04:00:00,30.75,119.75,-0.6,19.0
2024-01-23 05:00:00,30.75,119.75,0.1,19.0
2024-01-23 06:00:00,30.75,119.75,0.3,19.0
2024-01-23 07:00:00,30.75,119.75,0.2,19.0
2024-01-23 08:00:00,30.75,119.75,-0.4,19.0
2024-01-23 09:00:00,30.75,119.75,-1.4,19.0
2024-01-23 10:00:00,30.75,119.75,-2.9,19.0
2024-01-23 11:00:00,30.75,119.75,-3.4,19.0
2024-01-23 12:00:00,30.75,119.75,-3.6,19.0
2024-01-23 13:00:00,30.75,119.75,-3.8,19.0
2024-01-23 14:00:00,30.75,119.75,-3.8,19.0
2024-01-23 15:00:00,30.75,119.75,-3.8,19.0
2024-01-23 16:00:00,30.75,119.75,-3.8,19.0
2024-01-23 17:00:00,30.75,119.75,-3.7,19.0
2024-01-23 18:00:00,30.75,119.75,-3.8,19.0
2024-01-23 19:00:00,30.75,119.75,-3.9,19.0
2024-01-23 20:00:00,30.75,119.75,-3.9,19.0
2024-01-23 21:00:00,30.75,119.75,-4.0,19.0
2024-01-23 22:00:00,30.75,119.75,-4.2,19.0
2024-01-23 23:00:00,30.75,119.75,-4.3,19.0
2024-01-24 00:00:00,30.75,119.75,-3.1,19.0
2024-01-24 01:00:00,30.75,119.75,-1.4,19.0
2024-01-24 02:00:00,30.75,119.75,0.0,19.0
2024-01-24 03:00:00,30.75,119.75,1.1,19.0
2024-01-24 04:00:00,30.75,119.75,2.1,19.0
2024-01-24 05:00:00,30.75,119.75,2.8,19.0
2024-01-24 06:00:00,30.75,119.75,3.3,19.0
2024-01-24 07:00:00,30.75,119.75,3.3,19.0
2024-01-24 08:00:00,30.75,119.75,2.9,19.0
2024-01-24 09:00:00,30.75,119.75,0.9,19.0
2024-01-24 10:00:00,30.75,119.75,-1.1,19.0
2024-01-24 11:00:00,30.75,119.75,-1.8,19.0
2024-01-24 12:00:00,30.75,119.75,-2.1,19.0
2024-01-24 13:00:00,30.75,119.75,-2.3,19.0
2024-01-24 14:00:00,30.75,119.75,-2.5,19.0
2024-01-24 15:00:00,30.75,119.75,-2.6,19.0
2024-01-24 16:00:00,30.75,119.75,-2.6,19.0
2024-01-24 17:00:00,30.75,119.75,-2.6,19.0
2024-01-24 18:00:00,30.75,119.75,-2.1,19.0
2024-01-24 19:00:00,30.75,119.75,-2.0,19.0
2024-01-24 20:00:00,30.75,119.75,-1.8,19.0
2024-01-24 21:00:00,30.75,119.75,-1.6,19.0
2024-01-24 22:00:00,30.75,119.75,-1.9,19.0
2024-01-24 23:00:00,30.75,119.75,-2.3,19.0
2024-01-22 00:00:00,30.75,120.0,-1.0,40.0
2024-01-22 01:00:00,30.75,120.0,-0.9,40.0
2024-01-22 02:00:00,30.75,120.0,-0.6,40.0
2024-01-22 03:00:00,30.75,120.0,-0.1,40.0
2024-01-22 04:00:00,30.75,120.0,0.0,40.0
2024-01-22 05:00:00,30.75,120.0,0.1,40.0
2024-01-22 06:00:00,30.75,120.0,-0.0,40.0
2024-01-22 07:00:00,30.75,120.0,-0.2,40.0
2024-01-22 08:00:00,30.75,120.0,-1.1,40.0
2024-01-22 09:00:00,30.75,120.0,-1.8,40.0
2024-01-22 10:00:00,30.75,120.0,-2.2,40.0
2024-01-22 11:00:00,30.75,120.0,-2.3,40.0
2024-01-22 12:00:00,30.75,120.0,-2.5,40.0
2024-01-22 13:00:00,30.75,120.0,-2.6,40.0
2024-01-22 14:00:00,30.75,120.0,-2.8,40.0
2024-01-22 15:00:00,30.75,120.0,-2.9,40.0
2024-01-22 16:00:00,30.75,120.0,-3.1,40.0
2024-01-22 17:00:00,30.75,120.0,-3.5,40.0
2024-01-22 18:00:00,30.75,120.0,-4.0,40.0
2024-01-22 19:00:00,30.75,120.0,-4.0,40.0
2024-01-22 20:00:00,30.75,120.0,-4.2,40.0
2024-01-22 21:00:00,30.75,120.0,-4.6,40.0
2024-01-22 22:00:00,30.75,120.0,-4.8,40.0
2024-01-22 23:00:00,30.75,120.0,-5.1,40.0
2024-01-23 00:00:00,30.75,120.0,-4.8,40.0
2024-01-23 01:00:00,30.75,120.0,-3.9,40.0
2024-01-23 02:00:00,30.75,120.0,-2.8,40.0
2024-01-23 03:00:00,30.75,120.0,-1.7,40.0
2024-01-23 04:00:00,30.75,120.0,-0.8,40.0
2024-01-23 05:00:00,30.75,120.0,-0.1,40.0
2024-01-23 06:00:00,30.75,120.0,0.4,40.0
2024-01-23 07:00:00,30.75,120.0,0.4,40.0
2024-01-23 08:00:00,30.75,120.0,0.1,40.0
2024-01-23 09:00:00,30.75,120.0,-1.3,40.0
2024-01-23 10:00:00,30.75,120.0,-2.3,40.0
2024-01-23 11:00:00,30.75,120.0,-2.7,40.0
2024-01-23 12:00:00,30.75,120.0,-2.8,40.0
2024-01-23 13:00:00,30.75,120.0,-2.9,40.0
2024-01-23 14:00:00,30.75,120.0,-2.9,40.0
2024-01-23 15:00:00,30.75,120.0,-3.1,40.0
2024-01-23 16:00:00,30.75,120.0,-3.2,40.0
2024-01-23 17:00:00,30.75,120.0,-3.2,40.0
2024-01-23 18:00:00,30.75,120.0,-3.3,40.0
2024-01-23 19:00:00,30.75,120.0,-3.3,40.0
2024-01-23 20:00:00,30.75,120.0,-3.5,40.0
2024-01-23 21:00:00,30.75,120.0,-3.7,40.0
2024-01-23 22:00:00,30.75,120.0,-3.9,40.0
2024-01-23 23:00:00,30.75,120.0,-4.0,40.0
2024-01-24 00:00:00,30.75,120.0,-3.0,40.0
2024-01-24 01:00:00,30.75,120.0,-1.5,40.0
2024-01-24 02:00:00,30.75,120.0,-0.1,40.0
2024-01-24 03:00:00,30.75,120.0,1.1,40.0
2024-01-24 04:00:00,30.75,120.0,2.1,40.0
2024-01-24 05:00:00,30.75,120.0,2.9,40.0
2024-01-24 06:00:00,30.75,120.0,3.6,40.0
2024-01-24 07:00:00,30.75,120.0,3.7,40.0
2024-01-24 08:00:00,30.75,120.0,3.2,40.0
2024-01-24 09:00:00,30.75,120.0,1.2,40.0
2024-01-24 10:00:00,30.75,120.0,-0.9,40.0
2024-01-24 11:00:00,30.75,120.0,-1.5,40.0
2024-01-24 12:00:00,30.75,120.0,-1.8,40.0
2024-01-24 13:00:00,30.75,120.0,-2.0,40.0
2024-01-24 14:00:00,30.75,120.0,-2.2,40.0
2024-01-24 15:00:00,30.75,120.0,-2.3,40.0
2024-01-24 16:00:00,30.75,120.0,-2.4,40.0
2024-01-24 17:00:00,30.75,120.0,-2.4,40.0
2024-01-24 18:00:00,30.75,120.0,-1.9,40.0
2024-01-24 19:00:00,30.75,120.0,-1.9,40.0
2024-01-24 20:00:00,30.75,120.0,-1.7,40.0
2024-01-24 21:00:00,30.75,120.0,-1.6,40.0
2024-01-24 22:00:00,30.75,120.0,-1.6,40.0
2024-01-24 23:00:00,30.75,120.0,-2.1,40.0
2024-01-22 00:00:00,30.75,120.25,-0.2,2.0
2024-01-22 01:00:00,30.75,120.25,-0.1,2.0
2024-01-22 02:00:00,30.75,120.25,0.0,2.0
2024-01-22 03:00:00,30.75,120.25,0.1,2.0
2024-01-22 04:00:00,30.75,120.25,0.1,2.0
2024-01-22 05:00:00,30.75,120.25,0.1,2.0
2024-01-22 06:00:00,30.75,120.25,-0.2,2.0
2024-01-22 07:00:00,30.75,120.25,-0.4,2.0
2024-01-22 08:00:00,30.75,120.25,-0.7,2.0
2024-01-22 09:00:00,30.75,120.25,-0.9,2.0
2024-01-22 10:00:00,30.75,120.25,-1.2,2.0
2024-01-22 11:00:00,30.75,120.25,-1.3,2.0
2024-01-22 12:00:00,30.75,120.25,-1.4,2.0
2024-01-22 13:00:00,30.75,120.25,-1.4,2.0
2024-01-22 14:00:00,30.75,120.25,-1.6,2.0
2024-01-22 15:00:00,30.75,120.25,-1.8,2.0
2024-01-22 16:00:00,30.75,120.25,-2.0,2.0
2024-01-22 17:00:00,30.75,120.25,-2.4,2.0
2024-01-22 18:00:00,30.75,120.25,-2.9,2.0
2024-01-22 19:00:00,30.75,120.25,-3.2,2.0
2024-01-22 20:00:00,30.75,120.25,-3.5,2.0
2024-01-22 21:00:00,30.75,120.25,-3.8,2.0
2024-01-22 22:00:00,30.75,120.25,-4.1,2.0
2024-01-22 23:00:00,30.75,120.25,-4.4,2.0
2024-01-23 00:00:00,30.75,120.25,-4.4,2.0
2024-01-23 01:00:00,30.75,120.25,-3.6,2.0
2024-01-23 02:00:00,30.75,120.25,-2.6,2.0
2024-01-23 03:00:00,30.75,120.25,-1.7,2.0
2024-01-23 04:00:00,30.75,120.25,-0.9,2.0
2024-01-23 05:00:00,30.75,120.25,-0.2,2.0
2024-01-23 06:00:00,30.75,120.25,0.3,2.0
2024-01-23 07:00:00,30.75,120.25,0.5,2.0
2024-01-23 08:00:00,30.75,120.25,0.1,2.0
2024-01-23 09:00:00,30.75,120.25,-0.9,2.0
2024-01-23 10:00:00,30.75,120.25,-1.9,2.0
2024-01-23 11:00:00,30.75,120.25,-2.1,2.0
2024-01-23 12:00:00,30.75,120.25,-2.3,2.0
2024-01-23 13:00:00,30.75,120.25,-2.6,2.0
2024-01-23 14:00:00,30.75,120.25,-2.7,2.0
2024-01-23 15:00:00,30.75,120.25,-2.8,2.0
2024-01-23 16:00:00,30.75,120.25,-2.8,2.0
2024-01-23 17:00:00,30.75,120.25,-2.8,2.0
2024-01-23 18:00:00,30.75,120.25,-2.9,2.0
2024-01-23 19:00:00,30.75,120.25,-3.0,2.0
2024-01-23 20:00:00,30.75,120.25,-3.1,2.0
2024-01-23 21:00:00,30.75,120.25,-3.1,2.0
2024-01-23 22:00:00,30.75,120.25,-3.2,2.0
2024-01-23 23:00:00,30.75,120.25,-3.3,2.0
2024-01-24 00:00:00,30.75,120.25,-2.5,2.0
2024-01-24 01:00:00,30.75,120.25,-1.0,2.0
2024-01-24 02:00:00,30.75,120.25,0.3,2.0
2024-01-24 03:00:00,30.75,120.25,1.5,2.0
2024-01-24 04:00:00,30.75,120.25,2.5,2.0
2024-01-24 05:00:00,30.75,120.25,3.3,2.0
2024-01-24 06:00:00,30.75,120.25,3.7,2.0
2024-01-24 07:00:00,30.75,120.25,3.6,2.0
2024-01-24 08:00:00,30.75,120.25,3.3,2.0
2024-01-24 09:00:00,30.75,120.25,1.8,2.0
2024-01-24 10:00:00,30.75,120.25,0.2,2.0
2024-01-24 11:00:00,30.75,120.25,-0.2,2.0
2024-01-24 12:00:00,30.75,120.25,-0.7,2.0
2024-01-24 13:00:00,30.75,120.25,-0.9,2.0
2024-01-24 14:00:00,30.75,120.25,-1.0,2.0
2024-01-24 15:00:00,30.75,120.25,-1.1,2.0
2024-01-24 16:00:00,30.75,120.25,-1.2,2.0
2024-01-24 17:00:00,30.75,120.25,-1.2,2.0
2024-01-24 18:00:00,30.75,120.25,-1.2,2.0
2024-01-24 19:00:00,30.75,120.25,-1.0,2.0
2024-01-24 20:00:00,30.75,120.25,-0.9,2.0
2024-01-24 21:00:00,30.75,120.25,-0.9,2.0
2024-01-24 22:00:00,30.75,120.25,-0.8,2.0
2024-01-24 23:00:00,30.75,120.25,-1.3,2.0
2024-01-22 00:00:00,30.75,120.5,-0.4,6.0
2024-01-22 01:00:00,30.75,120.5,-0.2,6.0
2024-01-22 02:00:00,30.75,120.5,0.1,6.0
2024-01-22 03:00:00,30.75,120.5,0.1,6.0
2024-01-22 04:00:00,30.75,120.5,0.1,6.0
2024-01-22 05:00:00,30.75,120.5,0.2,6.0
2024-01-22 06:00:00,30.75,120.5,-0.3,6.0
2024-01-22 07:00:00,30.75,120.5,-0.5,6.0
2024-01-22 08:00:00,30.75,120.5,-0.5,6.0
2024-01-22 09:00:00,30.75,120.5,-1.0,6.0
2024-01-22 10:00:00,30.75,120.5,-1.3,6.0
2024-01-22 11:00:00,30.75,120.5,-1.2,6.0
2024-01-22 12:00:00,30.75,120.5,-1.2,6.0
2024-01-22 13:00:00,30.75,120.5,-1.3,6.0
2024-01-22 14:00:00,30.75,120.5,-1.6,6.0
2024-01-22 15:00:00,30.75,120.5,-1.7,6.0
2024-01-22 16:00:00,30.75,120.5,-1.9,6.0
2024-01-22 17:00:00,30.75,120.5,-2.1,6.0
2024-01-22 18:00:00,30.75,120.5,-2.6,6.0
2024-01-22 19:00:00,30.75,120.5,-2.8,6.0
2024-01-22 20:00:00,30.75,120.5,-3.1,6.0
2024-01-22 21:00:00,30.75,120.5,-3.3,6.0
2024-01-22 22:00:00,30.75,120.5,-3.5,6.0
2024-01-22 23:00:00,30.75,120.5,-3.8,6.0
2024-01-23 00:00:00,30.75,120.5,-3.4,6.0
2024-01-23 01:00:00,30.75,120.5,-2.9,6.0
2024-01-23 02:00:00,30.75,120.5,-2.3,6.0
2024-01-23 03:00:00,30.75,120.5,-1.9,6.0
2024-01-23 04:00:00,30.75,120.5,-1.5,6.0
2024-01-23 05:00:00,30.75,120.5,-0.9,6.0
2024-01-23 06:00:00,30.75,120.5,-0.5,6.0
2024-01-23 07:00:00,30.75,120.5,-0.4,6.0
2024-01-23 08:00:00,30.75,120.5,-0.5,6.0
2024-01-23 09:00:00,30.75,120.5,-0.8,6.0
2024-01-23 10:00:00,30.75,120.5,-1.5,6.0
2024-01-23 11:00:00,30.75,120.5,-1.7,6.0
2024-01-23 12:00:00,30.75,120.5,-1.8,6.0
2024-01-23 13:00:00,30.75,120.5,-2.0,6.0
2024-01-23 14:00:00,30.75,120.5,-2.2,6.0
2024-01-23 15:00:00,30.75,120.5,-2.4,6.0
2024-01-23 16:00:00,30.75,120.5,-2.6,6.0
2024-01-23 17:00:00,30.75,120.5,-2.7,6.0
2024-01-23 18:00:00,30.75,120.5,-2.6,6.0
2024-01-23 19:00:00,30.75,120.5,-2.6,6.0
2024-01-23 20:00:00,30.75,120.5,-2.8,6.0
2024-01-23 21:00:00,30.75,120.5,-3.1,6.0
2024-01-23 22:00:00,30.75,120.5,-3.3,6.0
2024-01-23 23:00:00,30.75,120.5,-3.5,6.0
2024-01-24 00:00:00,30.75,120.5,-2.4,6.0
2024-01-24 01:00:00,30.75,120.5,-0.6,6.0
2024-01-24 02:00:00,30.75,120.5,0.7,6.0
2024-01-24 03:00:00,30.75,120.5,1.5,6.0
2024-01-24 04:00:00,30.75,120.5,2.3,6.0
2024-01-24 05:00:00,30.75,120.5,2.9,6.0
2024-01-24 06:00:00,30.75,120.5,3.0,6.0
2024-01-24 07:00:00,30.75,120.5,2.8,6.0
2024-01-24 08:00:00,30.75,120.5,2.5,6.0
2024-01-24 09:00:00,30.75,120.5,1.5,6.0
2024-01-24 10:00:00,30.75,120.5,-0.2,6.0
2024-01-24 11:00:00,30.75,120.5,-0.4,6.0
2024-01-24 12:00:00,30.75,120.5,-0.5,6.0
2024-01-24 13:00:00,30.75,120.5,-0.7,6.0
2024-01-24 14:00:00,30.75,120.5,-0.8,6.0
2024-01-24 15:00:00,30.75,120.5,-0.8,6.0
2024-01-24 16:00:00,30.75,120.5,-0.9,6.0
2024-01-24 17:00:00,30.75,120.5,-1.0,6.0
2024-01-24 18:00:00,30.75,120.5,-0.9,6.0
2024-01-24 19:00:00,30.75,120.5,-0.6,6.0
2024-01-24 20:00:00,30.75,120.5,-0.5,6.0
2024-01-24 21:00:00,30.75,120.5,-0.6,6.0
2024-01-24 22:00:00,30.75,120.5,-0.6,6.0
2024-01-24 23:00:00,30.75,120.5,-1.2,6.0
2024-01-22 00:00:00,30.75,120.75,-0.9,4.0
2024-01-22 01:00:00,30.75,120.75,-0.6,4.0
2024-01-22 02:00:00,30.75,120.75,-0.0,4.0
2024-01-22 03:00:00,30.75,120.75,0.4,4.0
2024-01-22 04:00:00,30.75,120.75,0.3,4.0
2024-01-22 05:00:00,30.75,120.75,0.5,4.0
2024-01-22 06:00:00,30.75,120.75,0.1,4.0
2024-01-22 07:00:00,30.75,120.75,-0.0,4.0
2024-01-22 08:00:00,30.75,120.75,-0.3,4.0
2024-01-22 09:00:00,30.75,120.75,-0.8,4.0
2024-01-22 10:00:00,30.75,120.75,-1.3,4.0
2024-01-22 11:00:00,30.75,120.75,-1.4,4.0
2024-01-22 12:00:00,30.75,120.75,-1.6,4.0
2024-01-22 13:00:00,30.75,120.75,-1.8,4.0
2024-01-22 14:00:00,30.75,120.75,-2.0,4.0
2024-01-22 15:00:00,30.75,120.75,-2.2,4.0
2024-01-22 16:00:00,30.75,120.75,-2.2,4.0
2024-01-22 17:00:00,30.75,120.75,-2.5,4.0
2024-01-22 18:00:00,30.75,120.75,-3.0,4.0
2024-01-22 19:00:00,30.75,120.75,-3.3,4.0
2024-01-22 20:00:00,30.75,120.75,-3.4,4.0
2024-01-22 21:00:00,30.75,120.75,-3.7,4.0
2024-01-22 22:00:00,30.75,120.75,-3.8,4.0
2024-01-22 23:00:00,30.75,120.75,-3.8,4.0
2024-01-23 00:00:00,30.75,120.75,-3.3,4.0
2024-01-23 01:00:00,30.75,120.75,-2.6,4.0
2024-01-23 02:00:00,30.75,120.75,-1.9,4.0
2024-01-23 03:00:00,30.75,120.75,-1.5,4.0
2024-01-23 04:00:00,30.75,120.75,-1.0,4.0
2024-01-23 05:00:00,30.75,120.75,-0.6,4.0
2024-01-23 06:00:00,30.75,120.75,-0.3,4.0
2024-01-23 07:00:00,30.75,120.75,-0.3,4.0
2024-01-23 08:00:00,30.75,120.75,-0.4,4.0
2024-01-23 09:00:00,30.75,120.75,-0.9,4.0
2024-01-23 10:00:00,30.75,120.75,-1.6,4.0
2024-01-23 11:00:00,30.75,120.75,-2.0,4.0
2024-01-23 12:00:00,30.75,120.75,-1.9,4.0
2024-01-23 13:00:00,30.75,120.75,-1.9,4.0
2024-01-23 14:00:00,30.75,120.75,-2.0,4.0
2024-01-23 15:00:00,30.75,120.75,-2.0,4.0
2024-01-23 16:00:00,30.75,120.75,-2.0,4.0
2024-01-23 17:00:00,30.75,120.75,-2.1,4.0
2024-01-23 18:00:00,30.75,120.75,-2.0,4.0
2024-01-23 19:00:00,30.75,120.75,-1.9,4.0
2024-01-23 20:00:00,30.75,120.75,-2.0,4.0
2024-01-23 21:00:00,30.75,120.75,-2.2,4.0
2024-01-23 22:00:00,30.75,120.75,-2.6,4.0
2024-01-23 23:00:00,30.75,120.75,-2.9,4.0
2024-01-24 00:00:00,30.75,120.75,-1.6,4.0
2024-01-24 01:00:00,30.75,120.75,0.3,4.0
2024-01-24 02:00:00,30.75,120.75,1.4,4.0
2024-01-24 03:00:00,30.75,120.75,2.0,4.0
2024-01-24 04:00:00,30.75,120.75,2.4,4.0
2024-01-24 05:00:00,30.75,120.75,2.7,4.0
2024-01-24 06:00:00,30.75,120.75,2.8,4.0
2024-01-24 07:00:00,30.75,120.75,2.7,4.0
2024-01-24 08:00:00,30.75,120.75,2.3,4.0
2024-01-24 09:00:00,30.75,120.75,1.2,4.0
2024-01-24 10:00:00,30.75,120.75,-0.4,4.0
2024-01-24 11:00:00,30.75,120.75,-0.7,4.0
2024-01-24 12:00:00,30.75,120.75,-0.7,4.0
2024-01-24 13:00:00,30.75,120.75,-0.8,4.0
2024-01-24 14:00:00,30.75,120.75,-0.9,4.0
2024-01-24 15:00:00,30.75,120.75,-1.1,4.0
2024-01-24 16:00:00,30.75,120.75,-1.1,4.0
2024-01-24 17:00:00,30.75,120.75,-1.1,4.0
2024-01-24 18:00:00,30.75,120.75,-0.9,4.0
2024-01-24 19:00:00,30.75,120.75,-0.5,4.0
2024-01-24 20:00:00,30.75,120.75,-0.5,4.0
2024-01-24 21:00:00,30.75,120.75,-0.7,4.0
2024-01-24 22:00:00,30.75,120.75,-0.6,4.0
2024-01-24 23:00:00,30.75,120.75,-0.9,4.0
2024-01-22 00:00:00,30.75,121.0,-0.8,3.0
2024-01-22 01:00:00,30.75,121.0,-0.8,3.0
2024-01-22 02:00:00,30.75,121.0,-0.2,3.0
2024-01-22 03:00:00,30.75,121.0,0.4,3.0
2024-01-22 04:00:00,30.75,121.0,0.5,3.0
2024-01-22 05:00:00,30.75,121.0,0.8,3.0
2024-01-22 06:00:00,30.75,121.0,0.2,3.0
2024-01-22 07:00:00,30.75,121.0,0.2,3.0
2024-01-22 08:00:00,30.75,121.0,-0.3,3.0
2024-01-22 09:00:00,30.75,121.0,-0.7,3.0
2024-01-22 10:00:00,30.75,121.0,-1.3,3.0
2024-01-22 11:00:00,30.75,121.0,-1.4,3.0
2024-01-22 12:00:00,30.75,121.0,-1.5,3.0
2024-01-22 13:00:00,30.75,121.0,-1.7,3.0
2024-01-22 14:00:00,30.75,121.0,-1.9,3.0
2024-01-22 15:00:00,30.75,121.0,-2.1,3.0
2024-01-22 16:00:00,30.75,121.0,-2.1,3.0
2024-01-22 17:00:00,30.75,121.0,-2.4,3.0
2024-01-22 18:00:00,30.75,121.0,-3.0,3.0
2024-01-22 19:00:00,30.75,121.0,-3.3,3.0
2024-01-22 20:00:00,30.75,121.0,-3.7,3.0
2024-01-22 21:00:00,30.75,121.0,-4.0,3.0
2024-01-22 22:00:00,30.75,121.0,-4.2,3.0
2024-01-22 23:00:00,30.75,121.0,-4.4,3.0
2024-01-23 00:00:00,30.75,121.0,-4.2,3.0
2024-01-23 01:00:00,30.75,121.0,-3.4,3.0
2024-01-23 02:00:00,30.75,121.0,-2.2,3.0
2024-01-23 03:00:00,30.75,121.0,-1.2,3.0
2024-01-23 04:00:00,30.75,121.0,-0.4,3.0
2024-01-23 05:00:00,30.75,121.0,0.1,3.0
2024-01-23 06:00:00,30.75,121.0,0.3,3.0
2024-01-23 07:00:00,30.75,121.0,0.2,3.0
2024-01-23 08:00:00,30.75,121.0,-0.4,3.0
2024-01-23 09:00:00,30.75,121.0,-1.2,3.0
2024-01-23 10:00:00,30.75,121.0,-2.2,3.0
2024-01-23 11:00:00,30.75,121.0,-2.6,3.0
2024-01-23 12:00:00,30.75,121.0,-2.6,3.0
2024-01-23 13:00:00,30.75,121.0,-2.6,3.0
2024-01-23 14:00:00,30.75,121.0,-2.7,3.0
2024-01-23 15:00:00,30.75,121.0,-2.8,3.0
2024-01-23 16:00:00,30.75,121.0,-2.8,3.0
2024-01-23 17:00:00,30.75,121.0,-2.7,3.0
2024-01-23 18:00:00,30.75,121.0,-2.6,3.0
2024-01-23 19:00:00,30.75,121.0,-2.5,3.0
2024-01-23 20:00:00,30.75,121.0,-2.5,3.0
2024-01-23 21:00:00,30.75,121.0,-2.7,3.0
2024-01-23 22:00:00,30.75,121.0,-2.8,3.0
2024-01-23 23:00:00,30.75,121.0,-3.0,3.0
2024-01-24 00:00:00,30.75,121.0,-1.8,3.0
2024-01-24 01:00:00,30.75,121.0,-0.3,3.0
2024-01-24 02:00:00,30.75,121.0,1.0,3.0
2024-01-24 03:00:00,30.75,121.0,2.3,3.0
2024-01-24 04:00:00,30.75,121.0,3.1,3.0
2024-01-24 05:00:00,30.75,121.0,3.4,3.0
2024-01-24 06:00:00,30.75,121.0,3.6,3.0
2024-01-24 07:00:00,30.75,121.0,3.6,3.0
2024-01-24 08:00:00,30.75,121.0,3.3,3.0
2024-01-24 09:00:00,30.75,121.0,1.6,3.0
2024-01-24 10:00:00,30.75,121.0,-0.5,3.0
2024-01-24 11:00:00,30.75,121.0,-0.9,3.0
2024-01-24 12:00:00,30.75,121.0,-1.0,3.0
2024-01-24 13:00:00,30.75,121.0,-1.0,3.0
2024-01-24 14:00:00,30.75,121.0,-1.0,3.0
2024-01-24 15:00:00,30.75,121.0,-1.0,3.0
2024-01-24 16:00:00,30.75,121.0,-1.1,3.0
2024-01-24 17:00:00,30.75,121.0,-1.2,3.0
2024-01-24 18:00:00,30.75,121.0,-1.1,3.0
2024-01-24 19:00:00,30.75,121.0,-1.1,3.0
2024-01-24 20:00:00,30.75,121.0,-0.9,3.0
2024-01-24 21:00:00,30.75,121.0,-0.7,3.0
2024-01-24 22:00:00,30.75,121.0,-0.8,3.0
2024-01-24 23:00:00,30.75,121.0,-0.9,3.0
2024-01-22 00:00:00,30.75,121.25,-0.1,2.0
2024-01-22 01:00:00,30.75,121.25,0.2,2.0
2024-01-22 02:00:00,30.75,121.25,0.6,2.0
2024-01-22 03:00:00,30.75,121.25,1.1,2.0
2024-01-22 04:00:00,30.75,121.25,0.9,2.0
2024-01-22 05:00:00,30.75,121.25,1.4,2.0
2024-01-22 06:00:00,30.75,121.25,0.9,2.0
2024-01-22 07:00:00,30.75,121.25,0.9,2.0
2024-01-22 08:00:00,30.75,121.25,0.6,2.0
2024-01-22 09:00:00,30.75,121.25,-0.1,2.0
2024-01-22 10:00:00,30.75,121.25,-0.5,2.0
2024-01-22 11:00:00,30.75,121.25,-0.6,2.0
2024-01-22 12:00:00,30.75,121.25,-1.0,2.0
2024-01-22 13:00:00,30.75,121.25,-1.2,2.0
2024-01-22 14:00:00,30.75,121.25,-1.3,2.0
2024-01-22 15:00:00,30.75,121.25,-1.9,2.0
2024-01-22 16:00:00,30.75,121.25,-2.4,2.0
2024-01-22 17:00:00,30.75,121.25,-2.7,2.0
2024-01-22 18:00:00,30.75,121.25,-3.2,2.0
2024-01-22 19:00:00,30.75,121.25,-3.5,2.0
2024-01-22 20:00:00,30.75,121.25,-3.8,2.0
2024-01-22 21:00:00,30.75,121.25,-4.0,2.0
2024-01-22 22:00:00,30.75,121.25,-4.2,2.0
2024-01-22 23:00:00,30.75,121.25,-4.4,2.0
2024-01-23 00:00:00,30.75,121.25,-4.0,2.0
2024-01-23 01:00:00,30.75,121.25,-3.1,2.0
2024-01-23 02:00:00,30.75,121.25,-2.3,2.0
2024-01-23 03:00:00,30.75,121.25,-1.5,2.0
2024-01-23 04:00:00,30.75,121.25,-0.8,2.0
2024-01-23 05:00:00,30.75,121.25,-0.4,2.0
2024-01-23 06:00:00,30.75,121.25,-0.1,2.0
2024-01-23 07:00:00,30.75,121.25,-0.2,2.0
2024-01-23 08:00:00,30.75,121.25,-0.4,2.0
2024-01-23 09:00:00,30.75,121.25,-1.2,2.0
2024-01-23 10:00:00,30.75,121.25,-2.0,2.0
2024-01-23 11:00:00,30.75,121.25,-2.2,2.0
2024-01-23 12:00:00,30.75,121.25,-2.2,2.0
2024-01-23 13:00:00,30.75,121.25,-2.2,2.0
2024-01-23 14:00:00,30.75,121.25,-2.2,2.0
2024-01-23 15:00:00,30.75,121.25,-2.3,2.0
2024-01-23 16:00:00,30.75,121.25,-2.4,2.0
2024-01-23 17:00:00,30.75,121.25,-2.3,2.0
2024-01-23 18:00:00,30.75,121.25,-2.2,2.0
2024-01-23 19:00:00,30.75,121.25,-2.2,2.0
2024-01-23 20:00:00,30.75,121.25,-2.3,2.0
2024-01-23 21:00:00,30.75,121.25,-2.4,2.0
2024-01-23 22:00:00,30.75,121.25,-2.5,2.0
2024-01-23 23:00:00,30.75,121.25,-2.7,2.0
2024-01-24 00:00:00,30.75,121.25,-1.7,2.0
2024-01-24 01:00:00,30.75,121.25,-0.2,2.0
2024-01-24 02:00:00,30.75,121.25,1.0,2.0
2024-01-24 03:00:00,30.75,121.25,2.0,2.0
2024-01-24 04:00:00,30.75,121.25,2.6,2.0
2024-01-24 05:00:00,30.75,121.25,3.1,2.0
2024-01-24 06:00:00,30.75,121.25,3.3,2.0
2024-01-24 07:00:00,30.75,121.25,3.4,2.0
2024-01-24 08:00:00,30.75,121.25,3.2,2.0
2024-01-24 09:00:00,30.75,121.25,2.1,2.0
2024-01-24 10:00:00,30.75,121.25,0.6,2.0
2024-01-24 11:00:00,30.75,121.25,-0.2,2.0
2024-01-24 12:00:00,30.75,121.25,-0.5,2.0
2024-01-24 13:00:00,30.75,121.25,-0.6,2.0
2024-01-24 14:00:00,30.75,121.25,-0.7,2.0
2024-01-24 15:00:00,30.75,121.25,-0.8,2.0
2024-01-24 16:00:00,30.75,121.25,-0.9,2.0
2024-01-24 17:00:00,30.75,121.25,-0.9,2.0
2024-01-24 18:00:00,30.75,121.25,-1.0,2.0
2024-01-24 19:00:00,30.75,121.25,-1.0,2.0
2024-01-24 20:00:00,30.75,121.25,-0.7,2.0
2024-01-24 21:00:00,30.75,121.25,-0.7,2.0
2024-01-24 22:00:00,30.75,121.25,-0.9,2.0
2024-01-24 23:00:00,30.75,121.25,-0.9,2.0
2024-01-22 00:00:00,30.75,121.5,0.6,0.0
2024-01-22 01:00:00,30.75,121.5,0.7,0.0
2024-01-22 02:00:00,30.75,121.5,1.1,0.0
2024-01-22 03:00:00,30.75,121.5,1.4,0.0
2024-01-22 04:00:00,30.75,121.5,1.4,0.0
2024-01-22 05:00:00,30.75,121.5,1.6,0.0
2024-01-22 06:00:00,30.75,121.5,1.2,0.0
2024-01-22 07:00:00,30.75,121.5,1.2,0.0
2024-01-22 08:00:00,30.75,121.5,1.0,0.0
2024-01-22 09:00:00,30.75,121.5,0.5,0.0
2024-01-22 10:00:00,30.75,121.5,0.2,0.0
2024-01-22 11:00:00,30.75,121.5,-0.1,0.0
2024-01-22 12:00:00,30.75,121.5,-0.4,0.0
2024-01-22 13:00:00,30.75,121.5,-0.6,0.0
2024-01-22 14:00:00,30.75,121.5,-0.8,0.0
2024-01-22 15:00:00,30.75,121.5,-1.1,0.0
2024-01-22 16:00:00,30.75,121.5,-1.2,0.0
2024-01-22 17:00:00,30.75,121.5,-1.6,0.0
2024-01-22 18:00:00,30.75,121.5,-2.1,0.0
2024-01-22 19:00:00,30.75,121.5,-2.4,0.0
2024-01-22 20:00:00,30.75,121.5,-2.7,0.0
2024-01-22 21:00:00,30.75,121.5,-2.8,0.0
2024-01-22 22:00:00,30.75,121.5,-3.0,0.0
2024-01-22 23:00:00,30.75,121.5,-3.1,0.0
2024-01-23 00:00:00,30.75,121.5,-3.0,0.0
2024-01-23 01:00:00,30.75,121.5,-2.6,0.0
2024-01-23 02:00:00,30.75,121.5,-1.9,0.0
2024-01-23 03:00:00,30.75,121.5,-1.3,0.0
2024-01-23 04:00:00,30.75,121.5,-0.7,0.0
2024-01-23 05:00:00,30.75,121.5,-0.2,0.0
2024-01-23 06:00:00,30.75,121.5,0.1,0.0
2024-01-23 07:00:00,30.75,121.5,0.3,0.0
2024-01-23 08:00:00,30.75,121.5,0.2,0.0
2024-01-23 09:00:00,30.75,121.5,-0.3,0.0
2024-01-23 10:00:00,30.75,121.5,-0.9,0.0
2024-01-23 11:00:00,30.75,121.5,-1.2,0.0
2024-01-23 12:00:00,30.75,121.5,-1.4,0.0
2024-01-23 13:00:00,30.75,121.5,-1.5,0.0
2024-01-23 14:00:00,30.75,121.5,-1.5,0.0
2024-01-23 15:00:00,30.75,121.5,-1.5,0.0
2024-01-23 16:00:00,30.75,121.5,-1.7,0.0
2024-01-23 17:00:00,30.75,121.5,-1.6,0.0
2024-01-23 18:00:00,30.75,121.5,-1.6,0.0
2024-01-23 19:00:00,30.75,121.5,-1.6,0.0
2024-01-23 20:00:00,30.75,121.5,-1.7,0.0
2024-01-23 21:00:00,30.75,121.5,-1.7,0.0
2024-01-23 22:00:00,30.75,121.5,-1.8,0.0
2024-01-23 23:00:00,30.75,121.5,-1.8,0.0
2024-01-24 00:00:00,30.75,121.5,-1.4,0.0
2024-01-24 01:00:00,30.75,121.5,-0.4,0.0
2024-01-24 02:00:00,30.75,121.5,0.5,0.0
2024-01-24 03:00:00,30.75,121.5,1.3,0.0
2024-01-24 04:00:00,30.75,121.5,2.1,0.0
2024-01-24 05:00:00,30.75,121.5,2.9,0.0
2024-01-24 06:00:00,30.75,121.5,3.6,0.0
2024-01-24 07:00:00,30.75,121.5,3.9,0.0
2024-01-24 08:00:00,30.75,121.5,3.9,0.0
2024-01-24 09:00:00,30.75,121.5,3.3,0.0
2024-01-24 10:00:00,30.75,121.5,2.5,0.0
2024-01-24 11:00:00,30.75,121.5,2.1,0.0
2024-01-24 12:00:00,30.75,121.5,1.8,0.0
2024-01-24 13:00:00,30.75,121.5,1.4,0.0
2024-01-24 14:00:00,30.75,121.5,1.1,0.0
2024-01-24 15:00:00,30.75,121.5,1.0,0.0
2024-01-24 16:00:00,30.75,121.5,0.9,0.0
2024-01-24 17:00:00,30.75,121.5,0.7,0.0
2024-01-24 18:00:00,30.75,121.5,0.6,0.0
2024-01-24 19:00:00,30.75,121.5,0.5,0.0
2024-01-24 20:00:00,30.75,121.5,0.4,0.0
2024-01-24 21:00:00,30.75,121.5,0.4,0.0
2024-01-24 22:00:00,30.75,121.5,0.4,0.0
2024-01-24 23:00:00,30.75,121.5,0.3,0.0
2024-01-22 00:00:00,30.75,121.75,0.8,0.0
2024-01-22 01:00:00,30.75,121.75,0.8,0.0
2024-01-22 02:00:00,30.75,121.75,1.2,0.0
2024-01-22 03:00:00,30.75,121.75,1.6,0.0
2024-01-22 04:00:00,30.75,121.75,1.5,0.0
2024-01-22 05:00:00,30.75,121.75,1.6,0.0
2024-01-22 06:00:00,30.75,121.75,1.3,0.0
2024-01-22 07:00:00,30.75,121.75,1.2,0.0
2024-01-22 08:00:00,30.75,121.75,1.1,0.0
2024-01-22 09:00:00,30.75,121.75,0.5,0.0
2024-01-22 10:00:00,30.75,121.75,0.2,0.0
2024-01-22 11:00:00,30.75,121.75,-0.1,0.0
2024-01-22 12:00:00,30.75,121.75,-0.4,0.0
2024-01-22 13:00:00,30.75,121.75,-0.6,0.0
2024-01-22 14:00:00,30.75,121.75,-0.9,0.0
2024-01-22 15:00:00,30.75,121.75,-1.0,0.0
2024-01-22 16:00:00,30.75,121.75,-1.2,0.0
2024-01-22 17:00:00,30.75,121.75,-1.7,0.0
2024-01-22 18:00:00,30.75,121.75,-2.1,0.0
2024-01-22 19:00:00,30.75,121.75,-2.3,0.0
2024-01-22 20:00:00,30.75,121.75,-2.6,0.0
2024-01-22 21:00:00,30.75,121.75,-2.8,0.0
2024-01-22 22:00:00,30.75,121.75,-2.9,0.0
2024-01-22 23:00:00,30.75,121.75,-3.1,0.0
2024-01-23 00:00:00,30.75,121.75,-3.0,0.0
2024-01-23 01:00:00,30.75,121.75,-2.4,0.0
2024-01-23 02:00:00,30.75,121.75,-1.7,0.0
2024-01-23 03:00:00,30.75,121.75,-1.1,0.0
2024-01-23 04:00:00,30.75,121.75,-0.6,0.0
2024-01-23 05:00:00,30.75,121.75,-0.2,0.0
2024-01-23 06:00:00,30.75,121.75,0.2,0.0
2024-01-23 07:00:00,30.75,121.75,0.4,0.0
2024-01-23 08:00:00,30.75,121.75,0.3,0.0
2024-01-23 09:00:00,30.75,121.75,-0.2,0.0
2024-01-23 10:00:00,30.75,121.75,-0.8,0.0
2024-01-23 11:00:00,30.75,121.75,-1.1,0.0
2024-01-23 12:00:00,30.75,121.75,-1.1,0.0
2024-01-23 13:00:00,30.75,121.75,-1.3,0.0
2024-01-23 14:00:00,30.75,121.75,-1.3,0.0
2024-01-23 15:00:00,30.75,121.75,-1.4,0.0
2024-01-23 16:00:00,30.75,121.75,-1.4,0.0
2024-01-23 17:00:00,30.75,121.75,-1.4,0.0
2024-01-23 18:00:00,30.75,121.75,-1.5,0.0
2024-01-23 19:00:00,30.75,121.75,-1.5,0.0
2024-01-23 20:00:00,30.75,121.75,-1.6,0.0
2024-01-23 21:00:00,30.75,121.75,-1.6,0.0
2024-01-23 22:00:00,30.75,121.75,-1.7,0.0
2024-01-23 23:00:00,30.75,121.75,-1.7,0.0
2024-01-24 00:00:00,30.75,121.75,-1.1,0.0
2024-01-24 01:00:00,30.75,121.75,-0.3,0.0
2024-01-24 02:00:00,30.75,121.75,0.6,0.0
2024-01-24 03:00:00,30.75,121.75,1.5,0.0
2024-01-24 04:00:00,30.75,121.75,2.2,0.0
2024-01-24 05:00:00,30.75,121.75,3.0,0.0
2024-01-24 06:00:00,30.75,121.75,3.6,0.0
2024-01-24 07:00:00,30.75,121.75,4.0,0.0
2024-01-24 08:00:00,30.75,121.75,3.9,0.0
2024-01-24 09:00:00,30.75,121.75,3.1,0.0
2024-01-24 10:00:00,30.75,121.75,2.0,0.0
2024-01-24 11:00:00,30.75,121.75,1.7,0.0
2024-01-24 12:00:00,30.75,121.75,1.5,0.0
2024-01-24 13:00:00,30.75,121.75,1.4,0.0
2024-01-24 14:00:00,30.75,121.75,1.3,0.0
2024-01-24 15:00:00,30.75,121.75,1.2,0.0
2024-01-24 16:00:00,30.75,121.75,0.9,0.0
2024-01-24 17:00:00,30.75,121.75,0.5,0.0
2024-01-24 18:00:00,30.75,121.75,0.3,0.0
2024-01-24 19:00:00,30.75,121.75,0.2,0.0
2024-01-24 20:00:00,30.75,121.75,0.0,0.0
2024-01-24 21:00:00,30.75,121.75,0.2,0.0
2024-01-24 22:00:00,30.75,121.75,0.1,0.0
2024-01-24 23:00:00,30.75,121.75,0.1,0.0
2024-01-22 00:00:00,30.75,122.0,1.2,0.0
2024-01-22 01:00:00,30.75,122.0,1.4,0.0
2024-01-22 02:00:00,30.75,122.0,1.0,0.0
2024-01-22 03:00:00,30.75,122.0,1.3,0.0
2024-01-22 04:00:00,30.75,122.0,1.3,0.0
2024-01-22 05:00:00,30.75,122.0,1.6,0.0
2024-01-22 06:00:00,30.75,122.0,1.4,0.0
2024-01-22 07:00:00,30.75,122.0,1.2,0.0
2024-01-22 08:00:00,30.75,122.0,1.2,0.0
2024-01-22 09:00:00,30.75,122.0,0.4,0.0
2024-01-22 10:00:00,30.75,122.0,-0.1,0.0
2024-01-22 11:00:00,30.75,122.0,-0.4,0.0
2024-01-22 12:00:00,30.75,122.0,-0.8,0.0
2024-01-22 13:00:00,30.75,122.0,-1.1,0.0
2024-01-22 14:00:00,30.75,122.0,-1.5,0.0
2024-01-22 15:00:00,30.75,122.0,-1.8,0.0
2024-01-22 16:00:00,30.75,122.0,-1.7,0.0
2024-01-22 17:00:00,30.75,122.0,-2.0,0.0
2024-01-22 18:00:00,30.75,122.0,-2.4,0.0
2024-01-22 19:00:00,30.75,122.0,-2.9,0.0
2024-01-22 20:00:00,30.75,122.0,-3.1,0.0
2024-01-22 21:00:00,30.75,122.0,-3.5,0.0
2024-01-22 22:00:00,30.75,122.0,-3.5,0.0
2024-01-22 23:00:00,30.75,122.0,-3.6,0.0
2024-01-23 00:00:00,30.75,122.0,-3.1,0.0
2024-01-23 01:00:00,30.75,122.0,-2.2,0.0
2024-01-23 02:00:00,30.75,122.0,-1.4,0.0
2024-01-23 03:00:00,30.75,122.0,-0.8,0.0
2024-01-23 04:00:00,30.75,122.0,-0.3,0.0
2024-01-23 05:00:00,30.75,122.0,-0.0,0.0
2024-01-23 06:00:00,30.75,122.0,0.2,0.0
2024-01-23 07:00:00,30.75,122.0,0.1,0.0
2024-01-23 08:00:00,30.75,122.0,-0.2,0.0
2024-01-23 09:00:00,30.75,122.0,-1.0,0.0
2024-01-23 10:00:00,30.75,122.0,-1.8,0.0
2024-01-23 11:00:00,30.75,122.0,-1.9,0.0
2024-01-23 12:00:00,30.75,122.0,-2.0,0.0
2024-01-23 13:00:00,30.75,122.0,-2.0,0.0
2024-01-23 14:00:00,30.75,122.0,-2.1,0.0
2024-01-23 15:00:00,30.75,122.0,-2.2,0.0
2024-01-23 16:00:00,30.75,122.0,-2.2,0.0
2024-01-23 17:00:00,30.75,122.0,-2.1,0.0
2024-01-23 18:00:00,30.75,122.0,-2.1,0.0
2024-01-23 19:00:00,30.75,122.0,-2.2,0.0
2024-01-23 20:00:00,30.75,122.0,-2.3,0.0
2024-01-23 21:00:00,30.75,122.0,-2.3,0.0
2024-01-23 22:00:00,30.75,122.0,-2.3,0.0
2024-01-23 23:00:00,30.75,122.0,-2.4,0.0
2024-01-24 00:00:00,30.75,122.0,-1.6,0.0
2024-01-24 01:00:00,30.75,122.0,-0.4,0.0
2024-01-24 02:00:00,30.75,122.0,0.8,0.0
2024-01-24 03:00:00,30.75,122.0,1.8,0.0
2024-01-24 04:00:00,30.75,122.0,2.6,0.0
2024-01-24 05:00:00,30.75,122.0,3.2,0.0
2024-01-24 06:00:00,30.75,122.0,3.5,0.0
2024-01-24 07:00:00,30.75,122.0,3.4,0.0
2024-01-24 08:00:00,30.75,122.0,3.1,0.0
2024-01-24 09:00:00,30.75,122.0,2.1,0.0
2024-01-24 10:00:00,30.75,122.0,0.7,0.0
2024-01-24 11:00:00,30.75,122.0,0.3,0.0
2024-01-24 12:00:00,30.75,122.0,0.3,0.0
2024-01-24 13:00:00,30.75,122.0,-0.0,0.0
2024-01-24 14:00:00,30.75,122.0,-0.2,0.0
2024-01-24 15:00:00,30.75,122.0,-0.3,0.0
2024-01-24 16:00:00,30.75,122.0,-0.3,0.0
2024-01-24 17:00:00,30.75,122.0,-0.3,0.0
2024-01-24 18:00:00,30.75,122.0,-0.4,0.0
2024-01-24 19:00:00,30.75,122.0,-0.5,0.0
2024-01-24 20:00:00,30.75,122.0,-0.7,0.0
2024-01-24 21:00:00,30.75,122.0,-0.4,0.0
2024-01-24 22:00:00,30.75,122.0,-0.6,0.0
2024-01-24 23:00:00,30.75,122.0,-0.4,0.0
2024-01-22 00:00:00,31.0,116.5,-9.4,1120.0
2024-01-22 01:00:00,31.0,116.5,-9.3,1120.0
2024-01-22 02:00:00,31.0,116.5,-9.0,1120.0
2024-01-22 03:00:00,31.0,116.5,-8.5,1120.0
2024-01-22 04:00:00,31.0,116.5,-8.2,1120.0
2024-01-22 05:00:00,31.0,116.5,-7.9,1120.0
2024-01-22 06:00:00,31.0,116.5,-8.1,1120.0
2024-01-22 07:00:00,31.0,116.5,-8.8,1120.0
2024-01-22 08:00:00,31.0,116.5,-9.3,1120.0
2024-01-22 09:00:00,31.0,116.5,-9.9,1120.0
2024-01-22 10:00:00,31.0,116.5,-10.3,1120.0
2024-01-22 11:00:00,31.0,116.5,-10.5,1120.0
2024-01-22 12:00:00,31.0,116.5,-10.8,1120.0
2024-01-22 13:00:00,31.0,116.5,-11.0,1120.0
2024-01-22 14:00:00,31.0,116.5,-11.4,1120.0
2024-01-22 15:00:00,31.0,116.5,-11.6,1120.0
2024-01-22 16:00:00,31.0,116.5,-12.0,1120.0
2024-01-22 17:00:00,31.0,116.5,-12.2,1120.0
2024-01-22 18:00:00,31.0,116.5,-12.6,1120.0
2024-01-22 19:00:00,31.0,116.5,-12.9,1120.0
2024-01-22 20:00:00,31.0,116.5,-13.2,1120.0
2024-01-22 21:00:00,31.0,116.5,-13.4,1120.0
2024-01-22 22:00:00,31.0,116.5,-13.6,1120.0
2024-01-22 23:00:00,31.0,116.5,-13.6,1120.0
2024-01-23 00:00:00,31.0,116.5,-12.7,1120.0
2024-01-23 01:00:00,31.0,116.5,-11.4,1120.0
2024-01-23 02:00:00,31.0,116.5,-9.8,1120.0
2024-01-23 03:00:00,31.0,116.5,-8.4,1120.0
2024-01-23 04:00:00,31.0,116.5,-7.2,1120.0
2024-01-23 05:00:00,31.0,116.5,-6.4,1120.0
2024-01-23 06:00:00,31.0,116.5,-5.8,1120.0
2024-01-23 07:00:00,31.0,116.5,-5.9,1120.0
2024-01-23 08:00:00,31.0,116.5,-6.4,1120.0
2024-01-23 09:00:00,31.0,116.5,-7.5,1120.0
2024-01-23 10:00:00,31.0,116.5,-8.8,1120.0
2024-01-23 11:00:00,31.0,116.5,-9.1,1120.0
2024-01-23 12:00:00,31.0,116.5,-9.1,1120.0
2024-01-23 13:00:00,31.0,116.5,-9.1,1120.0
2024-01-23 14:00:00,31.0,116.5,-9.1,1120.0
2024-01-23 15:00:00,31.0,116.5,-9.2,1120.0
2024-01-23 16:00:00,31.0,116.5,-9.3,1120.0
2024-01-23 17:00:00,31.0,116.5,-9.3,1120.0
2024-01-23 18:00:00,31.0,116.5,-9.4,1120.0
2024-01-23 19:00:00,31.0,116.5,-9.4,1120.0
2024-01-23 20:00:00,31.0,116.5,-9.3,1120.0
2024-01-23 21:00:00,31.0,116.5,-9.3,1120.0
2024-01-23 22:00:00,31.0,116.5,-9.3,1120.0
2024-01-23 23:00:00,31.0,116.5,-9.4,1120.0
2024-01-24 00:00:00,31.0,116.5,-8.8,1120.0
2024-01-24 01:00:00,31.0,116.5,-6.9,1120.0
2024-01-24 02:00:00,31.0,116.5,-5.3,1120.0
2024-01-24 03:00:00,31.0,116.5,-3.8,1120.0
2024-01-24 04:00:00,31.0,116.5,-2.3,1120.0
2024-01-24 05:00:00,31.0,116.5,-1.5,1120.0
2024-01-24 06:00:00,31.0,116.5,-1.2,1120.0
2024-01-24 07:00:00,31.0,116.5,-1.3,1120.0
2024-01-24 08:00:00,31.0,116.5,-2.1,1120.0
2024-01-24 09:00:00,31.0,116.5,-3.7,1120.0
2024-01-24 10:00:00,31.0,116.5,-6.1,1120.0
2024-01-24 11:00:00,31.0,116.5,-6.6,1120.0
2024-01-24 12:00:00,31.0,116.5,-6.3,1120.0
2024-01-24 13:00:00,31.0,116.5,-6.3,1120.0
2024-01-24 14:00:00,31.0,116.5,-6.4,1120.0
2024-01-24 15:00:00,31.0,116.5,-6.4,1120.0
2024-01-24 16:00:00,31.0,116.5,-6.4,1120.0
2024-01-24 17:00:00,31.0,116.5,-6.5,1120.0
2024-01-24 18:00:00,31.0,116.5,-6.5,1120.0
2024-01-24 19:00:00,31.0,116.5,-6.6,1120.0
2024-01-24 20:00:00,31.0,116.5,-6.6,1120.0
2024-01-24 21:00:00,31.0,116.5,-6.7,1120.0
2024-01-24 22:00:00,31.0,116.5,-6.7,1120.0
2024-01-24 23:00:00,31.0,116.5,-6.8,1120.0
2024-01-22 00:00:00,31.0,116.75,-4.8,445.0
2024-01-22 01:00:00,31.0,116.75,-4.7,445.0
2024-01-22 02:00:00,31.0,116.75,-4.4,445.0
2024-01-22 03:00:00,31.0,116.75,-3.7,445.0
2024-01-22 04:00:00,31.0,116.75,-3.4,445.0
2024-01-22 05:00:00,31.0,116.75,-3.2,445.0
2024-01-22 06:00:00,31.0,116.75,-3.1,445.0
2024-01-22 07:00:00,31.0,116.75,-3.8,445.0
2024-01-22 08:00:00,31.0,116.75,-4.2,445.0
2024-01-22 09:00:00,31.0,116.75,-4.5,445.0
2024-01-22 10:00:00,31.0,116.75,-4.9,445.0
2024-01-22 11:00:00,31.0,116.75,-5.2,445.0
2024-01-22 12:00:00,31.0,116.75,-5.4,445.0
2024-01-22 13:00:00,31.0,116.75,-5.6,445.0
2024-01-22 14:00:00,31.0,116.75,-5.9,445.0
2024-01-22 15:00:00,31.0,116.75,-6.1,445.0
2024-01-22 16:00:00,31.0,116.75,-6.4,445.0
2024-01-22 17:00:00,31.0,116.75,-6.6,445.0
2024-01-22 18:00:00,31.0,116.75,-7.0,445.0
2024-01-22 19:00:00,31.0,116.75,-7.2,445.0
2024-01-22 20:00:00,31.0,116.75,-7.5,445.0
2024-01-22 21:00:00,31.0,116.75,-7.7,445.0
2024-01-22 22:00:00,31.0,116.75,-7.8,445.0
2024-01-22 23:00:00,31.0,116.75,-7.9,445.0
2024-01-23 00:00:00,31.0,116.75,-7.5,445.0
2024-01-23 01:00:00,31.0,116.75,-6.5,445.0
2024-01-23 02:00:00,31.0,116.75,-5.3,445.0
2024-01-23 03:00:00,31.0,116.75,-4.1,445.0
2024-01-23 04:00:00,31.0,116.75,-3.1,445.0
2024-01-23 05:00:00,31.0,116.75,-2.3,445.0
2024-01-23 06:00:00,31.0,116.75,-1.7,445.0
2024-01-23 07:00:00,31.0,116.75,-1.8,445.0
2024-01-23 08:00:00,31.0,116.75,-2.3,445.0
2024-01-23 09:00:00,31.0,116.75,-3.3,445.0
2024-01-23 10:00:00,31.0,116.75,-4.8,445.0
2024-01-23 11:00:00,31.0,116.75,-5.2,445.0
2024-01-23 12:00:00,31.0,116.75,-5.2,445.0
2024-01-23 13:00:00,31.0,116.75,-5.3,445.0
2024-01-23 14:00:00,31.0,116.75,-5.2,445.0
2024-01-23 15:00:00,31.0,116.75,-5.2,445.0
2024-01-23 16:00:00,31.0,116.75,-5.2,445.0
2024-01-23 17:00:00,31.0,116.75,-5.2,445.0
2024-01-23 18:00:00,31.0,116.75,-5.3,445.0
2024-01-23 19:00:00,31.0,116.75,-5.3,445.0
2024-01-23 20:00:00,31.0,116.75,-5.4,445.0
2024-01-23 21:00:00,31.0,116.75,-5.5,445.0
2024-01-23 22:00:00,31.0,116.75,-5.6,445.0
2024-01-23 23:00:00,31.0,116.75,-5.5,445.0
2024-01-24 00:00:00,31.0,116.75,-4.7,445.0
2024-01-24 01:00:00,31.0,116.75,-3.1,445.0
2024-01-24 02:00:00,31.0,116.75,-1.7,445.0
2024-01-24 03:00:00,31.0,116.75,-0.2,445.0
2024-01-24 04:00:00,31.0,116.75,1.1,445.0
2024-01-24 05:00:00,31.0,116.75,1.8,445.0
2024-01-24 06:00:00,31.0,116.75,2.2,445.0
2024-01-24 07:00:00,31.0,116.75,2.1,445.0
2024-01-24 08:00:00,31.0,116.75,1.6,445.0
2024-01-24 09:00:00,31.0,116.75,0.1,445.0
2024-01-24 10:00:00,31.0,116.75,-2.3,445.0
2024-01-24 11:00:00,31.0,116.75,-2.8,445.0
2024-01-24 12:00:00,31.0,116.75,-2.9,445.0
2024-01-24 13:00:00,31.0,116.75,-2.9,445.0
2024-01-24 14:00:00,31.0,116.75,-3.0,445.0
2024-01-24 15:00:00,31.0,116.75,-3.0,445.0
2024-01-24 16:00:00,31.0,116.75,-3.0,445.0
2024-01-24 17:00:00,31.0,116.75,-3.0,445.0
2024-01-24 18:00:00,31.0,116.75,-3.1,445.0
2024-01-24 19:00:00,31.0,116.75,-3.2,445.0
2024-01-24 20:00:00,31.0,116.75,-3.3,445.0
2024-01-24 21:00:00,31.0,116.75,-3.3,445.0
2024-01-24 22:00:00,31.0,116.75,-3.4,445.0
2024-01-24 23:00:00,31.0,116.75,-3.4,445.0
2024-01-22 00:00:00,31.0,117.0,-1.4,41.0
2024-01-22 01:00:00,31.0,117.0,-1.5,41.0
2024-01-22 02:00:00,31.0,117.0,-1.2,41.0
2024-01-22 03:00:00,31.0,117.0,-0.8,41.0
2024-01-22 04:00:00,31.0,117.0,-0.4,41.0
2024-01-22 05:00:00,31.0,117.0,-0.5,41.0
2024-01-22 06:00:00,31.0,117.0,-0.2,41.0
2024-01-22 07:00:00,31.0,117.0,-0.4,41.0
2024-01-22 08:00:00,31.0,117.0,-0.8,41.0
2024-01-22 09:00:00,31.0,117.0,-1.4,41.0
2024-01-22 10:00:00,31.0,117.0,-1.8,41.0
2024-01-22 11:00:00,31.0,117.0,-2.0,41.0
2024-01-22 12:00:00,31.0,117.0,-2.2,41.0
2024-01-22 13:00:00,31.0,117.0,-2.3,41.0
2024-01-22 14:00:00,31.0,117.0,-2.6,41.0
2024-01-22 15:00:00,31.0,117.0,-2.8,41.0
2024-01-22 16:00:00,31.0,117.0,-3.0,41.0
2024-01-22 17:00:00,31.0,117.0,-3.2,41.0
2024-01-22 18:00:00,31.0,117.0,-3.5,41.0
2024-01-22 19:00:00,31.0,117.0,-3.7,41.0
2024-01-22 20:00:00,31.0,117.0,-4.0,41.0
2024-01-22 21:00:00,31.0,117.0,-4.2,41.0
2024-01-22 22:00:00,31.0,117.0,-4.3,41.0
2024-01-22 23:00:00,31.0,117.0,-4.5,41.0
2024-01-23 00:00:00,31.0,117.0,-4.4,41.0
2024-01-23 01:00:00,31.0,117.0,-3.6,41.0
2024-01-23 02:00:00,31.0,117.0,-2.6,41.0
2024-01-23 03:00:00,31.0,117.0,-1.6,41.0
2024-01-23 04:00:00,31.0,117.0,-0.7,41.0
2024-01-23 05:00:00,31.0,117.0,0.1,41.0
2024-01-23 06:00:00,31.0,117.0,0.4,41.0
2024-01-23 07:00:00,31.0,117.0,0.5,41.0
2024-01-23 08:00:00,31.0,117.0,0.1,41.0
2024-01-23 09:00:00,31.0,117.0,-0.7,41.0
2024-01-23 10:00:00,31.0,117.0,-2.4,41.0
2024-01-23 11:00:00,31.0,117.0,-2.8,41.0
2024-01-23 12:00:00,31.0,117.0,-2.8,41.0
2024-01-23 13:00:00,31.0,117.0,-2.9,41.0
2024-01-23 14:00:00,31.0,117.0,-2.9,41.0
2024-01-23 15:00:00,31.0,117.0,-2.9,41.0
2024-01-23 16:00:00,31.0,117.0,-2.9,41.0
2024-01-23 17:00:00,31.0,117.0,-2.9,41.0
2024-01-23 18:00:00,31.0,117.0,-3.0,41.0
2024-01-23 19:00:00,31.0,117.0,-3.0,41.0
2024-01-23 20:00:00,31.0,117.0,-3.1,41.0
2024-01-23 21:00:00,31.0,117.0,-3.2,41.0
2024-01-23 22:00:00,31.0,117.0,-3.3,41.0
2024-01-23 23:00:00,31.0,117.0,-3.3,41.0
2024-01-24 00:00:00,31.0,117.0,-2.6,41.0
2024-01-24 01:00:00,31.0,117.0,-1.2,41.0
2024-01-24 02:00:00,31.0,117.0,0.0,41.0
2024-01-24 03:00:00,31.0,117.0,1.3,41.0
2024-01-24 04:00:00,31.0,117.0,2.5,41.0
2024-01-24 05:00:00,31.0,117.0,3.4,41.0
2024-01-24 06:00:00,31.0,117.0,3.9,41.0
2024-01-24 07:00:00,31.0,117.0,4.2,41.0
2024-01-24 08:00:00,31.0,117.0,4.1,41.0
2024-01-24 09:00:00,31.0,117.0,3.0,41.0
2024-01-24 10:00:00,31.0,117.0,0.8,41.0
2024-01-24 11:00:00,31.0,117.0,-0.0,41.0
2024-01-24 12:00:00,31.0,117.0,-0.2,41.0
2024-01-24 13:00:00,31.0,117.0,-0.2,41.0
2024-01-24 14:00:00,31.0,117.0,-0.1,41.0
2024-01-24 15:00:00,31.0,117.0,-0.2,41.0
2024-01-24 16:00:00,31.0,117.0,-0.2,41.0
2024-01-24 17:00:00,31.0,117.0,-0.4,41.0
2024-01-24 18:00:00,31.0,117.0,-0.5,41.0
2024-01-24 19:00:00,31.0,117.0,-0.5,41.0
2024-01-24 20:00:00,31.0,117.0,-0.7,41.0
2024-01-24 21:00:00,31.0,117.0,-0.8,41.0
2024-01-24 22:00:00,31.0,117.0,-0.9,41.0
2024-01-24 23:00:00,31.0,117.0,-1.0,41.0
2024-01-22 00:00:00,31.0,117.25,-0.8,21.0
2024-01-22 01:00:00,31.0,117.25,-0.8,21.0
2024-01-22 02:00:00,31.0,117.25,-0.7,21.0
2024-01-22 03:00:00,31.0,117.25,-0.3,21.0
2024-01-22 04:00:00,31.0,117.25,-0.1,21.0
2024-01-22 05:00:00,31.0,117.25,-0.2,21.0
2024-01-22 06:00:00,31.0,117.25,-0.1,21.0
2024-01-22 07:00:00,31.0,117.25,-0.4,21.0
2024-01-22 08:00:00,31.0,117.25,-0.7,21.0
2024-01-22 09:00:00,31.0,117.25,-1.1,21.0
2024-01-22 10:00:00,31.0,117.25,-1.6,21.0
2024-01-22 11:00:00,31.0,117.25,-1.8,21.0
2024-01-22 12:00:00,31.0,117.25,-2.0,21.0
2024-01-22 13:00:00,31.0,117.25,-2.2,21.0
2024-01-22 14:00:00,31.0,117.25,-2.4,21.0
2024-01-22 15:00:00,31.0,117.25,-2.6,21.0
2024-01-22 16:00:00,31.0,117.25,-2.6,21.0
2024-01-22 17:00:00,31.0,117.25,-2.8,21.0
2024-01-22 18:00:00,31.0,117.25,-3.2,21.0
2024-01-22 19:00:00,31.0,117.25,-3.4,21.0
2024-01-22 20:00:00,31.0,117.25,-3.7,21.0
2024-01-22 21:00:00,31.0,117.25,-3.9,21.0
2024-01-22 22:00:00,31.0,117.25,-4.0,21.0
2024-01-22 23:00:00,31.0,117.25,-4.2,21.0
2024-01-23 00:00:00,31.0,117.25,-4.2,21.0
2024-01-23 01:00:00,31.0,117.25,-3.6,21.0
2024-01-23 02:00:00,31.0,117.25,-2.7,21.0
2024-01-23 03:00:00,31.0,117.25,-1.9,21.0
2024-01-23 04:00:00,31.0,117.25,-1.0,21.0
2024-01-23 05:00:00,31.0,117.25,-0.4,21.0
2024-01-23 06:00:00,31.0,117.25,-0.1,21.0
2024-01-23 07:00:00,31.0,117.25,0.1,21.0
2024-01-23 08:00:00,31.0,117.25,-0.1,21.0
2024-01-23 09:00:00,31.0,117.25,-0.9,21.0
2024-01-23 10:00:00,31.0,117.25,-2.4,21.0
2024-01-23 11:00:00,31.0,117.25,-2.7,21.0
2024-01-23 12:00:00,31.0,117.25,-2.7,21.0
2024-01-23 13:00:00,31.0,117.25,-2.8,21.0
2024-01-23 14:00:00,31.0,117.25,-2.8,21.0
2024-01-23 15:00:00,31.0,117.25,-2.9,21.0
2024-01-23 16:00:00,31.0,117.25,-2.9,21.0
2024-01-23 17:00:00,31.0,117.25,-3.0,21.0
2024-01-23 18:00:00,31.0,117.25,-3.1,21.0
2024-01-23 19:00:00,31.0,117.25,-3.1,21.0
2024-01-23 20:00:00,31.0,117.25,-3.1,21.0
2024-01-23 21:00:00,31.0,117.25,-3.1,21.0
2024-01-23 22:00:00,31.0,117.25,-3.1,21.0
2024-01-23 23:00:00,31.0,117.25,-3.0,21.0
2024-01-24 00:00:00,31.0,117.25,-2.5,21.0
2024-01-24 01:00:00,31.0,117.25,-1.3,21.0
2024-01-24 02:00:00,31.0,117.25,-0.2,21.0
2024-01-24 03:00:00,31.0,117.25,0.9,21.0
2024-01-24 04:00:00,31.0,117.25,2.0,21.0
2024-01-24 05:00:00,31.0,117.25,2.7,21.0
2024-01-24 06:00:00,31.0,117.25,3.1,21.0
2024-01-24 07:00:00,31.0,117.25,3.3,21.0
2024-01-24 08:00:00,31.0,117.25,3.2,21.0
2024-01-24 09:00:00,31.0,117.25,2.3,21.0
2024-01-24 10:00:00,31.0,117.25,0.7,21.0
2024-01-24 11:00:00,31.0,117.25,0.3,21.0
2024-01-24 12:00:00,31.0,117.25,0.1,21.0
2024-01-24 13:00:00,31.0,117.25,0.0,21.0
2024-01-24 14:00:00,31.0,117.25,0.1,21.0
2024-01-24 15:00:00,31.0,117.25,0.2,21.0
2024-01-24 16:00:00,31.0,117.25,0.1,21.0
2024-01-24 17:00:00,31.0,117.25,-0.1,21.0
2024-01-24 18:00:00,31.0,117.25,-0.2,21.0
2024-01-24 19:00:00,31.0,117.25,-0.4,21.0
2024-01-24 20:00:00,31.0,117.25,-0.6,21.0
2024-01-24 21:00:00,31.0,117.25,-0.6,21.0
2024-01-24 22:00:00,31.0,117.25,-0.7,21.0
2024-01-24 23:00:00,31.0,117.25,-0.7,21.0
2024-01-22 00:00:00,31.0,117.5,-2.8,302.0
2024-01-22 01:00:00,31.0,117.5,-2.6,302.0
2024-01-22 02:00:00,31.0,117.5,-2.4,302.0
2024-01-22 03:00:00,31.0,117.5,-2.1,302.0
2024-01-22 04:00:00,31.0,117.5,-2.0,302.0
2024-01-22 05:00:00,31.0,117.5,-2.2,302.0
2024-01-22 06:00:00,31.0,117.5,-2.2,302.0
2024-01-22 07:00:00,31.0,117.5,-2.3,302.0
2024-01-22 08:00:00,31.0,117.5,-2.7,302.0
2024-01-22 09:00:00,31.0,117.5,-3.1,302.0
2024-01-22 10:00:00,31.0,117.5,-3.4,302.0
2024-01-22 11:00:00,31.0,117.5,-3.4,302.0
2024-01-22 12:00:00,31.0,117.5,-3.6,302.0
2024-01-22 13:00:00,31.0,117.5,-3.7,302.0
2024-01-22 14:00:00,31.0,117.5,-3.8,302.0
2024-01-22 15:00:00,31.0,117.5,-4.1,302.0
2024-01-22 16:00:00,31.0,117.5,-4.3,302.0
2024-01-22 17:00:00,31.0,117.5,-4.6,302.0
2024-01-22 18:00:00,31.0,117.5,-5.0,302.0
2024-01-22 19:00:00,31.0,117.5,-5.1,302.0
2024-01-22 20:00:00,31.0,117.5,-5.3,302.0
2024-01-22 21:00:00,31.0,117.5,-5.5,302.0
2024-01-22 22:00:00,31.0,117.5,-5.7,302.0
2024-01-22 23:00:00,31.0,117.5,-5.8,302.0
2024-01-23 00:00:00,31.0,117.5,-5.6,302.0
2024-01-23 01:00:00,31.0,117.5,-5.0,302.0
2024-01-23 02:00:00,31.0,117.5,-4.2,302.0
2024-01-23 03:00:00,31.0,117.5,-3.5,302.0
2024-01-23 04:00:00,31.0,117.5,-2.9,302.0
2024-01-23 05:00:00,31.0,117.5,-2.3,302.0
2024-01-23 06:00:00,31.0,117.5,-2.1,302.0
2024-01-23 07:00:00,31.0,117.5,-2.0,302.0
2024-01-23 08:00:00,31.0,117.5,-2.3,302.0
2024-01-23 09:00:00,31.0,117.5,-2.9,302.0
2024-01-23 10:00:00,31.0,117.5,-4.0,302.0
2024-01-23 11:00:00,31.0,117.5,-4.3,302.0
2024-01-23 12:00:00,31.0,117.5,-4.3,302.0
2024-01-23 13:00:00,31.0,117.5,-4.3,302.0
2024-01-23 14:00:00,31.0,117.5,-4.3,302.0
2024-01-23 15:00:00,31.0,117.5,-4.3,302.0
2024-01-23 16:00:00,31.0,117.5,-4.4,302.0
2024-01-23 17:00:00,31.0,117.5,-4.4,302.0
2024-01-23 18:00:00,31.0,117.5,-4.4,302.0
2024-01-23 19:00:00,31.0,117.5,-4.5,302.0
2024-01-23 20:00:00,31.0,117.5,-4.5,302.0
2024-01-23 21:00:00,31.0,117.5,-4.5,302.0
2024-01-23 22:00:00,31.0,117.5,-4.5,302.0
2024-01-23 23:00:00,31.0,117.5,-4.5,302.0
2024-01-24 00:00:00,31.0,117.5,-4.0,302.0
2024-01-24 01:00:00,31.0,117.5,-3.0,302.0
2024-01-24 02:00:00,31.0,117.5,-2.0,302.0
2024-01-24 03:00:00,31.0,117.5,-1.1,302.0
2024-01-24 04:00:00,31.0,117.5,-0.2,302.0
2024-01-24 05:00:00,31.0,117.5,0.5,302.0
2024-01-24 06:00:00,31.0,117.5,0.8,302.0
2024-01-24 07:00:00,31.0,117.5,1.0,302.0
2024-01-24 08:00:00,31.0,117.5,0.9,302.0
2024-01-24 09:00:00,31.0,117.5,0.0,302.0
2024-01-24 10:00:00,31.0,117.5,-1.4,302.0
2024-01-24 11:00:00,31.0,117.5,-1.7,302.0
2024-01-24 12:00:00,31.0,117.5,-1.8,302.0
2024-01-24 13:00:00,31.0,117.5,-1.9,302.0
2024-01-24 14:00:00,31.0,117.5,-1.9,302.0
2024-01-24 15:00:00,31.0,117.5,-1.7,302.0
2024-01-24 16:00:00,31.0,117.5,-1.6,302.0
2024-01-24 17:00:00,31.0,117.5,-1.7,302.0
2024-01-24 18:00:00,31.0,117.5,-1.8,302.0
2024-01-24 19:00:00,31.0,117.5,-2.0,302.0
2024-01-24 20:00:00,31.0,117.5,-2.2,302.0
2024-01-24 21:00:00,31.0,117.5,-2.2,302.0
2024-01-24 22:00:00,31.0,117.5,-2.2,302.0
2024-01-24 23:00:00,31.0,117.5,-2.3,302.0
2024-01-22 00:00:00,31.0,117.75,-1.2,13.0
2024-01-22 01:00:00,31.0,117.75,-1.1,13.0
2024-01-22 02:00:00,31.0,117.75,-0.7,13.0
2024-01-22 03:00:00,31.0,117.75,-0.2,13.0
2024-01-22 04:00:00,31.0,117.75,-0.2,13.0
2024-01-22 05:00:00,31.0,117.75,0.1,13.0
2024-01-22 06:00:00,31.0,117.75,0.1,13.0
2024-01-22 07:00:00,31.0,117.75,0.0,13.0
2024-01-22 08:00:00,31.0,117.75,-0.4,13.0
2024-01-22 09:00:00,31.0,117.75,-1.0,13.0
2024-01-22 10:00:00,31.0,117.75,-1.7,13.0
2024-01-22 11:00:00,31.0,117.75,-1.9,13.0
2024-01-22 12:00:00,31.0,117.75,-2.2,13.0
2024-01-22 13:00:00,31.0,117.75,-2.1,13.0
2024-01-22 14:00:00,31.0,117.75,-2.2,13.0
2024-01-22 15:00:00,31.0,117.75,-2.4,13.0
2024-01-22 16:00:00,31.0,117.75,-2.6,13.0
2024-01-22 17:00:00,31.0,117.75,-2.8,13.0
2024-01-22 18:00:00,31.0,117.75,-3.3,13.0
2024-01-22 19:00:00,31.0,117.75,-3.6,13.0
2024-01-22 20:00:00,31.0,117.75,-3.8,13.0
2024-01-22 21:00:00,31.0,117.75,-3.9,13.0
2024-01-22 22:00:00,31.0,117.75,-4.0,13.0
2024-01-22 23:00:00,31.0,117.75,-4.2,13.0
2024-01-23 00:00:00,31.0,117.75,-4.2,13.0
2024-01-23 01:00:00,31.0,117.75,-3.5,13.0
2024-01-23 02:00:00,31.0,117.75,-2.5,13.0
2024-01-23 03:00:00,31.0,117.75,-1.6,13.0
2024-01-23 04:00:00,31.0,117.75,-0.8,13.0
2024-01-23 05:00:00,31.0,117.75,-0.3,13.0
2024-01-23 06:00:00,31.0,117.75,-0.1,13.0
2024-01-23 07:00:00,31.0,117.75,-0.1,13.0
2024-01-23 08:00:00,31.0,117.75,-0.4,13.0
2024-01-23 09:00:00,31.0,117.75,-1.0,13.0
2024-01-23 10:00:00,31.0,117.75,-2.2,13.0
2024-01-23 11:00:00,31.0,117.75,-2.5,13.0
2024-01-23 12:00:00,31.0,117.75,-2.5,13.0
2024-01-23 13:00:00,31.0,117.75,-2.7,13.0
2024-01-23 14:00:00,31.0,117.75,-2.8,13.0
2024-01-23 15:00:00,31.0,117.75,-2.8,13.0
2024-01-23 16:00:00,31.0,117.75,-2.9,13.0
2024-01-23 17:00:00,31.0,117.75,-2.9,13.0
2024-01-23 18:00:00,31.0,117.75,-2.9,13.0
2024-01-23 19:00:00,31.0,117.75,-2.9,13.0
2024-01-23 20:00:00,31.0,117.75,-2.9,13.0
2024-01-23 21:00:00,31.0,117.75,-2.9,13.0
2024-01-23 22:00:00,31.0,117.75,-2.9,13.0
2024-01-23 23:00:00,31.0,117.75,-2.9,13.0
2024-01-24 00:00:00,31.0,117.75,-2.3,13.0
2024-01-24 01:00:00,31.0,117.75,-1.2,13.0
2024-01-24 02:00:00,31.0,117.75,-0.1,13.0
2024-01-24 03:00:00,31.0,117.75,0.8,13.0
2024-01-24 04:00:00,31.0,117.75,1.8,13.0
2024-01-24 05:00:00,31.0,117.75,2.5,13.0
2024-01-24 06:00:00,31.0,117.75,3.0,13.0
2024-01-24 07:00:00,31.0,117.75,3.2,13.0
2024-01-24 08:00:00,31.0,117.75,3.1,13.0
2024-01-24 09:00:00,31.0,117.75,2.2,13.0
2024-01-24 10:00:00,31.0,117.75,0.5,13.0
2024-01-24 11:00:00,31.0,117.75,0.1,13.0
2024-01-24 12:00:00,31.0,117.75,-0.1,13.0
2024-01-24 13:00:00,31.0,117.75,-0.1,13.0
2024-01-24 14:00:00,31.0,117.75,-0.1,13.0
2024-01-24 15:00:00,31.0,117.75,0.1,13.0
2024-01-24 16:00:00,31.0,117.75,0.1,13.0
2024-01-24 17:00:00,31.0,117.75,0.1,13.0
2024-01-24 18:00:00,31.0,117.75,-0.1,13.0
2024-01-24 19:00:00,31.0,117.75,-0.3,13.0
2024-01-24 20:00:00,31.0,117.75,-0.5,13.0
2024-01-24 21:00:00,31.0,117.75,-0.6,13.0
2024-01-24 22:00:00,31.0,117.75,-0.6,13.0
2024-01-24 23:00:00,31.0,117.75,-0.6,13.0
2024-01-22 00:00:00,31.0,118.0,-1.0,7.0
2024-01-22 01:00:00,31.0,118.0,-0.9,7.0
2024-01-22 02:00:00,31.0,118.0,-0.4,7.0
2024-01-22 03:00:00,31.0,118.0,-0.2,7.0
2024-01-22 04:00:00,31.0,118.0,-0.2,7.0
2024-01-22 05:00:00,31.0,118.0,0.0,7.0
2024-01-22 06:00:00,31.0,118.0,0.0,7.0
2024-01-22 07:00:00,31.0,118.0,-0.2,7.0
2024-01-22 08:00:00,31.0,118.0,-0.5,7.0
2024-01-22 09:00:00,31.0,118.0,-1.0,7.0
2024-01-22 10:00:00,31.0,118.0,-1.8,7.0
2024-01-22 11:00:00,31.0,118.0,-1.9,7.0
2024-01-22 12:00:00,31.0,118.0,-2.2,7.0
2024-01-22 13:00:00,31.0,118.0,-2.2,7.0
2024-01-22 14:00:00,31.0,118.0,-2.3,7.0
2024-01-22 15:00:00,31.0,118.0,-2.5,7.0
2024-01-22 16:00:00,31.0,118.0,-2.7,7.0
2024-01-22 17:00:00,31.0,118.0,-2.8,7.0
2024-01-22 18:00:00,31.0,118.0,-3.2,7.0
2024-01-22 19:00:00,31.0,118.0,-3.5,7.0
2024-01-22 20:00:00,31.0,118.0,-3.8,7.0
2024-01-22 21:00:00,31.0,118.0,-4.0,7.0
2024-01-22 22:00:00,31.0,118.0,-4.2,7.0
2024-01-22 23:00:00,31.0,118.0,-4.4,7.0
2024-01-23 00:00:00,31.0,118.0,-4.4,7.0
2024-01-23 01:00:00,31.0,118.0,-3.7,7.0
2024-01-23 02:00:00,31.0,118.0,-2.8,7.0
2024-01-23 03:00:00,31.0,118.0,-1.9,7.0
2024-01-23 04:00:00,31.0,118.0,-1.2,7.0
2024-01-23 05:00:00,31.0,118.0,-0.6,7.0
2024-01-23 06:00:00,31.0,118.0,-0.3,7.0
2024-01-23 07:00:00,31.0,118.0,-0.1,7.0
2024-01-23 08:00:00,31.0,118.0,-0.4,7.0
2024-01-23 09:00:00,31.0,118.0,-1.0,7.0
2024-01-23 10:00:00,31.0,118.0,-2.3,7.0
2024-01-23 11:00:00,31.0,118.0,-2.5,7.0
2024-01-23 12:00:00,31.0,118.0,-2.5,7.0
2024-01-23 13:00:00,31.0,118.0,-2.5,7.0
2024-01-23 14:00:00,31.0,118.0,-2.6,7.0
2024-01-23 15:00:00,31.0,118.0,-2.6,7.0
2024-01-23 16:00:00,31.0,118.0,-2.7,7.0
2024-01-23 17:00:00,31.0,118.0,-2.8,7.0
2024-01-23 18:00:00,31.0,118.0,-2.8,7.0
2024-01-23 19:00:00,31.0,118.0,-2.9,7.0
2024-01-23 20:00:00,31.0,118.0,-3.0,7.0
2024-01-23 21:00:00,31.0,118.0,-3.0,7.0
2024-01-23 22:00:00,31.0,118.0,-2.9,7.0
2024-01-23 23:00:00,31.0,118.0,-2.9,7.0
2024-01-24 00:00:00,31.0,118.0,-2.4,7.0
2024-01-24 01:00:00,31.0,118.0,-1.3,7.0
2024-01-24 02:00:00,31.0,118.0,-0.1,7.0
2024-01-24 03:00:00,31.0,118.0,0.9,7.0
2024-01-24 04:00:00,31.0,118.0,1.8,7.0
2024-01-24 05:00:00,31.0,118.0,2.4,7.0
2024-01-24 06:00:00,31.0,118.0,2.8,7.0
2024-01-24 07:00:00,31.0,118.0,3.1,7.0
2024-01-24 08:00:00,31.0,118.0,3.1,7.0
2024-01-24 09:00:00,31.0,118.0,2.1,7.0
2024-01-24 10:00:00,31.0,118.0,0.3,7.0
2024-01-24 11:00:00,31.0,118.0,-0.1,7.0
2024-01-24 12:00:00,31.0,118.0,-0.3,7.0
2024-01-24 13:00:00,31.0,118.0,-0.3,7.0
2024-01-24 14:00:00,31.0,118.0,-0.4,7.0
2024-01-24 15:00:00,31.0,118.0,-0.3,7.0
2024-01-24 16:00:00,31.0,118.0,-0.1,7.0
2024-01-24 17:00:00,31.0,118.0,-0.1,7.0
2024-01-24 18:00:00,31.0,118.0,-0.0,7.0
2024-01-24 19:00:00,31.0,118.0,-0.3,7.0
2024-01-24 20:00:00,31.0,118.0,-0.4,7.0
2024-01-24 21:00:00,31.0,118.0,-0.6,7.0
2024-01-24 22:00:00,31.0,118.0,-0.7,7.0
2024-01-24 23:00:00,31.0,118.0,-0.7,7.0
2024-01-22 00:00:00,31.0,118.25,-1.0,45.0
2024-01-22 01:00:00,31.0,118.25,-0.8,45.0
2024-01-22 02:00:00,31.0,118.25,-0.5,45.0
2024-01-22 03:00:00,31.0,118.25,-0.4,45.0
2024-01-22 04:00:00,31.0,118.25,-0.1,45.0
2024-01-22 05:00:00,31.0,118.25,-0.2,45.0
2024-01-22 06:00:00,31.0,118.25,-0.4,45.0
2024-01-22 07:00:00,31.0,118.25,-0.5,45.0
2024-01-22 08:00:00,31.0,118.25,-0.8,45.0
2024-01-22 09:00:00,31.0,118.25,-1.3,45.0
2024-01-22 10:00:00,31.0,118.25,-2.0,45.0
2024-01-22 11:00:00,31.0,118.25,-2.2,45.0
2024-01-22 12:00:00,31.0,118.25,-2.5,45.0
2024-01-22 13:00:00,31.0,118.25,-2.6,45.0
2024-01-22 14:00:00,31.0,118.25,-2.8,45.0
2024-01-22 15:00:00,31.0,118.25,-3.0,45.0
2024-01-22 16:00:00,31.0,118.25,-3.1,45.0
2024-01-22 17:00:00,31.0,118.25,-3.2,45.0
2024-01-22 18:00:00,31.0,118.25,-3.5,45.0
2024-01-22 19:00:00,31.0,118.25,-3.8,45.0
2024-01-22 20:00:00,31.0,118.25,-4.1,45.0
2024-01-22 21:00:00,31.0,118.25,-4.4,45.0
2024-01-22 22:00:00,31.0,118.25,-4.5,45.0
2024-01-22 23:00:00,31.0,118.25,-4.7,45.0
2024-01-23 00:00:00,31.0,118.25,-4.7,45.0
2024-01-23 01:00:00,31.0,118.25,-4.1,45.0
2024-01-23 02:00:00,31.0,118.25,-3.1,45.0
2024-01-23 03:00:00,31.0,118.25,-2.1,45.0
2024-01-23 04:00:00,31.0,118.25,-1.4,45.0
2024-01-23 05:00:00,31.0,118.25,-0.8,45.0
2024-01-23 06:00:00,31.0,118.25,-0.5,45.0
2024-01-23 07:00:00,31.0,118.25,-0.4,45.0
2024-01-23 08:00:00,31.0,118.25,-0.6,45.0
2024-01-23 09:00:00,31.0,118.25,-1.4,45.0
2024-01-23 10:00:00,31.0,118.25,-2.8,45.0
2024-01-23 11:00:00,31.0,118.25,-3.1,45.0
2024-01-23 12:00:00,31.0,118.25,-3.0,45.0
2024-01-23 13:00:00,31.0,118.25,-3.1,45.0
2024-01-23 14:00:00,31.0,118.25,-3.1,45.0
2024-01-23 15:00:00,31.0,118.25,-3.1,45.0
2024-01-23 16:00:00,31.0,118.25,-3.2,45.0
2024-01-23 17:00:00,31.0,118.25,-3.2,45.0
2024-01-23 18:00:00,31.0,118.25,-3.3,45.0
2024-01-23 19:00:00,31.0,118.25,-3.3,45.0
2024-01-23 20:00:00,31.0,118.25,-3.4,45.0
2024-01-23 21:00:00,31.0,118.25,-3.4,45.0
2024-01-23 22:00:00,31.0,118.25,-3.5,45.0
2024-01-23 23:00:00,31.0,118.25,-3.4,45.0
2024-01-24 00:00:00,31.0,118.25,-2.7,45.0
2024-01-24 01:00:00,31.0,118.25,-1.5,45.0
2024-01-24 02:00:00,31.0,118.25,-0.2,45.0
2024-01-24 03:00:00,31.0,118.25,0.8,45.0
2024-01-24 04:00:00,31.0,118.25,1.8,45.0
2024-01-24 05:00:00,31.0,118.25,2.5,45.0
2024-01-24 06:00:00,31.0,118.25,2.9,45.0
2024-01-24 07:00:00,31.0,118.25,3.0,45.0
2024-01-24 08:00:00,31.0,118.25,2.8,45.0
2024-01-24 09:00:00,31.0,118.25,1.6,45.0
2024-01-24 10:00:00,31.0,118.25,-0.1,45.0
2024-01-24 11:00:00,31.0,118.25,-0.5,45.0
2024-01-24 12:00:00,31.0,118.25,-0.7,45.0
2024-01-24 13:00:00,31.0,118.25,-0.9,45.0
2024-01-24 14:00:00,31.0,118.25,-1.0,45.0
2024-01-24 15:00:00,31.0,118.25,-1.0,45.0
2024-01-24 16:00:00,31.0,118.25,-0.6,45.0
2024-01-24 17:00:00,31.0,118.25,-0.7,45.0
2024-01-24 18:00:00,31.0,118.25,-0.6,45.0
2024-01-24 19:00:00,31.0,118.25,-0.7,45.0
2024-01-24 20:00:00,31.0,118.25,-0.9,45.0
2024-01-24 21:00:00,31.0,118.25,-1.1,45.0
2024-01-24 22:00:00,31.0,118.25,-1.2,45.0
2024-01-24 23:00:00,31.0,118.25,-1.3,45.0
2024-01-22 00:00:00,31.0,118.5,-0.7,10.0
2024-01-22 01:00:00,31.0,118.5,-1.0,10.0
2024-01-22 02:00:00,31.0,118.5,-0.4,10.0
2024-01-22 03:00:00,31.0,118.5,-0.2,10.0
2024-01-22 04:00:00,31.0,118.5,0.0,10.0
2024-01-22 05:00:00,31.0,118.5,-0.1,10.0
2024-01-22 06:00:00,31.0,118.5,-0.4,10.0
2024-01-22 07:00:00,31.0,118.5,-0.5,10.0
2024-01-22 08:00:00,31.0,118.5,-0.7,10.0
2024-01-22 09:00:00,31.0,118.5,-1.2,10.0
2024-01-22 10:00:00,31.0,118.5,-1.8,10.0
2024-01-22 11:00:00,31.0,118.5,-1.9,10.0
2024-01-22 12:00:00,31.0,118.5,-2.1,10.0
2024-01-22 13:00:00,31.0,118.5,-2.2,10.0
2024-01-22 14:00:00,31.0,118.5,-2.4,10.0
2024-01-22 15:00:00,31.0,118.5,-2.6,10.0
2024-01-22 16:00:00,31.0,118.5,-2.8,10.0
2024-01-22 17:00:00,31.0,118.5,-2.8,10.0
2024-01-22 18:00:00,31.0,118.5,-3.2,10.0
2024-01-22 19:00:00,31.0,118.5,-3.3,10.0
2024-01-22 20:00:00,31.0,118.5,-3.6,10.0
2024-01-22 21:00:00,31.0,118.5,-3.9,10.0
2024-01-22 22:00:00,31.0,118.5,-4.1,10.0
2024-01-22 23:00:00,31.0,118.5,-4.3,10.0
2024-01-23 00:00:00,31.0,118.5,-4.2,10.0
2024-01-23 01:00:00,31.0,118.5,-3.6,10.0
2024-01-23 02:00:00,31.0,118.5,-2.9,10.0
2024-01-23 03:00:00,31.0,118.5,-2.0,10.0
2024-01-23 04:00:00,31.0,118.5,-1.3,10.0
2024-01-23 05:00:00,31.0,118.5,-0.6,10.0
2024-01-23 06:00:00,31.0,118.5,-0.3,10.0
2024-01-23 07:00:00,31.0,118.5,-0.1,10.0
2024-01-23 08:00:00,31.0,118.5,-0.4,10.0
2024-01-23 09:00:00,31.0,118.5,-1.1,10.0
2024-01-23 10:00:00,31.0,118.5,-2.3,10.0
2024-01-23 11:00:00,31.0,118.5,-2.6,10.0
2024-01-23 12:00:00,31.0,118.5,-2.6,10.0
2024-01-23 13:00:00,31.0,118.5,-2.7,10.0
2024-01-23 14:00:00,31.0,118.5,-2.8,10.0
2024-01-23 15:00:00,31.0,118.5,-2.8,10.0
2024-01-23 16:00:00,31.0,118.5,-2.9,10.0
2024-01-23 17:00:00,31.0,118.5,-2.9,10.0
2024-01-23 18:00:00,31.0,118.5,-3.0,10.0
2024-01-23 19:00:00,31.0,118.5,-3.0,10.0
2024-01-23 20:00:00,31.0,118.5,-3.1,10.0
2024-01-23 21:00:00,31.0,118.5,-3.1,10.0
2024-01-23 22:00:00,31.0,118.5,-3.2,10.0
2024-01-23 23:00:00,31.0,118.5,-3.2,10.0
2024-01-24 00:00:00,31.0,118.5,-2.5,10.0
2024-01-24 01:00:00,31.0,118.5,-1.4,10.0
2024-01-24 02:00:00,31.0,118.5,-0.2,10.0
2024-01-24 03:00:00,31.0,118.5,0.8,10.0
2024-01-24 04:00:00,31.0,118.5,1.7,10.0
2024-01-24 05:00:00,31.0,118.5,2.5,10.0
2024-01-24 06:00:00,31.0,118.5,2.9,10.0
2024-01-24 07:00:00,31.0,118.5,3.0,10.0
2024-01-24 08:00:00,31.0,118.5,2.8,10.0
2024-01-24 09:00:00,31.0,118.5,1.5,10.0
2024-01-24 10:00:00,31.0,118.5,-0.1,10.0
2024-01-24 11:00:00,31.0,118.5,-0.4,10.0
2024-01-24 12:00:00,31.0,118.5,-0.7,10.0
2024-01-24 13:00:00,31.0,118.5,-0.8,10.0
2024-01-24 14:00:00,31.0,118.5,-0.9,10.0
2024-01-24 15:00:00,31.0,118.5,-1.0,10.0
2024-01-24 16:00:00,31.0,118.5,-0.8,10.0
2024-01-24 17:00:00,31.0,118.5,-0.8,10.0
2024-01-24 18:00:00,31.0,118.5,-0.7,10.0
2024-01-24 19:00:00,31.0,118.5,-0.7,10.0
2024-01-24 20:00:00,31.0,118.5,-0.9,10.0
2024-01-24 21:00:00,31.0,118.5,-1.2,10.0
2024-01-24 22:00:00,31.0,118.5,-1.3,10.0
2024-01-24 23:00:00,31.0,118.5,-1.5,10.0
2024-01-22 00:00:00,31.0,118.75,-0.8,10.0
2024-01-22 01:00:00,31.0,118.75,-0.8,10.0
2024-01-22 02:00:00,31.0,118.75,-0.5,10.0
2024-01-22 03:00:00,31.0,118.75,-0.3,10.0
2024-01-22 04:00:00,31.0,118.75,0.1,10.0
2024-01-22 05:00:00,31.0,118.75,0.2,10.0
2024-01-22 06:00:00,31.0,118.75,-0.3,10.0
2024-01-22 07:00:00,31.0,118.75,-0.3,10.0
2024-01-22 08:00:00,31.0,118.75,-0.8,10.0
2024-01-22 09:00:00,31.0,118.75,-1.3,10.0
2024-01-22 10:00:00,31.0,118.75,-2.0,10.0
2024-01-22 11:00:00,31.0,118.75,-1.8,10.0
2024-01-22 12:00:00,31.0,118.75,-2.0,10.0
2024-01-22 13:00:00,31.0,118.75,-2.1,10.0
2024-01-22 14:00:00,31.0,118.75,-2.2,10.0
2024-01-22 15:00:00,31.0,118.75,-2.4,10.0
2024-01-22 16:00:00,31.0,118.75,-2.6,10.0
2024-01-22 17:00:00,31.0,118.75,-2.8,10.0
2024-01-22 18:00:00,31.0,118.75,-3.2,10.0
2024-01-22 19:00:00,31.0,118.75,-3.3,10.0
2024-01-22 20:00:00,31.0,118.75,-3.6,10.0
2024-01-22 21:00:00,31.0,118.75,-3.8,10.0
2024-01-22 22:00:00,31.0,118.75,-4.0,10.0
2024-01-22 23:00:00,31.0,118.75,-4.2,10.0
2024-01-23 00:00:00,31.0,118.75,-4.2,10.0
2024-01-23 01:00:00,31.0,118.75,-3.5,10.0
2024-01-23 02:00:00,31.0,118.75,-2.8,10.0
2024-01-23 03:00:00,31.0,118.75,-2.0,10.0
2024-01-23 04:00:00,31.0,118.75,-1.2,10.0
2024-01-23 05:00:00,31.0,118.75,-0.6,10.0
2024-01-23 06:00:00,31.0,118.75,-0.2,10.0
2024-01-23 07:00:00,31.0,118.75,-0.1,10.0
2024-01-23 08:00:00,31.0,118.75,-0.4,10.0
2024-01-23 09:00:00,31.0,118.75,-1.2,10.0
2024-01-23 10:00:00,31.0,118.75,-2.5,10.0
2024-01-23 11:00:00,31.0,118.75,-2.8,10.0
2024-01-23 12:00:00,31.0,118.75,-2.8,10.0
2024-01-23 13:00:00,31.0,118.75,-3.0,10.0
2024-01-23 14:00:00,31.0,118.75,-3.0,10.0
2024-01-23 15:00:00,31.0,118.75,-3.1,10.0
2024-01-23 16:00:00,31.0,118.75,-3.2,10.0
2024-01-23 17:00:00,31.0,118.75,-3.2,10.0
2024-01-23 18:00:00,31.0,118.75,-3.2,10.0
2024-01-23 19:00:00,31.0,118.75,-3.3,10.0
2024-01-23 20:00:00,31.0,118.75,-3.4,10.0
2024-01-23 21:00:00,31.0,118.75,-3.4,10.0
2024-01-23 22:00:00,31.0,118.75,-3.4,10.0
2024-01-23 23:00:00,31.0,118.75,-3.5,10.0
2024-01-24 00:00:00,31.0,118.75,-2.7,10.0
2024-01-24 01:00:00,31.0,118.75,-1.4,10.0
2024-01-24 02:00:00,31.0,118.75,-0.1,10.0
2024-01-24 03:00:00,31.0,118.75,0.9,10.0
2024-01-24 04:00:00,31.0,118.75,1.7,10.0
2024-01-24 05:00:00,31.0,118.75,2.5,10.0
2024-01-24 06:00:00,31.0,118.75,2.9,10.0
2024-01-24 07:00:00,31.0,118.75,3.0,10.0
2024-01-24 08:00:00,31.0,118.75,2.7,10.0
2024-01-24 09:00:00,31.0,118.75,1.4,10.0
2024-01-24 10:00:00,31.0,118.75,-0.2,10.0
2024-01-24 11:00:00,31.0,118.75,-0.5,10.0
2024-01-24 12:00:00,31.0,118.75,-0.7,10.0
2024-01-24 13:00:00,31.0,118.75,-0.8,10.0
2024-01-24 14:00:00,31.0,118.75,-1.0,10.0
2024-01-24 15:00:00,31.0,118.75,-1.1,10.0
2024-01-24 16:00:00,31.0,118.75,-1.2,10.0
2024-01-24 17:00:00,31.0,118.75,-0.8,10.0
2024-01-24 18:00:00,31.0,118.75,-0.7,10.0
2024-01-24 19:00:00,31.0,118.75,-0.7,10.0
2024-01-24 20:00:00,31.0,118.75,-0.8,10.0
2024-01-24 21:00:00,31.0,118.75,-1.2,10.0
2024-01-24 22:00:00,31.0,118.75,-1.3,10.0
2024-01-24 23:00:00,31.0,118.75,-1.5,10.0
2024-01-22 00:00:00,31.0,119.0,-0.8,10.0
2024-01-22 01:00:00,31.0,119.0,-0.8,10.0
2024-01-22 02:00:00,31.0,119.0,-0.4,10.0
2024-01-22 03:00:00,31.0,119.0,-0.2,10.0
2024-01-22 04:00:00,31.0,119.0,0.1,10.0
2024-01-22 05:00:00,31.0,119.0,0.3,10.0
2024-01-22 06:00:00,31.0,119.0,-0.3,10.0
2024-01-22 07:00:00,31.0,119.0,-0.2,10.0
2024-01-22 08:00:00,31.0,119.0,-0.7,10.0
2024-01-22 09:00:00,31.0,119.0,-1.2,10.0
2024-01-22 10:00:00,31.0,119.0,-1.8,10.0
2024-01-22 11:00:00,31.0,119.0,-1.5,10.0
2024-01-22 12:00:00,31.0,119.0,-1.8,10.0
2024-01-22 13:00:00,31.0,119.0,-2.0,10.0
2024-01-22 14:00:00,31.0,119.0,-2.2,10.0
2024-01-22 15:00:00,31.0,119.0,-2.3,10.0
2024-01-22 16:00:00,31.0,119.0,-2.5,10.0
2024-01-22 17:00:00,31.0,119.0,-2.6,10.0
2024-01-22 18:00:00,31.0,119.0,-3.0,10.0
2024-01-22 19:00:00,31.0,119.0,-3.1,10.0
2024-01-22 20:00:00,31.0,119.0,-3.3,10.0
2024-01-22 21:00:00,31.0,119.0,-3.4,10.0
2024-01-22 22:00:00,31.0,119.0,-3.7,10.0
2024-01-22 23:00:00,31.0,119.0,-4.1,10.0
2024-01-23 00:00:00,31.0,119.0,-4.2,10.0
2024-01-23 01:00:00,31.0,119.0,-3.6,10.0
2024-01-23 02:00:00,31.0,119.0,-2.8,10.0
2024-01-23 03:00:00,31.0,119.0,-1.8,10.0
2024-01-23 04:00:00,31.0,119.0,-1.1,10.0
2024-01-23 05:00:00,31.0,119.0,-0.4,10.0
2024-01-23 06:00:00,31.0,119.0,-0.1,10.0
2024-01-23 07:00:00,31.0,119.0,-0.1,10.0
2024-01-23 08:00:00,31.0,119.0,-0.4,10.0
2024-01-23 09:00:00,31.0,119.0,-1.2,10.0
2024-01-23 10:00:00,31.0,119.0,-2.5,10.0
2024-01-23 11:00:00,31.0,119.0,-2.7,10.0
2024-01-23 12:00:00,31.0,119.0,-2.7,10.0
2024-01-23 13:00:00,31.0,119.0,-2.8,10.0
2024-01-23 14:00:00,31.0,119.0,-2.9,10.0
2024-01-23 15:00:00,31.0,119.0,-2.9,10.0
2024-01-23 16:00:00,31.0,119.0,-3.0,10.0
2024-01-23 17:00:00,31.0,119.0,-3.0,10.0
2024-01-23 18:00:00,31.0,119.0,-3.1,10.0
2024-01-23 19:00:00,31.0,119.0,-3.1,10.0
2024-01-23 20:00:00,31.0,119.0,-3.2,10.0
2024-01-23 21:00:00,31.0,119.0,-3.4,10.0
2024-01-23 22:00:00,31.0,119.0,-3.5,10.0
2024-01-23 23:00:00,31.0,119.0,-3.6,10.0
2024-01-24 00:00:00,31.0,119.0,-2.8,10.0
2024-01-24 01:00:00,31.0,119.0,-1.4,10.0
2024-01-24 02:00:00,31.0,119.0,-0.1,10.0
2024-01-24 03:00:00,31.0,119.0,1.0,10.0
2024-01-24 04:00:00,31.0,119.0,1.8,10.0
2024-01-24 05:00:00,31.0,119.0,2.5,10.0
2024-01-24 06:00:00,31.0,119.0,2.9,10.0
2024-01-24 07:00:00,31.0,119.0,3.0,10.0
2024-01-24 08:00:00,31.0,119.0,2.7,10.0
2024-01-24 09:00:00,31.0,119.0,1.2,10.0
2024-01-24 10:00:00,31.0,119.0,-0.5,10.0
2024-01-24 11:00:00,31.0,119.0,-0.9,10.0
2024-01-24 12:00:00,31.0,119.0,-1.0,10.0
2024-01-24 13:00:00,31.0,119.0,-1.1,10.0
2024-01-24 14:00:00,31.0,119.0,-1.3,10.0
2024-01-24 15:00:00,31.0,119.0,-1.4,10.0
2024-01-24 16:00:00,31.0,119.0,-1.6,10.0
2024-01-24 17:00:00,31.0,119.0,-1.3,10.0
2024-01-24 18:00:00,31.0,119.0,-1.1,10.0
2024-01-24 19:00:00,31.0,119.0,-1.2,10.0
2024-01-24 20:00:00,31.0,119.0,-1.1,10.0
2024-01-24 21:00:00,31.0,119.0,-1.3,10.0
2024-01-24 22:00:00,31.0,119.0,-1.7,10.0
2024-01-24 23:00:00,31.0,119.0,-1.8,10.0
2024-01-22 00:00:00,31.0,119.25,-0.9,19.0
2024-01-22 01:00:00,31.0,119.25,-0.6,19.0
2024-01-22 02:00:00,31.0,119.25,-0.3,19.0
2024-01-22 03:00:00,31.0,119.25,-0.0,19.0
2024-01-22 04:00:00,31.0,119.25,0.0,19.0
2024-01-22 05:00:00,31.0,119.25,0.0,19.0
2024-01-22 06:00:00,31.0,119.25,-0.5,19.0
2024-01-22 07:00:00,31.0,119.25,-0.9,19.0
2024-01-22 08:00:00,31.0,119.25,-1.1,19.0
2024-01-22 09:00:00,31.0,119.25,-1.6,19.0
2024-01-22 10:00:00,31.0,119.25,-2.4,19.0
2024-01-22 11:00:00,31.0,119.25,-2.3,19.0
2024-01-22 12:00:00,31.0,119.25,-2.4,19.0
2024-01-22 13:00:00,31.0,119.25,-2.5,19.0
2024-01-22 14:00:00,31.0,119.25,-2.7,19.0
2024-01-22 15:00:00,31.0,119.25,-2.9,19.0
2024-01-22 16:00:00,31.0,119.25,-3.2,19.0
2024-01-22 17:00:00,31.0,119.25,-3.4,19.0
2024-01-22 18:00:00,31.0,119.25,-3.7,19.0
2024-01-22 19:00:00,31.0,119.25,-3.9,19.0
2024-01-22 20:00:00,31.0,119.25,-4.1,19.0
2024-01-22 21:00:00,31.0,119.25,-4.2,19.0
2024-01-22 22:00:00,31.0,119.25,-4.5,19.0
2024-01-22 23:00:00,31.0,119.25,-4.8,19.0
2024-01-23 00:00:00,31.0,119.25,-4.6,19.0
2024-01-23 01:00:00,31.0,119.25,-3.6,19.0
2024-01-23 02:00:00,31.0,119.25,-2.4,19.0
2024-01-23 03:00:00,31.0,119.25,-1.4,19.0
2024-01-23 04:00:00,31.0,119.25,-0.7,19.0
2024-01-23 05:00:00,31.0,119.25,-0.3,19.0
2024-01-23 06:00:00,31.0,119.25,-0.2,19.0
2024-01-23 07:00:00,31.0,119.25,-0.2,19.0
2024-01-23 08:00:00,31.0,119.25,-0.7,19.0
2024-01-23 09:00:00,31.0,119.25,-1.5,19.0
2024-01-23 10:00:00,31.0,119.25,-2.9,19.0
2024-01-23 11:00:00,31.0,119.25,-3.2,19.0
2024-01-23 12:00:00,31.0,119.25,-3.2,19.0
2024-01-23 13:00:00,31.0,119.25,-3.3,19.0
2024-01-23 14:00:00,31.0,119.25,-3.3,19.0
2024-01-23 15:00:00,31.0,119.25,-3.3,19.0
2024-01-23 16:00:00,31.0,119.25,-3.2,19.0
2024-01-23 17:00:00,31.0,119.25,-3.3,19.0
2024-01-23 18:00:00,31.0,119.25,-3.3,19.0
2024-01-23 19:00:00,31.0,119.25,-3.4,19.0
2024-01-23 20:00:00,31.0,119.25,-3.6,19.0
2024-01-23 21:00:00,31.0,119.25,-3.7,19.0
2024-01-23 22:00:00,31.0,119.25,-3.9,19.0
2024-01-23 23:00:00,31.0,119.25,-4.0,19.0
2024-01-24 00:00:00,31.0,119.25,-3.0,19.0
2024-01-24 01:00:00,31.0,119.25,-1.2,19.0
2024-01-24 02:00:00,31.0,119.25,0.1,19.0
2024-01-24 03:00:00,31.0,119.25,1.2,19.0
2024-01-24 04:00:00,31.0,119.25,1.9,19.0
2024-01-24 05:00:00,31.0,119.25,2.5,19.0
2024-01-24 06:00:00,31.0,119.25,2.9,19.0
2024-01-24 07:00:00,31.0,119.25,3.0,19.0
2024-01-24 08:00:00,31.0,119.25,2.5,19.0
2024-01-24 09:00:00,31.0,119.25,0.7,19.0
2024-01-24 10:00:00,31.0,119.25,-1.1,19.0
2024-01-24 11:00:00,31.0,119.25,-1.5,19.0
2024-01-24 12:00:00,31.0,119.25,-1.8,19.0
2024-01-24 13:00:00,31.0,119.25,-1.9,19.0
2024-01-24 14:00:00,31.0,119.25,-2.1,19.0
2024-01-24 15:00:00,31.0,119.25,-2.2,19.0
2024-01-24 16:00:00,31.0,119.25,-2.3,19.0
2024-01-24 17:00:00,31.0,119.25,-2.3,19.0
2024-01-24 18:00:00,31.0,119.25,-1.8,19.0
2024-01-24 19:00:00,31.0,119.25,-1.7,19.0
2024-01-24 20:00:00,31.0,119.25,-1.7,19.0
2024-01-24 21:00:00,31.0,119.25,-1.7,19.0
2024-01-24 22:00:00,31.0,119.25,-2.1,19.0
2024-01-24 23:00:00,31.0,119.25,-2.3,19.0
2024-01-22 00:00:00,31.0,119.5,-1.7,41.0
2024-01-22 01:00:00,31.0,119.5,-1.1,41.0
2024-01-22 02:00:00,31.0,119.5,-0.8,41.0
2024-01-22 03:00:00,31.0,119.5,-0.2,41.0
2024-01-22 04:00:00,31.0,119.5,0.1,41.0
2024-01-22 05:00:00,31.0,119.5,0.1,41.0
2024-01-22 06:00:00,31.0,119.5,-0.4,41.0
2024-01-22 07:00:00,31.0,119.5,-1.1,41.0
2024-01-22 08:00:00,31.0,119.5,-1.4,41.0
2024-01-22 09:00:00,31.0,119.5,-1.7,41.0
2024-01-22 10:00:00,31.0,119.5,-2.4,41.0
2024-01-22 11:00:00,31.0,119.5,-2.4,41.0
2024-01-22 12:00:00,31.0,119.5,-2.6,41.0
2024-01-22 13:00:00,31.0,119.5,-2.7,41.0
2024-01-22 14:00:00,31.0,119.5,-2.9,41.0
2024-01-22 15:00:00,31.0,119.5,-3.0,41.0
2024-01-22 16:00:00,31.0,119.5,-3.2,41.0
2024-01-22 17:00:00,31.0,119.5,-3.5,41.0
2024-01-22 18:00:00,31.0,119.5,-3.9,41.0
2024-01-22 19:00:00,31.0,119.5,-4.2,41.0
2024-01-22 20:00:00,31.0,119.5,-4.4,41.0
2024-01-22 21:00:00,31.0,119.5,-4.6,41.0
2024-01-22 22:00:00,31.0,119.5,-4.8,41.0
2024-01-22 23:00:00,31.0,119.5,-5.2,41.0
2024-01-23 00:00:00,31.0,119.5,-5.2,41.0
2024-01-23 01:00:00,31.0,119.5,-4.2,41.0
2024-01-23 02:00:00,31.0,119.5,-3.0,41.0
2024-01-23 03:00:00,31.0,119.5,-2.0,41.0
2024-01-23 04:00:00,31.0,119.5,-1.0,41.0
2024-01-23 05:00:00,31.0,119.5,-0.3,41.0
2024-01-23 06:00:00,31.0,119.5,-0.2,41.0
2024-01-23 07:00:00,31.0,119.5,-0.4,41.0
2024-01-23 08:00:00,31.0,119.5,-0.9,41.0
2024-01-23 09:00:00,31.0,119.5,-1.9,41.0
2024-01-23 10:00:00,31.0,119.5,-3.3,41.0
2024-01-23 11:00:00,31.0,119.5,-3.7,41.0
2024-01-23 12:00:00,31.0,119.5,-3.7,41.0
2024-01-23 13:00:00,31.0,119.5,-3.8,41.0
2024-01-23 14:00:00,31.0,119.5,-3.8,41.0
2024-01-23 15:00:00,31.0,119.5,-3.9,41.0
2024-01-23 16:00:00,31.0,119.5,-4.0,41.0
2024-01-23 17:00:00,31.0,119.5,-3.9,41.0
2024-01-23 18:00:00,31.0,119.5,-3.9,41.0
2024-01-23 19:00:00,31.0,119.5,-4.0,41.0
2024-01-23 20:00:00,31.0,119.5,-4.0,41.0
2024-01-23 21:00:00,31.0,119.5,-4.0,41.0
2024-01-23 22:00:00,31.0,119.5,-4.2,41.0
2024-01-23 23:00:00,31.0,119.5,-4.3,41.0
2024-01-24 00:00:00,31.0,119.5,-3.3,41.0
2024-01-24 01:00:00,31.0,119.5,-1.5,41.0
2024-01-24 02:00:00,31.0,119.5,-0.1,41.0
2024-01-24 03:00:00,31.0,119.5,1.2,41.0
2024-01-24 04:00:00,31.0,119.5,2.0,41.0
2024-01-24 05:00:00,31.0,119.5,2.6,41.0
2024-01-24 06:00:00,31.0,119.5,3.0,41.0
2024-01-24 07:00:00,31.0,119.5,3.1,41.0
2024-01-24 08:00:00,31.0,119.5,2.6,41.0
2024-01-24 09:00:00,31.0,119.5,0.7,41.0
2024-01-24 10:00:00,31.0,119.5,-1.1,41.0
2024-01-24 11:00:00,31.0,119.5,-1.6,41.0
2024-01-24 12:00:00,31.0,119.5,-1.8,41.0
2024-01-24 13:00:00,31.0,119.5,-2.0,41.0
2024-01-24 14:00:00,31.0,119.5,-2.1,41.0
2024-01-24 15:00:00,31.0,119.5,-2.2,41.0
2024-01-24 16:00:00,31.0,119.5,-2.4,41.0
2024-01-24 17:00:00,31.0,119.5,-2.4,41.0
2024-01-24 18:00:00,31.0,119.5,-2.1,41.0
2024-01-24 19:00:00,31.0,119.5,-2.0,41.0
2024-01-24 20:00:00,31.0,119.5,-1.9,41.0
2024-01-24 21:00:00,31.0,119.5,-1.8,41.0
2024-01-24 22:00:00,31.0,119.5,-2.0,41.0
2024-01-24 23:00:00,31.0,119.5,-2.4,41.0
2024-01-22 00:00:00,31.0,119.75,-2.9,210.0
2024-01-22 01:00:00,31.0,119.75,-2.5,210.0
2024-01-22 02:00:00,31.0,119.75,-2.3,210.0
2024-01-22 03:00:00,31.0,119.75,-1.4,210.0
2024-01-22 04:00:00,31.0,119.75,-1.1,210.0
2024-01-22 05:00:00,31.0,119.75,-0.9,210.0
2024-01-22 06:00:00,31.0,119.75,-1.4,210.0
2024-01-22 07:00:00,31.0,119.75,-2.0,210.0
2024-01-22 08:00:00,31.0,119.75,-2.6,210.0
2024-01-22 09:00:00,31.0,119.75,-2.9,210.0
2024-01-22 10:00:00,31.0,119.75,-3.2,210.0
2024-01-22 11:00:00,31.0,119.75,-3.5,210.0
2024-01-22 12:00:00,31.0,119.75,-3.7,210.0
2024-01-22 13:00:00,31.0,119.75,-3.8,210.0
2024-01-22 14:00:00,31.0,119.75,-3.9,210.0
2024-01-22 15:00:00,31.0,119.75,-4.0,210.0
2024-01-22 16:00:00,31.0,119.75,-4.3,210.0
2024-01-22 17:00:00,31.0,119.75,-4.5,210.0
2024-01-22 18:00:00,31.0,119.75,-4.8,210.0
2024-01-22 19:00:00,31.0,119.75,-5.2,210.0
2024-01-22 20:00:00,31.0,119.75,-5.6,210.0
2024-01-22 21:00:00,31.0,119.75,-5.9,210.0
2024-01-22 22:00:00,31.0,119.75,-6.1,210.0
2024-01-22 23:00:00,31.0,119.75,-6.5,210.0
2024-01-23 00:00:00,31.0,119.75,-6.3,210.0
2024-01-23 01:00:00,31.0,119.75,-5.3,210.0
2024-01-23 02:00:00,31.0,119.75,-4.2,210.0
2024-01-23 03:00:00,31.0,119.75,-3.2,210.0
2024-01-23 04:00:00,31.0,119.75,-2.2,210.0
2024-01-23 05:00:00,31.0,119.75,-1.3,210.0
2024-01-23 06:00:00,31.0,119.75,-1.0,210.0
2024-01-23 07:00:00,31.0,119.75,-1.2,210.0
2024-01-23 08:00:00,31.0,119.75,-1.8,210.0
2024-01-23 09:00:00,31.0,119.75,-2.7,210.0
2024-01-23 10:00:00,31.0,119.75,-3.9,210.0
2024-01-23 11:00:00,31.0,119.75,-4.4,210.0
2024-01-23 12:00:00,31.0,119.75,-4.4,210.0
2024-01-23 13:00:00,31.0,119.75,-4.4,210.0
2024-01-23 14:00:00,31.0,119.75,-4.5,210.0
2024-01-23 15:00:00,31.0,119.75,-4.5,210.0
2024-01-23 16:00:00,31.0,119.75,-4.6,210.0
2024-01-23 17:00:00,31.0,119.75,-4.7,210.0
2024-01-23 18:00:00,31.0,119.75,-4.8,210.0
2024-01-23 19:00:00,31.0,119.75,-4.8,210.0
2024-01-23 20:00:00,31.0,119.75,-4.9,210.0
2024-01-23 21:00:00,31.0,119.75,-5.0,210.0
2024-01-23 22:00:00,31.0,119.75,-5.2,210.0
2024-01-23 23:00:00,31.0,119.75,-5.3,210.0
2024-01-24 00:00:00,31.0,119.75,-4.3,210.0
2024-01-24 01:00:00,31.0,119.75,-2.6,210.0
2024-01-24 02:00:00,31.0,119.75,-1.1,210.0
2024-01-24 03:00:00,31.0,119.75,0.2,210.0
2024-01-24 04:00:00,31.0,119.75,1.2,210.0
2024-01-24 05:00:00,31.0,119.75,1.9,210.0
2024-01-24 06:00:00,31.0,119.75,2.4,210.0
2024-01-24 07:00:00,31.0,119.75,2.4,210.0
2024-01-24 08:00:00,31.0,119.75,1.9,210.0
2024-01-24 09:00:00,31.0,119.75,-0.1,210.0
2024-01-24 10:00:00,31.0,119.75,-1.9,210.0
2024-01-24 11:00:00,31.0,119.75,-2.4,210.0
2024-01-24 12:00:00,31.0,119.75,-2.7,210.0
2024-01-24 13:00:00,31.0,119.75,-2.8,210.0
2024-01-24 14:00:00,31.0,119.75,-2.9,210.0
2024-01-24 15:00:00,31.0,119.75,-3.0,210.0
2024-01-24 16:00:00,31.0,119.75,-3.1,210.0
2024-01-24 17:00:00,31.0,119.75,-3.2,210.0
2024-01-24 18:00:00,31.0,119.75,-2.9,210.0
2024-01-24 19:00:00,31.0,119.75,-2.7,210.0
2024-01-24 20:00:00,31.0,119.75,-2.6,210.0
2024-01-24 21:00:00,31.0,119.75,-2.5,210.0
2024-01-24 22:00:00,31.0,119.75,-2.7,210.0
2024-01-24 23:00:00,31.0,119.75,-3.1,210.0
2024-01-22 00:00:00,31.0,120.0,-0.8,3.0
2024-01-22 01:00:00,31.0,120.0,-0.6,3.0
2024-01-22 02:00:00,31.0,120.0,-0.7,3.0
2024-01-22 03:00:00,31.0,120.0,-0.2,3.0
2024-01-22 04:00:00,31.0,120.0,-0.3,3.0
2024-01-22 05:00:00,31.0,120.0,0.0,3.0
2024-01-22 06:00:00,31.0,120.0,-0.2,3.0
2024-01-22 07:00:00,31.0,120.0,-0.4,3.0
2024-01-22 08:00:00,31.0,120.0,-1.0,3.0
2024-01-22 09:00:00,31.0,120.0,-1.4,3.0
2024-01-22 10:00:00,31.0,120.0,-1.6,3.0
2024-01-22 11:00:00,31.0,120.0,-1.7,3.0
2024-01-22 12:00:00,31.0,120.0,-1.8,3.0
2024-01-22 13:00:00,31.0,120.0,-1.9,3.0
2024-01-22 14:00:00,31.0,120.0,-2.1,3.0
2024-01-22 15:00:00,31.0,120.0,-2.3,3.0
2024-01-22 16:00:00,31.0,120.0,-2.6,3.0
2024-01-22 17:00:00,31.0,120.0,-2.9,3.0
2024-01-22 18:00:00,31.0,120.0,-3.2,3.0
2024-01-22 19:00:00,31.0,120.0,-3.5,3.0
2024-01-22 20:00:00,31.0,120.0,-3.8,3.0
2024-01-22 21:00:00,31.0,120.0,-4.0,3.0
2024-01-22 22:00:00,31.0,120.0,-4.3,3.0
2024-01-22 23:00:00,31.0,120.0,-4.8,3.0
2024-01-23 00:00:00,31.0,120.0,-4.8,3.0
2024-01-23 01:00:00,31.0,120.0,-3.9,3.0
2024-01-23 02:00:00,31.0,120.0,-3.0,3.0
2024-01-23 03:00:00,31.0,120.0,-2.0,3.0
2024-01-23 04:00:00,31.0,120.0,-1.1,3.0
2024-01-23 05:00:00,31.0,120.0,-0.4,3.0
2024-01-23 06:00:00,31.0,120.0,0.1,3.0
2024-01-23 07:00:00,31.0,120.0,0.2,3.0
2024-01-23 08:00:00,31.0,120.0,-0.2,3.0
2024-01-23 09:00:00,31.0,120.0,-0.9,3.0
2024-01-23 10:00:00,31.0,120.0,-2.2,3.0
2024-01-23 11:00:00,31.0,120.0,-2.6,3.0
2024-01-23 12:00:00,31.0,120.0,-2.8,3.0
2024-01-23 13:00:00,31.0,120.0,-3.0,3.0
2024-01-23 14:00:00,31.0,120.0,-3.1,3.0
2024-01-23 15:00:00,31.0,120.0,-3.1,3.0
2024-01-23 16:00:00,31.0,120.0,-3.1,3.0
2024-01-23 17:00:00,31.0,120.0,-3.0,3.0
2024-01-23 18:00:00,31.0,120.0,-3.0,3.0
2024-01-23 19:00:00,31.0,120.0,-3.1,3.0
2024-01-23 20:00:00,31.0,120.0,-3.2,3.0
2024-01-23 21:00:00,31.0,120.0,-3.3,3.0
2024-01-23 22:00:00,31.0,120.0,-3.4,3.0
2024-01-23 23:00:00,31.0,120.0,-3.5,3.0
2024-01-24 00:00:00,31.0,120.0,-2.7,3.0
2024-01-24 01:00:00,31.0,120.0,-1.1,3.0
2024-01-24 02:00:00,31.0,120.0,0.3,3.0
2024-01-24 03:00:00,31.0,120.0,1.5,3.0
2024-01-24 04:00:00,31.0,120.0,2.5,3.0
2024-01-24 05:00:00,31.0,120.0,3.1,3.0
2024-01-24 06:00:00,31.0,120.0,3.6,3.0
2024-01-24 07:00:00,31.0,120.0,3.5,3.0
2024-01-24 08:00:00,31.0,120.0,3.3,3.0
2024-01-24 09:00:00,31.0,120.0,2.0,3.0
2024-01-24 10:00:00,31.0,120.0,0.5,3.0
2024-01-24 11:00:00,31.0,120.0,-0.0,3.0
2024-01-24 12:00:00,31.0,120.0,-0.5,3.0
2024-01-24 13:00:00,31.0,120.0,-0.8,3.0
2024-01-24 14:00:00,31.0,120.0,-0.9,3.0
2024-01-24 15:00:00,31.0,120.0,-1.0,3.0
2024-01-24 16:00:00,31.0,120.0,-1.1,3.0
2024-01-24 17:00:00,31.0,120.0,-1.2,3.0
2024-01-24 18:00:00,31.0,120.0,-1.2,3.0
2024-01-24 19:00:00,31.0,120.0,-0.9,3.0
2024-01-24 20:00:00,31.0,120.0,-0.8,3.0
2024-01-24 21:00:00,31.0,120.0,-0.7,3.0
2024-01-24 22:00:00,31.0,120.0,-0.7,3.0
2024-01-24 23:00:00,31.0,120.0,-1.1,3.0
2024-01-22 00:00:00,31.0,120.25,-0.3,1.0
2024-01-22 01:00:00,31.0,120.25,-0.4,1.0
2024-01-22 02:00:00,31.0,120.25,-0.1,1.0
2024-01-22 03:00:00,31.0,120.25,-0.1,1.0
2024-01-22 04:00:00,31.0,120.25,0.0,1.0
2024-01-22 05:00:00,31.0,120.25,0.0,1.0
2024-01-22 06:00:00,31.0,120.25,-0.1,1.0
2024-01-22 07:00:00,31.0,120.25,-0.4,1.0
2024-01-22 08:00:00,31.0,120.25,-0.4,1.0
2024-01-22 09:00:00,31.0,120.25,-0.8,1.0
2024-01-22 10:00:00,31.0,120.25,-1.1,1.0
2024-01-22 11:00:00,31.0,120.25,-1.2,1.0
2024-01-22 12:00:00,31.0,120.25,-1.2,1.0
2024-01-22 13:00:00,31.0,120.25,-1.3,1.0
2024-01-22 14:00:00,31.0,120.25,-1.4,1.0
2024-01-22 15:00:00,31.0,120.25,-1.5,1.0
2024-01-22 16:00:00,31.0,120.25,-1.7,1.0
2024-01-22 17:00:00,31.0,120.25,-1.9,1.0
2024-01-22 18:00:00,31.0,120.25,-2.3,1.0
2024-01-22 19:00:00,31.0,120.25,-2.5,1.0
2024-01-22 20:00:00,31.0,120.25,-3.0,1.0
2024-01-22 21:00:00,31.0,120.25,-3.2,1.0
2024-01-22 22:00:00,31.0,120.25,-3.5,1.0
2024-01-22 23:00:00,31.0,120.25,-3.9,1.0
2024-01-23 00:00:00,31.0,120.25,-3.9,1.0
2024-01-23 01:00:00,31.0,120.25,-3.5,1.0
2024-01-23 02:00:00,31.0,120.25,-2.7,1.0
2024-01-23 03:00:00,31.0,120.25,-2.0,1.0
2024-01-23 04:00:00,31.0,120.25,-1.3,1.0
2024-01-23 05:00:00,31.0,120.25,-0.6,1.0
2024-01-23 06:00:00,31.0,120.25,-0.2,1.0
2024-01-23 07:00:00,31.0,120.25,0.2,1.0
2024-01-23 08:00:00,31.0,120.25,-0.0,1.0
2024-01-23 09:00:00,31.0,120.25,-0.5,1.0
2024-01-23 10:00:00,31.0,120.25,-1.1,1.0
2024-01-23 11:00:00,31.0,120.25,-1.4,1.0
2024-01-23 12:00:00,31.0,120.25,-1.6,1.0
2024-01-23 13:00:00,31.0,120.25,-1.8,1.0
2024-01-23 14:00:00,31.0,120.25,-1.9,1.0
2024-01-23 15:00:00,31.0,120.25,-2.1,1.0
2024-01-23 16:00:00,31.0,120.25,-2.3,1.0
2024-01-23 17:00:00,31.0,120.25,-2.3,1.0
2024-01-23 18:00:00,31.0,120.25,-2.2,1.0
2024-01-23 19:00:00,31.0,120.25,-2.3,1.0
2024-01-23 20:00:00,31.0,120.25,-2.4,1.0
2024-01-23 21:00:00,31.0,120.25,-2.6,1.0
2024-01-23 22:00:00,31.0,120.25,-2.8,1.0
2024-01-23 23:00:00,31.0,120.25,-2.8,1.0
2024-01-24 00:00:00,31.0,120.25,-2.1,1.0
2024-01-24 01:00:00,31.0,120.25,-0.9,1.0
2024-01-24 02:00:00,31.0,120.25,0.2,1.0
2024-01-24 03:00:00,31.0,120.25,1.4,1.0
2024-01-24 04:00:00,31.0,120.25,2.3,1.0
2024-01-24 05:00:00,31.0,120.25,3.1,1.0
2024-01-24 06:00:00,31.0,120.25,3.1,1.0
2024-01-24 07:00:00,31.0,120.25,3.0,1.0
2024-01-24 08:00:00,31.0,120.25,3.0,1.0
2024-01-24 09:00:00,31.0,120.25,2.2,1.0
2024-01-24 10:00:00,31.0,120.25,1.2,1.0
2024-01-24 11:00:00,31.0,120.25,1.1,1.0
2024-01-24 12:00:00,31.0,120.25,0.7,1.0
2024-01-24 13:00:00,31.0,120.25,0.3,1.0
2024-01-24 14:00:00,31.0,120.25,-0.0,1.0
2024-01-24 15:00:00,31.0,120.25,-0.2,1.0
2024-01-24 16:00:00,31.0,120.25,-0.4,1.0
2024-01-24 17:00:00,31.0,120.25,-0.5,1.0
2024-01-24 18:00:00,31.0,120.25,-0.6,1.0
2024-01-24 19:00:00,31.0,120.25,-0.4,1.0
2024-01-24 20:00:00,31.0,120.25,-0.4,1.0
2024-01-24 21:00:00,31.0,120.25,-0.4,1.0
2024-01-24 22:00:00,31.0,120.25,-0.5,1.0
2024-01-24 23:00:00,31.0,120.25,-1.1,1.0
2024-01-22 00:00:00,31.0,120.5,-0.9,2.0
2024-01-22 01:00:00,31.0,120.5,-0.6,2.0
2024-01-22 02:00:00,31.0,120.5,-0.2,2.0
2024-01-22 03:00:00,31.0,120.5,-0.1,2.0
2024-01-22 04:00:00,31.0,120.5,0.2,2.0
2024-01-22 05:00:00,31.0,120.5,0.1,2.0
2024-01-22 06:00:00,31.0,120.5,0.2,2.0
2024-01-22 07:00:00,31.0,120.5,0.0,2.0
2024-01-22 08:00:00,31.0,120.5,-0.4,2.0
2024-01-22 09:00:00,31.0,120.5,-0.8,2.0
2024-01-22 10:00:00,31.0,120.5,-1.2,2.0
2024-01-22 11:00:00,31.0,120.5,-1.3,2.0
2024-01-22 12:00:00,31.0,120.5,-1.5,2.0
2024-01-22 13:00:00,31.0,120.5,-1.7,2.0
2024-01-22 14:00:00,31.0,120.5,-1.9,2.0
2024-01-22 15:00:00,31.0,120.5,-1.9,2.0
2024-01-22 16:00:00,31.0,120.5,-2.0,2.0
2024-01-22 17:00:00,31.0,120.5,-2.2,2.0
2024-01-22 18:00:00,31.0,120.5,-2.6,2.0
2024-01-22 19:00:00,31.0,120.5,-2.9,2.0
2024-01-22 20:00:00,31.0,120.5,-3.1,2.0
2024-01-22 21:00:00,31.0,120.5,-3.4,2.0
2024-01-22 22:00:00,31.0,120.5,-3.4,2.0
2024-01-22 23:00:00,31.0,120.5,-3.4,2.0
2024-01-23 00:00:00,31.0,120.5,-3.3,2.0
2024-01-23 01:00:00,31.0,120.5,-2.8,2.0
2024-01-23 02:00:00,31.0,120.5,-2.6,2.0
2024-01-23 03:00:00,31.0,120.5,-2.2,2.0
2024-01-23 04:00:00,31.0,120.5,-1.7,2.0
2024-01-23 05:00:00,31.0,120.5,-1.2,2.0
2024-01-23 06:00:00,31.0,120.5,-0.5,2.0
2024-01-23 07:00:00,31.0,120.5,-0.1,2.0
2024-01-23 08:00:00,31.0,120.5,-0.0,2.0
2024-01-23 09:00:00,31.0,120.5,-0.3,2.0
2024-01-23 10:00:00,31.0,120.5,-0.8,2.0
2024-01-23 11:00:00,31.0,120.5,-0.8,2.0
2024-01-23 12:00:00,31.0,120.5,-0.8,2.0
2024-01-23 13:00:00,31.0,120.5,-0.7,2.0
2024-01-23 14:00:00,31.0,120.5,-0.8,2.0
2024-01-23 15:00:00,31.0,120.5,-0.7,2.0
2024-01-23 16:00:00,31.0,120.5,-0.8,2.0
2024-01-23 17:00:00,31.0,120.5,-0.7,2.0
2024-01-23 18:00:00,31.0,120.5,-0.7,2.0
2024-01-23 19:00:00,31.0,120.5,-0.6,2.0
2024-01-23 20:00:00,31.0,120.5,-0.7,2.0
2024-01-23 21:00:00,31.0,120.5,-0.7,2.0
2024-01-23 22:00:00,31.0,120.5,-0.7,2.0
2024-01-23 23:00:00,31.0,120.5,-0.7,2.0
2024-01-24 00:00:00,31.0,120.5,-0.2,2.0
2024-01-24 01:00:00,31.0,120.5,0.4,2.0
2024-01-24 02:00:00,31.0,120.5,0.7,2.0
2024-01-24 03:00:00,31.0,120.5,1.0,2.0
2024-01-24 04:00:00,31.0,120.5,1.4,2.0
2024-01-24 05:00:00,31.0,120.5,1.8,2.0
2024-01-24 06:00:00,31.0,120.5,2.1,2.0
2024-01-24 07:00:00,31.0,120.5,2.4,2.0
2024-01-24 08:00:00,31.0,120.5,2.5,2.0
2024-01-24 09:00:00,31.0,120.5,2.1,2.0
2024-01-24 10:00:00,31.0,120.5,1.5,2.0
2024-01-24 11:00:00,31.0,120.5,1.4,2.0
2024-01-24 12:00:00,31.0,120.5,1.3,2.0
2024-01-24 13:00:00,31.0,120.5,1.2,2.0
2024-01-24 14:00:00,31.0,120.5,1.1,2.0
2024-01-24 15:00:00,31.0,120.5,1.0,2.0
2024-01-24 16:00:00,31.0,120.5,1.0,2.0
2024-01-24 17:00:00,31.0,120.5,0.9,2.0
2024-01-24 18:00:00,31.0,120.5,0.9,2.0
2024-01-24 19:00:00,31.0,120.5,0.9,2.0
2024-01-24 20:00:00,31.0,120.5,0.9,2.0
2024-01-24 21:00:00,31.0,120.5,0.8,2.0
2024-01-24 22:00:00,31.0,120.5,0.9,2.0
2024-01-24 23:00:00,31.0,120.5,0.7,2.0
2024-01-22 00:00:00,31.0,120.75,-1.1,6.0
2024-01-22 01:00:00,31.0,120.75,-0.8,6.0
2024-01-22 02:00:00,31.0,120.75,-0.3,6.0
2024-01-22 03:00:00,31.0,120.75,0.0,6.0
2024-01-22 04:00:00,31.0,120.75,0.4,6.0
2024-01-22 05:00:00,31.0,120.75,0.2,6.0
2024-01-22 06:00:00,31.0,120.75,0.3,6.0
2024-01-22 07:00:00,31.0,120.75,-0.0,6.0
2024-01-22 08:00:00,31.0,120.75,-0.5,6.0
2024-01-22 09:00:00,31.0,120.75,-1.2,6.0
2024-01-22 10:00:00,31.0,120.75,-1.7,6.0
2024-01-22 11:00:00,31.0,120.75,-1.8,6.0
2024-01-22 12:00:00,31.0,120.75,-2.0,6.0
2024-01-22 13:00:00,31.0,120.75,-2.2,6.0
2024-01-22 14:00:00,31.0,120.75,-2.3,6.0
2024-01-22 15:00:00,31.0,120.75,-2.5,6.0
2024-01-22 16:00:00,31.0,120.75,-2.7,6.0
2024-01-22 17:00:00,31.0,120.75,-3.0,6.0
2024-01-22 18:00:00,31.0,120.75,-3.6,6.0
2024-01-22 19:00:00,31.0,120.75,-3.8,6.0
2024-01-22 20:00:00,31.0,120.75,-4.2,6.0
2024-01-22 21:00:00,31.0,120.75,-4.4,6.0
2024-01-22 22:00:00,31.0,120.75,-4.6,6.0
2024-01-22 23:00:00,31.0,120.75,-4.7,6.0
2024-01-23 00:00:00,31.0,120.75,-4.2,6.0
2024-01-23 01:00:00,31.0,120.75,-3.5,6.0
2024-01-23 02:00:00,31.0,120.75,-2.5,6.0
2024-01-23 03:00:00,31.0,120.75,-1.7,6.0
2024-01-23 04:00:00,31.0,120.75,-1.1,6.0
2024-01-23 05:00:00,31.0,120.75,-0.6,6.0
2024-01-23 06:00:00,31.0,120.75,-0.3,6.0
2024-01-23 07:00:00,31.0,120.75,-0.2,6.0
2024-01-23 08:00:00,31.0,120.75,-0.2,6.0
2024-01-23 09:00:00,31.0,120.75,-1.3,6.0
2024-01-23 10:00:00,31.0,120.75,-2.5,6.0
2024-01-23 11:00:00,31.0,120.75,-2.6,6.0
2024-01-23 12:00:00,31.0,120.75,-2.6,6.0
2024-01-23 13:00:00,31.0,120.75,-2.6,6.0
2024-01-23 14:00:00,31.0,120.75,-2.5,6.0
2024-01-23 15:00:00,31.0,120.75,-2.3,6.0
2024-01-23 16:00:00,31.0,120.75,-2.1,6.0
2024-01-23 17:00:00,31.0,120.75,-2.0,6.0
2024-01-23 18:00:00,31.0,120.75,-2.0,6.0
2024-01-23 19:00:00,31.0,120.75,-2.0,6.0
2024-01-23 20:00:00,31.0,120.75,-2.0,6.0
2024-01-23 21:00:00,31.0,120.75,-2.0,6.0
2024-01-23 22:00:00,31.0,120.75,-2.1,6.0
2024-01-23 23:00:00,31.0,120.75,-2.2,6.0
2024-01-24 00:00:00,31.0,120.75,-1.1,6.0
2024-01-24 01:00:00,31.0,120.75,0.2,6.0
2024-01-24 02:00:00,31.0,120.75,1.2,6.0
2024-01-24 03:00:00,31.0,120.75,1.7,6.0
2024-01-24 04:00:00,31.0,120.75,2.1,6.0
2024-01-24 05:00:00,31.0,120.75,2.4,6.0
2024-01-24 06:00:00,31.0,120.75,2.7,6.0
2024-01-24 07:00:00,31.0,120.75,2.9,6.0
2024-01-24 08:00:00,31.0,120.75,2.6,6.0
2024-01-24 09:00:00,31.0,120.75,1.2,6.0
2024-01-24 10:00:00,31.0,120.75,-0.5,6.0
2024-01-24 11:00:00,31.0,120.75,-0.8,6.0
2024-01-24 12:00:00,31.0,120.75,-1.0,6.0
2024-01-24 13:00:00,31.0,120.75,-1.1,6.0
2024-01-24 14:00:00,31.0,120.75,-1.2,6.0
2024-01-24 15:00:00,31.0,120.75,-1.3,6.0
2024-01-24 16:00:00,31.0,120.75,-1.3,6.0
2024-01-24 17:00:00,31.0,120.75,-1.4,6.0
2024-01-24 18:00:00,31.0,120.75,-1.4,6.0
2024-01-24 19:00:00,31.0,120.75,-1.5,6.0
2024-01-24 20:00:00,31.0,120.75,-1.3,6.0
2024-01-24 21:00:00,31.0,120.75,-1.1,6.0
2024-01-24 22:00:00,31.0,120.75,-0.9,6.0
2024-01-24 23:00:00,31.0,120.75,-1.2,6.0
2024-01-22 00:00:00,31.0,121.0,-0.8,0.0
2024-01-22 01:00:00,31.0,121.0,-0.8,0.0
2024-01-22 02:00:00,31.0,121.0,-0.2,0.0
2024-01-22 03:00:00,31.0,121.0,0.0,0.0
2024-01-22 04:00:00,31.0,121.0,0.4,0.0
2024-01-22 05:00:00,31.0,121.0,0.5,0.0
2024-01-22 06:00:00,31.0,121.0,0.3,0.0
2024-01-22 07:00:00,31.0,121.0,0.1,0.0
2024-01-22 08:00:00,31.0,121.0,-0.2,0.0
2024-01-22 09:00:00,31.0,121.0,-0.8,0.0
2024-01-22 10:00:00,31.0,121.0,-1.2,0.0
2024-01-22 11:00:00,31.0,121.0,-1.3,0.0
2024-01-22 12:00:00,31.0,121.0,-1.6,0.0
2024-01-22 13:00:00,31.0,121.0,-1.8,0.0
2024-01-22 14:00:00,31.0,121.0,-2.1,0.0
2024-01-22 15:00:00,31.0,121.0,-2.4,0.0
2024-01-22 16:00:00,31.0,121.0,-2.4,0.0
2024-01-22 17:00:00,31.0,121.0,-2.7,0.0
2024-01-22 18:00:00,31.0,121.0,-3.2,0.0
2024-01-22 19:00:00,31.0,121.0,-3.6,0.0
2024-01-22 20:00:00,31.0,121.0,-3.9,0.0
2024-01-22 21:00:00,31.0,121.0,-4.2,0.0
2024-01-22 22:00:00,31.0,121.0,-4.4,0.0
2024-01-22 23:00:00,31.0,121.0,-4.5,0.0
2024-01-23 00:00:00,31.0,121.0,-4.2,0.0
2024-01-23 01:00:00,31.0,121.0,-3.5,0.0
2024-01-23 02:00:00,31.0,121.0,-2.7,0.0
2024-01-23 03:00:00,31.0,121.0,-1.9,0.0
2024-01-23 04:00:00,31.0,121.0,-1.2,0.0
2024-01-23 05:00:00,31.0,121.0,-0.7,0.0
2024-01-23 06:00:00,31.0,121.0,-0.4,0.0
2024-01-23 07:00:00,31.0,121.0,-0.4,0.0
2024-01-23 08:00:00,31.0,121.0,-0.6,0.0
2024-01-23 09:00:00,31.0,121.0,-1.3,0.0
2024-01-23 10:00:00,31.0,121.0,-2.0,0.0
2024-01-23 11:00:00,31.0,121.0,-2.0,0.0
2024-01-23 12:00:00,31.0,121.0,-2.0,0.0
2024-01-23 13:00:00,31.0,121.0,-2.0,0.0
2024-01-23 14:00:00,31.0,121.0,-2.0,0.0
2024-01-23 15:00:00,31.0,121.0,-2.0,0.0
2024-01-23 16:00:00,31.0,121.0,-2.0,0.0
2024-01-23 17:00:00,31.0,121.0,-1.9,0.0
2024-01-23 18:00:00,31.0,121.0,-1.9,0.0
2024-01-23 19:00:00,31.0,121.0,-2.0,0.0
2024-01-23 20:00:00,31.0,121.0,-2.0,0.0
2024-01-23 21:00:00,31.0,121.0,-2.1,0.0
2024-01-23 22:00:00,31.0,121.0,-2.2,0.0
2024-01-23 23:00:00,31.0,121.0,-2.3,0.0
2024-01-24 00:00:00,31.0,121.0,-1.3,0.0
2024-01-24 01:00:00,31.0,121.0,-0.2,0.0
2024-01-24 02:00:00,31.0,121.0,0.8,0.0
2024-01-24 03:00:00,31.0,121.0,1.6,0.0
2024-01-24 04:00:00,31.0,121.0,2.3,0.0
2024-01-24 05:00:00,31.0,121.0,2.8,0.0
2024-01-24 06:00:00,31.0,121.0,3.2,0.0
2024-01-24 07:00:00,31.0,121.0,3.3,0.0
2024-01-24 08:00:00,31.0,121.0,3.1,0.0
2024-01-24 09:00:00,31.0,121.0,1.7,0.0
2024-01-24 10:00:00,31.0,121.0,0.2,0.0
2024-01-24 11:00:00,31.0,121.0,-0.1,0.0
2024-01-24 12:00:00,31.0,121.0,-0.2,0.0
2024-01-24 13:00:00,31.0,121.0,-0.3,0.0
2024-01-24 14:00:00,31.0,121.0,-0.5,0.0
2024-01-24 15:00:00,31.0,121.0,-0.6,0.0
2024-01-24 16:00:00,31.0,121.0,-0.8,0.0
2024-01-24 17:00:00,31.0,121.0,-0.9,0.0
2024-01-24 18:00:00,31.0,121.0,-1.0,0.0
2024-01-24 19:00:00,31.0,121.0,-1.2,0.0
2024-01-24 20:00:00,31.0,121.0,-0.9,0.0
2024-01-24 21:00:00,31.0,121.0,-0.8,0.0
2024-01-24 22:00:00,31.0,121.0,-0.7,0.0
2024-01-24 23:00:00,31.0,121.0,-0.7,0.0
2024-01-22 00:00:00,31.0,121.25,-0.1,3.0
2024-01-22 01:00:00,31.0,121.25,0.0,3.0
2024-01-22 02:00:00,31.0,121.25,0.7,3.0
2024-01-22 03:00:00,31.0,121.25,1.0,3.0
2024-01-22 04:00:00,31.0,121.25,1.4,3.0
2024-01-22 05:00:00,31.0,121.25,1.3,3.0
2024-01-22 06:00:00,31.0,121.25,1.0,3.0
2024-01-22 07:00:00,31.0,121.25,1.0,3.0
2024-01-22 08:00:00,31.0,121.25,0.5,3.0
2024-01-22 09:00:00,31.0,121.25,0.0,3.0
2024-01-22 10:00:00,31.0,121.25,-0.2,3.0
2024-01-22 11:00:00,31.0,121.25,-0.4,3.0
2024-01-22 12:00:00,31.0,121.25,-0.8,3.0
2024-01-22 13:00:00,31.0,121.25,-1.2,3.0
2024-01-22 14:00:00,31.0,121.25,-1.3,3.0
2024-01-22 15:00:00,31.0,121.25,-1.6,3.0
2024-01-22 16:00:00,31.0,121.25,-1.9,3.0
2024-01-22 17:00:00,31.0,121.25,-2.3,3.0
2024-01-22 18:00:00,31.0,121.25,-2.8,3.0
2024-01-22 19:00:00,31.0,121.25,-3.1,3.0
2024-01-22 20:00:00,31.0,121.25,-3.4,3.0
2024-01-22 21:00:00,31.0,121.25,-3.7,3.0
2024-01-22 22:00:00,31.0,121.25,-3.9,3.0
2024-01-22 23:00:00,31.0,121.25,-4.1,3.0
2024-01-23 00:00:00,31.0,121.25,-4.0,3.0
2024-01-23 01:00:00,31.0,121.25,-3.3,3.0
2024-01-23 02:00:00,31.0,121.25,-2.3,3.0
2024-01-23 03:00:00,31.0,121.25,-1.4,3.0
2024-01-23 04:00:00,31.0,121.25,-0.7,3.0
2024-01-23 05:00:00,31.0,121.25,-0.1,3.0
2024-01-23 06:00:00,31.0,121.25,0.2,3.0
2024-01-23 07:00:00,31.0,121.25,0.3,3.0
2024-01-23 08:00:00,31.0,121.25,-0.2,3.0
2024-01-23 09:00:00,31.0,121.25,-0.8,3.0
2024-01-23 10:00:00,31.0,121.25,-1.6,3.0
2024-01-23 11:00:00,31.0,121.25,-1.7,3.0
2024-01-23 12:00:00,31.0,121.25,-1.8,3.0
2024-01-23 13:00:00,31.0,121.25,-1.9,3.0
2024-01-23 14:00:00,31.0,121.25,-2.0,3.0
2024-01-23 15:00:00,31.0,121.25,-2.1,3.0
2024-01-23 16:00:00,31.0,121.25,-2.1,3.0
2024-01-23 17:00:00,31.0,121.25,-2.1,3.0
2024-01-23 18:00:00,31.0,121.25,-2.1,3.0
2024-01-23 19:00:00,31.0,121.25,-2.2,3.0
2024-01-23 20:00:00,31.0,121.25,-2.3,3.0
2024-01-23 21:00:00,31.0,121.25,-2.3,3.0
2024-01-23 22:00:00,31.0,121.25,-2.3,3.0
2024-01-23 23:00:00,31.0,121.25,-2.4,3.0
2024-01-24 00:00:00,31.0,121.25,-1.7,3.0
2024-01-24 01:00:00,31.0,121.25,-0.6,3.0
2024-01-24 02:00:00,31.0,121.25,0.6,3.0
2024-01-24 03:00:00,31.0,121.25,1.6,3.0
2024-01-24 04:00:00,31.0,121.25,2.5,3.0
2024-01-24 05:00:00,31.0,121.25,3.3,3.0
2024-01-24 06:00:00,31.0,121.25,4.0,3.0
2024-01-24 07:00:00,31.0,121.25,4.3,3.0
2024-01-24 08:00:00,31.0,121.25,4.0,3.0
2024-01-24 09:00:00,31.0,121.25,3.0,3.0
2024-01-24 10:00:00,31.0,121.25,1.6,3.0
2024-01-24 11:00:00,31.0,121.25,1.3,3.0
2024-01-24 12:00:00,31.0,121.25,0.8,3.0
2024-01-24 13:00:00,31.0,121.25,0.5,3.0
2024-01-24 14:00:00,31.0,121.25,0.2,3.0
2024-01-24 15:00:00,31.0,121.25,0.0,3.0
2024-01-24 16:00:00,31.0,121.25,-0.2,3.0
2024-01-24 17:00:00,31.0,121.25,-0.3,3.0
2024-01-24 18:00:00,31.0,121.25,-0.4,3.0
2024-01-24 19:00:00,31.0,121.25,-0.6,3.0
2024-01-24 20:00:00,31.0,121.25,-0.6,3.0
2024-01-24 21:00:00,31.0,121.25,-0.5,3.0
2024-01-24 22:00:00,31.0,121.25,-0.5,3.0
2024-01-24 23:00:00,31.0,121.25,-0.5,3.0
2024-01-22 00:00:00,31.0,121.5,0.5,6.0
2024-01-22 01:00:00,31.0,121.5,0.6,6.0
2024-01-22 02:00:00,31.0,121.5,1.2,6.0
2024-01-22 03:00:00,31.0,121.5,1.5,6.0
2024-01-22 04:00:00,31.0,121.5,1.6,6.0
2024-01-22 05:00:00,31.0,121.5,1.7,6.0
2024-01-22 06:00:00,31.0,121.5,1.3,6.0
2024-01-22 07:00:00,31.0,121.5,1.3,6.0
2024-01-22 08:00:00,31.0,121.5,1.0,6.0
2024-01-22 09:00:00,31.0,121.5,0.5,6.0
2024-01-22 10:00:00,31.0,121.5,0.3,6.0
2024-01-22 11:00:00,31.0,121.5,0.1,6.0
2024-01-22 12:00:00,31.0,121.5,-0.4,6.0
2024-01-22 13:00:00,31.0,121.5,-0.7,6.0
2024-01-22 14:00:00,31.0,121.5,-0.9,6.0
2024-01-22 15:00:00,31.0,121.5,-1.1,6.0
2024-01-22 16:00:00,31.0,121.5,-1.3,6.0
2024-01-22 17:00:00,31.0,121.5,-1.7,6.0
2024-01-22 18:00:00,31.0,121.5,-2.1,6.0
2024-01-22 19:00:00,31.0,121.5,-2.3,6.0
2024-01-22 20:00:00,31.0,121.5,-2.6,6.0
2024-01-22 21:00:00,31.0,121.5,-2.9,6.0
2024-01-22 22:00:00,31.0,121.5,-3.0,6.0
2024-01-22 23:00:00,31.0,121.5,-3.1,6.0
2024-01-23 00:00:00,31.0,121.5,-3.1,6.0
2024-01-23 01:00:00,31.0,121.5,-2.6,6.0
2024-01-23 02:00:00,31.0,121.5,-1.9,6.0
2024-01-23 03:00:00,31.0,121.5,-1.3,6.0
2024-01-23 04:00:00,31.0,121.5,-0.8,6.0
2024-01-23 05:00:00,31.0,121.5,-0.3,6.0
2024-01-23 06:00:00,31.0,121.5,0.1,6.0
2024-01-23 07:00:00,31.0,121.5,0.4,6.0
2024-01-23 08:00:00,31.0,121.5,0.2,6.0
2024-01-23 09:00:00,31.0,121.5,-0.1,6.0
2024-01-23 10:00:00,31.0,121.5,-0.6,6.0
2024-01-23 11:00:00,31.0,121.5,-0.8,6.0
2024-01-23 12:00:00,31.0,121.5,-0.9,6.0
2024-01-23 13:00:00,31.0,121.5,-1.0,6.0
2024-01-23 14:00:00,31.0,121.5,-1.1,6.0
2024-01-23 15:00:00,31.0,121.5,-1.2,6.0
2024-01-23 16:00:00,31.0,121.5,-1.2,6.0
2024-01-23 17:00:00,31.0,121.5,-1.3,6.0
2024-01-23 18:00:00,31.0,121.5,-1.4,6.0
2024-01-23 19:00:00,31.0,121.5,-1.4,6.0
2024-01-23 20:00:00,31.0,121.5,-1.5,6.0
2024-01-23 21:00:00,31.0,121.5,-1.5,6.0
2024-01-23 22:00:00,31.0,121.5,-1.5,6.0
2024-01-23 23:00:00,31.0,121.5,-1.5,6.0
2024-01-24 00:00:00,31.0,121.5,-1.2,6.0
2024-01-24 01:00:00,31.0,121.5,-0.4,6.0
2024-01-24 02:00:00,31.0,121.5,0.5,6.0
2024-01-24 03:00:00,31.0,121.5,1.3,6.0
2024-01-24 04:00:00,31.0,121.5,2.2,6.0
2024-01-24 05:00:00,31.0,121.5,3.2,6.0
2024-01-24 06:00:00,31.0,121.5,3.9,6.0
2024-01-24 07:00:00,31.0,121.5,4.2,6.0
2024-01-24 08:00:00,31.0,121.5,4.1,6.0
2024-01-24 09:00:00,31.0,121.5,3.6,6.0
2024-01-24 10:00:00,31.0,121.5,3.0,6.0
2024-01-24 11:00:00,31.0,121.5,2.6,6.0
2024-01-24 12:00:00,31.0,121.5,2.4,6.0
2024-01-24 13:00:00,31.0,121.5,2.1,6.0
2024-01-24 14:00:00,31.0,121.5,1.8,6.0
2024-01-24 15:00:00,31.0,121.5,1.4,6.0
2024-01-24 16:00:00,31.0,121.5,1.1,6.0
2024-01-24 17:00:00,31.0,121.5,0.8,6.0
2024-01-24 18:00:00,31.0,121.5,0.6,6.0
2024-01-24 19:00:00,31.0,121.5,0.4,6.0
2024-01-24 20:00:00,31.0,121.5,0.2,6.0
2024-01-24 21:00:00,31.0,121.5,0.3,6.0
2024-01-24 22:00:00,31.0,121.5,0.3,6.0
2024-01-24 23:00:00,31.0,121.5,0.3,6.0
2024-01-22 00:00:00,31.0,121.75,0.7,2.0
2024-01-22 01:00:00,31.0,121.75,0.5,2.0
2024-01-22 02:00:00,31.0,121.75,0.7,2.0
2024-01-22 03:00:00,31.0,121.75,1.3,2.0
2024-01-22 04:00:00,31.0,121.75,1.1,2.0
2024-01-22 05:00:00,31.0,121.75,1.4,2.0
2024-01-22 06:00:00,31.0,121.75,1.2,2.0
2024-01-22 07:00:00,31.0,121.75,1.0,2.0
2024-01-22 08:00:00,31.0,121.75,0.8,2.0
2024-01-22 09:00:00,31.0,121.75,0.1,2.0
2024-01-22 10:00:00,31.0,121.75,-0.4,2.0
2024-01-22 11:00:00,31.0,121.75,-0.7,2.0
2024-01-22 12:00:00,31.0,121.75,-1.0,2.0
2024-01-22 13:00:00,31.0,121.75,-1.3,2.0
2024-01-22 14:00:00,31.0,121.75,-1.7,2.0
2024-01-22 15:00:00,31.0,121.75,-1.9,2.0
2024-01-22 16:00:00,31.0,121.75,-1.9,2.0
2024-01-22 17:00:00,31.0,121.75,-2.2,2.0
2024-01-22 18:00:00,31.0,121.75,-2.6,2.0
2024-01-22 19:00:00,31.0,121.75,-3.0,2.0
2024-01-22 20:00:00,31.0,121.75,-3.4,2.0
2024-01-22 21:00:00,31.0,121.75,-3.6,2.0
2024-01-22 22:00:00,31.0,121.75,-3.7,2.0
2024-01-22 23:00:00,31.0,121.75,-3.8,2.0
2024-01-23 00:00:00,31.0,121.75,-3.3,2.0
2024-01-23 01:00:00,31.0,121.75,-2.4,2.0
2024-01-23 02:00:00,31.0,121.75,-1.6,2.0
2024-01-23 03:00:00,31.0,121.75,-0.9,2.0
2024-01-23 04:00:00,31.0,121.75,-0.4,2.0
2024-01-23 05:00:00,31.0,121.75,-0.1,2.0
2024-01-23 06:00:00,31.0,121.75,0.1,2.0
2024-01-23 07:00:00,31.0,121.75,-0.0,2.0
2024-01-23 08:00:00,31.0,121.75,-0.4,2.0
2024-01-23 09:00:00,31.0,121.75,-1.3,2.0
2024-01-23 10:00:00,31.0,121.75,-1.8,2.0
2024-01-23 11:00:00,31.0,121.75,-1.9,2.0
2024-01-23 12:00:00,31.0,121.75,-1.9,2.0
2024-01-23 13:00:00,31.0,121.75,-2.0,2.0
2024-01-23 14:00:00,31.0,121.75,-2.1,2.0
2024-01-23 15:00:00,31.0,121.75,-2.3,2.0
2024-01-23 16:00:00,31.0,121.75,-2.3,2.0
2024-01-23 17:00:00,31.0,121.75,-2.2,2.0
2024-01-23 18:00:00,31.0,121.75,-2.2,2.0
2024-01-23 19:00:00,31.0,121.75,-2.3,2.0
2024-01-23 20:00:00,31.0,121.75,-2.4,2.0
2024-01-23 21:00:00,31.0,121.75,-2.5,2.0
2024-01-23 22:00:00,31.0,121.75,-2.5,2.0
2024-01-23 23:00:00,31.0,121.75,-2.6,2.0
2024-01-24 00:00:00,31.0,121.75,-1.6,2.0
2024-01-24 01:00:00,31.0,121.75,-0.3,2.0
2024-01-24 02:00:00,31.0,121.75,0.9,2.0
2024-01-24 03:00:00,31.0,121.75,1.8,2.0
2024-01-24 04:00:00,31.0,121.75,2.7,2.0
2024-01-24 05:00:00,31.0,121.75,3.3,2.0
2024-01-24 06:00:00,31.0,121.75,3.5,2.0
2024-01-24 07:00:00,31.0,121.75,3.4,2.0
2024-01-24 08:00:00,31.0,121.75,3.0,2.0
2024-01-24 09:00:00,31.0,121.75,1.8,2.0
2024-01-24 10:00:00,31.0,121.75,0.4,2.0
2024-01-24 11:00:00,31.0,121.75,0.3,2.0
2024-01-24 12:00:00,31.0,121.75,0.2,2.0
2024-01-24 13:00:00,31.0,121.75,-0.2,2.0
2024-01-24 14:00:00,31.0,121.75,-0.4,2.0
2024-01-24 15:00:00,31.0,121.75,-0.3,2.0
2024-01-24 16:00:00,31.0,121.75,-0.2,2.0
2024-01-24 17:00:00,31.0,121.75,-0.4,2.0
2024-01-24 18:00:00,31.0,121.75,-0.5,2.0
2024-01-24 19:00:00,31.0,121.75,-0.7,2.0
2024-01-24 20:00:00,31.0,121.75,-0.8,2.0
2024-01-24 21:00:00,31.0,121.75,-0.6,2.0
2024-01-24 22:00:00,31.0,121.75,-0.5,2.0
2024-01-24 23:00:00,31.0,121.75,-0.5,2.0
2024-01-22 00:00:00,31.0,122.0,1.1,0.0
2024-01-22 01:00:00,31.0,122.0,1.2,0.0
2024-01-22 02:00:00,31.0,122.0,0.8,0.0
2024-01-22 03:00:00,31.0,122.0,1.3,0.0
2024-01-22 04:00:00,31.0,122.0,1.0,0.0
2024-01-22 05:00:00,31.0,122.0,1.4,0.0
2024-01-22 06:00:00,31.0,122.0,1.3,0.0
2024-01-22 07:00:00,31.0,122.0,1.4,0.0
2024-01-22 08:00:00,31.0,122.0,1.0,0.0
2024-01-22 09:00:00,31.0,122.0,0.2,0.0
2024-01-22 10:00:00,31.0,122.0,-0.3,0.0
2024-01-22 11:00:00,31.0,122.0,-0.5,0.0
2024-01-22 12:00:00,31.0,122.0,-0.8,0.0
2024-01-22 13:00:00,31.0,122.0,-0.9,0.0
2024-01-22 14:00:00,31.0,122.0,-1.4,0.0
2024-01-22 15:00:00,31.0,122.0,-2.0,0.0
2024-01-22 16:00:00,31.0,122.0,-2.1,0.0
2024-01-22 17:00:00,31.0,122.0,-2.4,0.0
2024-01-22 18:00:00,31.0,122.0,-2.8,0.0
2024-01-22 19:00:00,31.0,122.0,-3.2,0.0
2024-01-22 20:00:00,31.0,122.0,-3.7,0.0
2024-01-22 21:00:00,31.0,122.0,-4.0,0.0
2024-01-22 22:00:00,31.0,122.0,-4.1,0.0
2024-01-22 23:00:00,31.0,122.0,-4.1,0.0
2024-01-23 00:00:00,31.0,122.0,-3.4,0.0
2024-01-23 01:00:00,31.0,122.0,-2.5,0.0
2024-01-23 02:00:00,31.0,122.0,-1.5,0.0
2024-01-23 03:00:00,31.0,122.0,-0.7,0.0
2024-01-23 04:00:00,31.0,122.0,-0.5,0.0
2024-01-23 05:00:00,31.0,122.0,-0.2,0.0
2024-01-23 06:00:00,31.0,122.0,-0.0,0.0
2024-01-23 07:00:00,31.0,122.0,-0.2,0.0
2024-01-23 08:00:00,31.0,122.0,-0.4,0.0
2024-01-23 09:00:00,31.0,122.0,-1.4,0.0
2024-01-23 10:00:00,31.0,122.0,-2.2,0.0
2024-01-23 11:00:00,31.0,122.0,-2.2,0.0
2024-01-23 12:00:00,31.0,122.0,-2.2,0.0
2024-01-23 13:00:00,31.0,122.0,-2.2,0.0
2024-01-23 14:00:00,31.0,122.0,-2.4,0.0
2024-01-23 15:00:00,31.0,122.0,-2.6,0.0
2024-01-23 16:00:00,31.0,122.0,-2.9,0.0
2024-01-23 17:00:00,31.0,122.0,-2.7,0.0
2024-01-23 18:00:00,31.0,122.0,-2.8,0.0
2024-01-23 19:00:00,31.0,122.0,-2.8,0.0
2024-01-23 20:00:00,31.0,122.0,-3.0,0.0
2024-01-23 21:00:00,31.0,122.0,-3.0,0.0
2024-01-23 22:00:00,31.0,122.0,-3.1,0.0
2024-01-23 23:00:00,31.0,122.0,-3.2,0.0
2024-01-24 00:00:00,31.0,122.0,-2.0,0.0
2024-01-24 01:00:00,31.0,122.0,-0.2,0.0
2024-01-24 02:00:00,31.0,122.0,1.1,0.0
2024-01-24 03:00:00,31.0,122.0,2.1,0.0
2024-01-24 04:00:00,31.0,122.0,2.9,0.0
2024-01-24 05:00:00,31.0,122.0,3.2,0.0
2024-01-24 06:00:00,31.0,122.0,3.2,0.0
2024-01-24 07:00:00,31.0,122.0,3.0,0.0
2024-01-24 08:00:00,31.0,122.0,2.6,0.0
2024-01-24 09:00:00,31.0,122.0,1.7,0.0
2024-01-24 10:00:00,31.0,122.0,-0.1,0.0
2024-01-24 11:00:00,31.0,122.0,-0.2,0.0
2024-01-24 12:00:00,31.0,122.0,-0.2,0.0
2024-01-24 13:00:00,31.0,122.0,0.1,0.0
2024-01-24 14:00:00,31.0,122.0,0.0,0.0
2024-01-24 15:00:00,31.0,122.0,-0.4,0.0
2024-01-24 16:00:00,31.0,122.0,-0.8,0.0
2024-01-24 17:00:00,31.0,122.0,-1.2,0.0
2024-01-24 18:00:00,31.0,122.0,-1.3,0.0
2024-01-24 19:00:00,31.0,122.0,-1.4,0.0
2024-01-24 20:00:00,31.0,122.0,-1.5,0.0
2024-01-24 21:00:00,31.0,122.0,-1.2,0.0
2024-01-24 22:00:00,31.0,122.0,-1.3,0.0
2024-01-24 23:00:00,31.0,122.0,-1.3,0.0
2024-01-22 00:00:00,31.25,116.5,-5.4,520.0
2024-01-22 01:00:00,31.25,116.5,-5.3,520.0
2024-01-22 02:00:00,31.25,116.5,-4.7,520.0
2024-01-22 03:00:00,31.25,116.5,-4.7,520.0
2024-01-22 04:00:00,31.25,116.5,-4.0,520.0
2024-01-22 05:00:00,31.25,116.5,-3.8,520.0
2024-01-22 06:00:00,31.25,116.5,-4.2,520.0
2024-01-22 07:00:00,31.25,116.5,-4.6,520.0
2024-01-22 08:00:00,31.25,116.5,-5.0,520.0
2024-01-22 09:00:00,31.25,116.5,-5.4,520.0
2024-01-22 10:00:00,31.25,116.5,-6.0,520.0
2024-01-22 11:00:00,31.25,116.5,-6.1,520.0
2024-01-22 12:00:00,31.25,116.5,-6.3,520.0
2024-01-22 13:00:00,31.25,116.5,-6.5,520.0
2024-01-22 14:00:00,31.25,116.5,-6.9,520.0
2024-01-22 15:00:00,31.25,116.5,-6.9,520.0
2024-01-22 16:00:00,31.25,116.5,-7.3,520.0
2024-01-22 17:00:00,31.25,116.5,-7.5,520.0
2024-01-22 18:00:00,31.25,116.5,-7.9,520.0
2024-01-22 19:00:00,31.25,116.5,-8.1,520.0
2024-01-22 20:00:00,31.25,116.5,-8.3,520.0
2024-01-22 21:00:00,31.25,116.5,-8.5,520.0
2024-01-22 22:00:00,31.25,116.5,-8.6,520.0
2024-01-22 23:00:00,31.25,116.5,-8.7,520.0
2024-01-23 00:00:00,31.25,116.5,-8.3,520.0
2024-01-23 01:00:00,31.25,116.5,-7.4,520.0
2024-01-23 02:00:00,31.25,116.5,-6.2,520.0
2024-01-23 03:00:00,31.25,116.5,-5.2,520.0
2024-01-23 04:00:00,31.25,116.5,-4.2,520.0
2024-01-23 05:00:00,31.25,116.5,-3.5,520.0
2024-01-23 06:00:00,31.25,116.5,-3.2,520.0
2024-01-23 07:00:00,31.25,116.5,-3.2,520.0
2024-01-23 08:00:00,31.25,116.5,-3.6,520.0
2024-01-23 09:00:00,31.25,116.5,-4.4,520.0
2024-01-23 10:00:00,31.25,116.5,-5.6,520.0
2024-01-23 11:00:00,31.25,116.5,-5.8,520.0
2024-01-23 12:00:00,31.25,116.5,-5.8,520.0
2024-01-23 13:00:00,31.25,116.5,-5.8,520.0
2024-01-23 14:00:00,31.25,116.5,-5.7,520.0
2024-01-23 15:00:00,31.25,116.5,-5.7,520.0
2024-01-23 16:00:00,31.25,116.5,-5.6,520.0
2024-01-23 17:00:00,31.25,116.5,-5.6,520.0
2024-01-23 18:00:00,31.25,116.5,-5.7,520.0
2024-01-23 19:00:00,31.25,116.5,-5.7,520.0
2024-01-23 20:00:00,31.25,116.5,-5.8,520.0
2024-01-23 21:00:00,31.25,116.5,-5.8,520.0
2024-01-23 22:00:00,31.25,116.5,-5.9,520.0
2024-01-23 23:00:00,31.25,116.5,-6.0,520.0
2024-01-24 00:00:00,31.25,116.5,-5.4,520.0
2024-01-24 01:00:00,31.25,116.5,-3.7,520.0
2024-01-24 02:00:00,31.25,116.5,-2.3,520.0
2024-01-24 03:00:00,31.25,116.5,-1.1,520.0
2024-01-24 04:00:00,31.25,116.5,-0.1,520.0
2024-01-24 05:00:00,31.25,116.5,0.6,520.0
2024-01-24 06:00:00,31.25,116.5,0.9,520.0
2024-01-24 07:00:00,31.25,116.5,0.9,520.0
2024-01-24 08:00:00,31.25,116.5,0.3,520.0
2024-01-24 09:00:00,31.25,116.5,-1.0,520.0
2024-01-24 10:00:00,31.25,116.5,-3.2,520.0
2024-01-24 11:00:00,31.25,116.5,-3.5,520.0
2024-01-24 12:00:00,31.25,116.5,-3.5,520.0
2024-01-24 13:00:00,31.25,116.5,-3.8,520.0
2024-01-24 14:00:00,31.25,116.5,-3.8,520.0
2024-01-24 15:00:00,31.25,116.5,-3.9,520.0
2024-01-24 16:00:00,31.25,116.5,-3.9,520.0
2024-01-24 17:00:00,31.25,116.5,-3.7,520.0
2024-01-24 18:00:00,31.25,116.5,-3.8,520.0
2024-01-24 19:00:00,31.25,116.5,-3.9,520.0
2024-01-24 20:00:00,31.25,116.5,-3.9,520.0
2024-01-24 21:00:00,31.25,116.5,-3.9,520.0
2024-01-24 22:00:00,31.25,116.5,-3.8,520.0
2024-01-24 23:00:00,31.25,116.5,-3.7,520.0
2024-01-22 00:00:00,31.25,116.75,-2.9,107.0
2024-01-22 01:00:00,31.25,116.75,-2.8,107.0
2024-01-22 02:00:00,31.25,116.75,-2.1,107.0
2024-01-22 03:00:00,31.25,116.75,-1.8,107.0
2024-01-22 04:00:00,31.25,116.75,-1.3,107.0
2024-01-22 05:00:00,31.25,116.75,-1.0,107.0
2024-01-22 06:00:00,31.25,116.75,-1.2,107.0
2024-01-22 07:00:00,31.25,116.75,-1.7,107.0
2024-01-22 08:00:00,31.25,116.75,-2.0,107.0
2024-01-22 09:00:00,31.25,116.75,-2.5,107.0
2024-01-22 10:00:00,31.25,116.75,-3.0,107.0
2024-01-22 11:00:00,31.25,116.75,-3.1,107.0
2024-01-22 12:00:00,31.25,116.75,-3.2,107.0
2024-01-22 13:00:00,31.25,116.75,-3.4,107.0
2024-01-22 14:00:00,31.25,116.75,-3.8,107.0
2024-01-22 15:00:00,31.25,116.75,-3.9,107.0
2024-01-22 16:00:00,31.25,116.75,-4.2,107.0
2024-01-22 17:00:00,31.25,116.75,-4.3,107.0
2024-01-22 18:00:00,31.25,116.75,-4.6,107.0
2024-01-22 19:00:00,31.25,116.75,-4.8,107.0
2024-01-22 20:00:00,31.25,116.75,-5.0,107.0
2024-01-22 21:00:00,31.25,116.75,-5.2,107.0
2024-01-22 22:00:00,31.25,116.75,-5.4,107.0
2024-01-22 23:00:00,31.25,116.75,-5.5,107.0
2024-01-23 00:00:00,31.25,116.75,-5.3,107.0
2024-01-23 01:00:00,31.25,116.75,-4.5,107.0
2024-01-23 02:00:00,31.25,116.75,-3.5,107.0
2024-01-23 03:00:00,31.25,116.75,-2.5,107.0
2024-01-23 04:00:00,31.25,116.75,-1.6,107.0
2024-01-23 05:00:00,31.25,116.75,-1.0,107.0
2024-01-23 06:00:00,31.25,116.75,-0.6,107.0
2024-01-23 07:00:00,31.25,116.75,-0.6,107.0
2024-01-23 08:00:00,31.25,116.75,-0.9,107.0
2024-01-23 09:00:00,31.25,116.75,-1.6,107.0
2024-01-23 10:00:00,31.25,116.75,-3.0,107.0
2024-01-23 11:00:00,31.25,116.75,-3.3,107.0
2024-01-23 12:00:00,31.25,116.75,-3.3,107.0
2024-01-23 13:00:00,31.25,116.75,-3.3,107.0
2024-01-23 14:00:00,31.25,116.75,-3.3,107.0
2024-01-23 15:00:00,31.25,116.75,-3.3,107.0
2024-01-23 16:00:00,31.25,116.75,-3.3,107.0
2024-01-23 17:00:00,31.25,116.75,-3.3,107.0
2024-01-23 18:00:00,31.25,116.75,-3.3,107.0
2024-01-23 19:00:00,31.25,116.75,-3.3,107.0
2024-01-23 20:00:00,31.25,116.75,-3.3,107.0
2024-01-23 21:00:00,31.25,116.75,-3.3,107.0
2024-01-23 22:00:00,31.25,116.75,-3.4,107.0
2024-01-23 23:00:00,31.25,116.75,-3.6,107.0
2024-01-24 00:00:00,31.25,116.75,-2.9,107.0
2024-01-24 01:00:00,31.25,116.75,-1.2,107.0
2024-01-24 02:00:00,31.25,116.75,0.2,107.0
2024-01-24 03:00:00,31.25,116.75,1.3,107.0
2024-01-24 04:00:00,31.25,116.75,2.3,107.0
2024-01-24 05:00:00,31.25,116.75,2.9,107.0
2024-01-24 06:00:00,31.25,116.75,3.3,107.0
2024-01-24 07:00:00,31.25,116.75,3.3,107.0
2024-01-24 08:00:00,31.25,116.75,2.8,107.0
2024-01-24 09:00:00,31.25,116.75,1.3,107.0
2024-01-24 10:00:00,31.25,116.75,-0.8,107.0
2024-01-24 11:00:00,31.25,116.75,-1.2,107.0
2024-01-24 12:00:00,31.25,116.75,-1.3,107.0
2024-01-24 13:00:00,31.25,116.75,-1.5,107.0
2024-01-24 14:00:00,31.25,116.75,-1.6,107.0
2024-01-24 15:00:00,31.25,116.75,-1.6,107.0
2024-01-24 16:00:00,31.25,116.75,-1.6,107.0
2024-01-24 17:00:00,31.25,116.75,-1.4,107.0
2024-01-24 18:00:00,31.25,116.75,-1.5,107.0
2024-01-24 19:00:00,31.25,116.75,-1.6,107.0
2024-01-24 20:00:00,31.25,116.75,-1.7,107.0
2024-01-24 21:00:00,31.25,116.75,-1.7,107.0
2024-01-24 22:00:00,31.25,116.75,-1.7,107.0
2024-01-24 23:00:00,31.25,116.75,-1.6,107.0
2024-01-22 00:00:00,31.25,117.0,-2.7,134.0
2024-01-22 01:00:00,31.25,117.0,-2.8,134.0
2024-01-22 02:00:00,31.25,117.0,-2.3,134.0
2024-01-22 03:00:00,31.25,117.0,-2.1,134.0
2024-01-22 04:00:00,31.25,117.0,-1.6,134.0
2024-01-22 05:00:00,31.25,117.0,-1.5,134.0
2024-01-22 06:00:00,31.25,117.0,-1.2,134.0
2024-01-22 07:00:00,31.25,117.0,-1.6,134.0
2024-01-22 08:00:00,31.25,117.0,-2.0,134.0
2024-01-22 09:00:00,31.25,117.0,-2.5,134.0
2024-01-22 10:00:00,31.25,117.0,-2.9,134.0
2024-01-22 11:00:00,31.25,117.0,-3.1,134.0
2024-01-22 12:00:00,31.25,117.0,-3.2,134.0
2024-01-22 13:00:00,31.25,117.0,-3.3,134.0
2024-01-22 14:00:00,31.25,117.0,-3.7,134.0
2024-01-22 15:00:00,31.25,117.0,-3.8,134.0
2024-01-22 16:00:00,31.25,117.0,-4.0,134.0
2024-01-22 17:00:00,31.25,117.0,-4.1,134.0
2024-01-22 18:00:00,31.25,117.0,-4.5,134.0
2024-01-22 19:00:00,31.25,117.0,-4.6,134.0
2024-01-22 20:00:00,31.25,117.0,-4.9,134.0
2024-01-22 21:00:00,31.25,117.0,-5.2,134.0
2024-01-22 22:00:00,31.25,117.0,-5.4,134.0
2024-01-22 23:00:00,31.25,117.0,-5.6,134.0
2024-01-23 00:00:00,31.25,117.0,-5.5,134.0
2024-01-23 01:00:00,31.25,117.0,-4.8,134.0
2024-01-23 02:00:00,31.25,117.0,-3.8,134.0
2024-01-23 03:00:00,31.25,117.0,-2.8,134.0
2024-01-23 04:00:00,31.25,117.0,-1.8,134.0
2024-01-23 05:00:00,31.25,117.0,-1.2,134.0
2024-01-23 06:00:00,31.25,117.0,-0.9,134.0
2024-01-23 07:00:00,31.25,117.0,-0.8,134.0
2024-01-23 08:00:00,31.25,117.0,-1.1,134.0
2024-01-23 09:00:00,31.25,117.0,-1.9,134.0
2024-01-23 10:00:00,31.25,117.0,-3.3,134.0
2024-01-23 11:00:00,31.25,117.0,-3.7,134.0
2024-01-23 12:00:00,31.25,117.0,-3.7,134.0
2024-01-23 13:00:00,31.25,117.0,-3.8,134.0
2024-01-23 14:00:00,31.25,117.0,-3.8,134.0
2024-01-23 15:00:00,31.25,117.0,-3.7,134.0
2024-01-23 16:00:00,31.25,117.0,-3.7,134.0
2024-01-23 17:00:00,31.25,117.0,-3.7,134.0
2024-01-23 18:00:00,31.25,117.0,-3.8,134.0
2024-01-23 19:00:00,31.25,117.0,-3.7,134.0
2024-01-23 20:00:00,31.25,117.0,-3.7,134.0
2024-01-23 21:00:00,31.25,117.0,-3.8,134.0
2024-01-23 22:00:00,31.25,117.0,-3.9,134.0
2024-01-23 23:00:00,31.25,117.0,-4.0,134.0
2024-01-24 00:00:00,31.25,117.0,-3.3,134.0
2024-01-24 01:00:00,31.25,117.0,-1.7,134.0
2024-01-24 02:00:00,31.25,117.0,-0.2,134.0
2024-01-24 03:00:00,31.25,117.0,0.9,134.0
2024-01-24 04:00:00,31.25,117.0,1.8,134.0
2024-01-24 05:00:00,31.25,117.0,2.4,134.0
2024-01-24 06:00:00,31.25,117.0,2.8,134.0
2024-01-24 07:00:00,31.25,117.0,2.8,134.0
2024-01-24 08:00:00,31.25,117.0,2.4,134.0
2024-01-24 09:00:00,31.25,117.0,0.9,134.0
2024-01-24 10:00:00,31.25,117.0,-1.2,134.0
2024-01-24 11:00:00,31.25,117.0,-1.6,134.0
2024-01-24 12:00:00,31.25,117.0,-1.8,134.0
2024-01-24 13:00:00,31.25,117.0,-1.9,134.0
2024-01-24 14:00:00,31.25,117.0,-2.0,134.0
2024-01-24 15:00:00,31.25,117.0,-1.9,134.0
2024-01-24 16:00:00,31.25,117.0,-1.8,134.0
2024-01-24 17:00:00,31.25,117.0,-1.8,134.0
2024-01-24 18:00:00,31.25,117.0,-1.7,134.0
2024-01-24 19:00:00,31.25,117.0,-2.0,134.0
2024-01-24 20:00:00,31.25,117.0,-2.2,134.0
2024-01-24 21:00:00,31.25,117.0,-2.2,134.0
2024-01-24 22:00:00,31.25,117.0,-2.2,134.0
2024-01-24 23:00:00,31.25,117.0,-2.2,134.0
2024-01-22 00:00:00,31.25,117.25,-1.3,16.0
2024-01-22 01:00:00,31.25,117.25,-1.3,16.0
2024-01-22 02:00:00,31.25,117.25,-0.8,16.0
2024-01-22 03:00:00,31.25,117.25,-0.7,16.0
2024-01-22 04:00:00,31.25,117.25,-0.1,16.0
2024-01-22 05:00:00,31.25,117.25,-0.2,16.0
2024-01-22 06:00:00,31.25,117.25,-0.2,16.0
2024-01-22 07:00:00,31.25,117.25,-0.5,16.0
2024-01-22 08:00:00,31.25,117.25,-0.8,16.0
2024-01-22 09:00:00,31.25,117.25,-1.3,16.0
2024-01-22 10:00:00,31.25,117.25,-1.7,16.0
2024-01-22 11:00:00,31.25,117.25,-1.9,16.0
2024-01-22 12:00:00,31.25,117.25,-2.1,16.0
2024-01-22 13:00:00,31.25,117.25,-2.2,16.0
2024-01-22 14:00:00,31.25,117.25,-2.2,16.0
2024-01-22 15:00:00,31.25,117.25,-2.5,16.0
2024-01-22 16:00:00,31.25,117.25,-2.6,16.0
2024-01-22 17:00:00,31.25,117.25,-2.9,16.0
2024-01-22 18:00:00,31.25,117.25,-3.3,16.0
2024-01-22 19:00:00,31.25,117.25,-3.5,16.0
2024-01-22 20:00:00,31.25,117.25,-3.7,16.0
2024-01-22 21:00:00,31.25,117.25,-4.0,16.0
2024-01-22 22:00:00,31.25,117.25,-4.1,16.0
2024-01-22 23:00:00,31.25,117.25,-4.3,16.0
2024-01-23 00:00:00,31.25,117.25,-4.3,16.0
2024-01-23 01:00:00,31.25,117.25,-3.6,16.0
2024-01-23 02:00:00,31.25,117.25,-2.8,16.0
2024-01-23 03:00:00,31.25,117.25,-2.0,16.0
2024-01-23 04:00:00,31.25,117.25,-1.2,16.0
2024-01-23 05:00:00,31.25,117.25,-0.6,16.0
2024-01-23 06:00:00,31.25,117.25,-0.2,16.0
2024-01-23 07:00:00,31.25,117.25,0.0,16.0
2024-01-23 08:00:00,31.25,117.25,-0.3,16.0
2024-01-23 09:00:00,31.25,117.25,-1.0,16.0
2024-01-23 10:00:00,31.25,117.25,-2.4,16.0
2024-01-23 11:00:00,31.25,117.25,-2.7,16.0
2024-01-23 12:00:00,31.25,117.25,-2.8,16.0
2024-01-23 13:00:00,31.25,117.25,-2.9,16.0
2024-01-23 14:00:00,31.25,117.25,-2.9,16.0
2024-01-23 15:00:00,31.25,117.25,-3.0,16.0
2024-01-23 16:00:00,31.25,117.25,-3.0,16.0
2024-01-23 17:00:00,31.25,117.25,-3.1,16.0
2024-01-23 18:00:00,31.25,117.25,-3.2,16.0
2024-01-23 19:00:00,31.25,117.25,-3.2,16.0
2024-01-23 20:00:00,31.25,117.25,-3.2,16.0
2024-01-23 21:00:00,31.25,117.25,-3.2,16.0
2024-01-23 22:00:00,31.25,117.25,-3.1,16.0
2024-01-23 23:00:00,31.25,117.25,-3.1,16.0
2024-01-24 00:00:00,31.25,117.25,-2.5,16.0
2024-01-24 01:00:00,31.25,117.25,-1.1,16.0
2024-01-24 02:00:00,31.25,117.25,-0.0,16.0
2024-01-24 03:00:00,31.25,117.25,1.0,16.0
2024-01-24 04:00:00,31.25,117.25,2.0,16.0
2024-01-24 05:00:00,31.25,117.25,2.6,16.0
2024-01-24 06:00:00,31.25,117.25,3.0,16.0
2024-01-24 07:00:00,31.25,117.25,3.2,16.0
2024-01-24 08:00:00,31.25,117.25,3.1,16.0
2024-01-24 09:00:00,31.25,117.25,2.0,16.0
2024-01-24 10:00:00,31.25,117.25,0.3,16.0
2024-01-24 11:00:00,31.25,117.25,0.1,16.0
2024-01-24 12:00:00,31.25,117.25,-0.1,16.0
2024-01-24 13:00:00,31.25,117.25,-0.3,16.0
2024-01-24 14:00:00,31.25,117.25,-0.4,16.0
2024-01-24 15:00:00,31.25,117.25,-0.3,16.0
2024-01-24 16:00:00,31.25,117.25,-0.1,16.0
2024-01-24 17:00:00,31.25,117.25,-0.3,16.0
2024-01-24 18:00:00,31.25,117.25,-0.2,16.0
2024-01-24 19:00:00,31.25,117.25,-0.6,16.0
2024-01-24 20:00:00,31.25,117.25,-0.8,16.0
2024-01-24 21:00:00,31.25,117.25,-0.8,16.0
2024-01-24 22:00:00,31.25,117.25,-0.8,16.0
2024-01-24 23:00:00,31.25,117.25,-0.8,16.0
2024-01-22 00:00:00,31.25,117.5,-0.5,6.0
2024-01-22 01:00:00,31.25,117.5,-0.5,6.0
2024-01-22 02:00:00,31.25,117.5,-0.2,6.0
2024-01-22 03:00:00,31.25,117.5,-0.1,6.0
2024-01-22 04:00:00,31.25,117.5,0.3,6.0
2024-01-22 05:00:00,31.25,117.5,-0.1,6.0
2024-01-22 06:00:00,31.25,117.5,0.1,6.0
2024-01-22 07:00:00,31.25,117.5,-0.1,6.0
2024-01-22 08:00:00,31.25,117.5,-0.5,6.0
2024-01-22 09:00:00,31.25,117.5,-0.9,6.0
2024-01-22 10:00:00,31.25,117.5,-1.1,6.0
2024-01-22 11:00:00,31.25,117.5,-1.2,6.0
2024-01-22 12:00:00,31.25,117.5,-1.2,6.0
2024-01-22 13:00:00,31.25,117.5,-1.3,6.0
2024-01-22 14:00:00,31.25,117.5,-1.4,6.0
2024-01-22 15:00:00,31.25,117.5,-1.9,6.0
2024-01-22 16:00:00,31.25,117.5,-2.1,6.0
2024-01-22 17:00:00,31.25,117.5,-2.4,6.0
2024-01-22 18:00:00,31.25,117.5,-2.7,6.0
2024-01-22 19:00:00,31.25,117.5,-2.8,6.0
2024-01-22 20:00:00,31.25,117.5,-3.1,6.0
2024-01-22 21:00:00,31.25,117.5,-3.3,6.0
2024-01-22 22:00:00,31.25,117.5,-3.4,6.0
2024-01-22 23:00:00,31.25,117.5,-3.5,6.0
2024-01-23 00:00:00,31.25,117.5,-3.4,6.0
2024-01-23 01:00:00,31.25,117.5,-2.8,6.0
2024-01-23 02:00:00,31.25,117.5,-2.1,6.0
2024-01-23 03:00:00,31.25,117.5,-1.5,6.0
2024-01-23 04:00:00,31.25,117.5,-1.0,6.0
2024-01-23 05:00:00,31.25,117.5,-0.5,6.0
2024-01-23 06:00:00,31.25,117.5,-0.3,6.0
2024-01-23 07:00:00,31.25,117.5,-0.1,6.0
2024-01-23 08:00:00,31.25,117.5,-0.2,6.0
2024-01-23 09:00:00,31.25,117.5,-0.8,6.0
2024-01-23 10:00:00,31.25,117.5,-2.0,6.0
2024-01-23 11:00:00,31.25,117.5,-2.4,6.0
2024-01-23 12:00:00,31.25,117.5,-2.6,6.0
2024-01-23 13:00:00,31.25,117.5,-2.7,6.0
2024-01-23 14:00:00,31.25,117.5,-2.7,6.0
2024-01-23 15:00:00,31.25,117.5,-2.7,6.0
2024-01-23 16:00:00,31.25,117.5,-2.7,6.0
2024-01-23 17:00:00,31.25,117.5,-2.7,6.0
2024-01-23 18:00:00,31.25,117.5,-2.7,6.0
2024-01-23 19:00:00,31.25,117.5,-2.8,6.0
2024-01-23 20:00:00,31.25,117.5,-2.8,6.0
2024-01-23 21:00:00,31.25,117.5,-2.8,6.0
2024-01-23 22:00:00,31.25,117.5,-2.8,6.0
2024-01-23 23:00:00,31.25,117.5,-2.8,6.0
2024-01-24 00:00:00,31.25,117.5,-2.4,6.0
2024-01-24 01:00:00,31.25,117.5,-1.1,6.0
2024-01-24 02:00:00,31.25,117.5,0.0,6.0
2024-01-24 03:00:00,31.25,117.5,0.9,6.0
2024-01-24 04:00:00,31.25,117.5,1.8,6.0
2024-01-24 05:00:00,31.25,117.5,2.5,6.0
2024-01-24 06:00:00,31.25,117.5,2.9,6.0
2024-01-24 07:00:00,31.25,117.5,3.0,6.0
2024-01-24 08:00:00,31.25,117.5,2.9,6.0
2024-01-24 09:00:00,31.25,117.5,1.9,6.0
2024-01-24 10:00:00,31.25,117.5,0.4,6.0
2024-01-24 11:00:00,31.25,117.5,0.2,6.0
2024-01-24 12:00:00,31.25,117.5,0.0,6.0
2024-01-24 13:00:00,31.25,117.5,-0.1,6.0
2024-01-24 14:00:00,31.25,117.5,-0.2,6.0
2024-01-24 15:00:00,31.25,117.5,-0.2,6.0
2024-01-24 16:00:00,31.25,117.5,-0.1,6.0
2024-01-24 17:00:00,31.25,117.5,-0.1,6.0
2024-01-24 18:00:00,31.25,117.5,-0.1,6.0
2024-01-24 19:00:00,31.25,117.5,-0.3,6.0
2024-01-24 20:00:00,31.25,117.5,-0.6,6.0
2024-01-24 21:00:00,31.25,117.5,-0.7,6.0
2024-01-24 22:00:00,31.25,117.5,-0.7,6.0
2024-01-24 23:00:00,31.25,117.5,-0.6,6.0
2024-01-22 00:00:00,31.25,117.75,-1.5,6.0
2024-01-22 01:00:00,31.25,117.75,-1.3,6.0
2024-01-22 02:00:00,31.25,117.75,-0.9,6.0
2024-01-22 03:00:00,31.25,117.75,-0.5,6.0
2024-01-22 04:00:00,31.25,117.75,-0.0,6.0
2024-01-22 05:00:00,31.25,117.75,-0.2,6.0
2024-01-22 06:00:00,31.25,117.75,-0.0,6.0
2024-01-22 07:00:00,31.25,117.75,-0.0,6.0
2024-01-22 08:00:00,31.25,117.75,-0.6,6.0
2024-01-22 09:00:00,31.25,117.75,-1.3,6.0
2024-01-22 10:00:00,31.25,117.75,-1.7,6.0
2024-01-22 11:00:00,31.25,117.75,-1.9,6.0
2024-01-22 12:00:00,31.25,117.75,-2.0,6.0
2024-01-22 13:00:00,31.25,117.75,-2.1,6.0
2024-01-22 14:00:00,31.25,117.75,-2.1,6.0
2024-01-22 15:00:00,31.25,117.75,-2.4,6.0
2024-01-22 16:00:00,31.25,117.75,-2.6,6.0
2024-01-22 17:00:00,31.25,117.75,-2.8,6.0
2024-01-22 18:00:00,31.25,117.75,-3.3,6.0
2024-01-22 19:00:00,31.25,117.75,-3.5,6.0
2024-01-22 20:00:00,31.25,117.75,-3.7,6.0
2024-01-22 21:00:00,31.25,117.75,-3.8,6.0
2024-01-22 22:00:00,31.25,117.75,-4.0,6.0
2024-01-22 23:00:00,31.25,117.75,-4.2,6.0
2024-01-23 00:00:00,31.25,117.75,-4.1,6.0
2024-01-23 01:00:00,31.25,117.75,-3.4,6.0
2024-01-23 02:00:00,31.25,117.75,-2.5,6.0
2024-01-23 03:00:00,31.25,117.75,-1.7,6.0
2024-01-23 04:00:00,31.25,117.75,-1.0,6.0
2024-01-23 05:00:00,31.25,117.75,-0.5,6.0
2024-01-23 06:00:00,31.25,117.75,-0.3,6.0
2024-01-23 07:00:00,31.25,117.75,-0.2,6.0
2024-01-23 08:00:00,31.25,117.75,-0.3,6.0
2024-01-23 09:00:00,31.25,117.75,-0.8,6.0
2024-01-23 10:00:00,31.25,117.75,-2.1,6.0
2024-01-23 11:00:00,31.25,117.75,-2.5,6.0
2024-01-23 12:00:00,31.25,117.75,-2.4,6.0
2024-01-23 13:00:00,31.25,117.75,-2.5,6.0
2024-01-23 14:00:00,31.25,117.75,-2.5,6.0
2024-01-23 15:00:00,31.25,117.75,-2.6,6.0
2024-01-23 16:00:00,31.25,117.75,-2.7,6.0
2024-01-23 17:00:00,31.25,117.75,-2.8,6.0
2024-01-23 18:00:00,31.25,117.75,-2.8,6.0
2024-01-23 19:00:00,31.25,117.75,-2.9,6.0
2024-01-23 20:00:00,31.25,117.75,-2.9,6.0
2024-01-23 21:00:00,31.25,117.75,-3.0,6.0
2024-01-23 22:00:00,31.25,117.75,-3.0,6.0
2024-01-23 23:00:00,31.25,117.75,-2.9,6.0
2024-01-24 00:00:00,31.25,117.75,-2.3,6.0
2024-01-24 01:00:00,31.25,117.75,-1.0,6.0
2024-01-24 02:00:00,31.25,117.75,0.1,6.0
2024-01-24 03:00:00,31.25,117.75,1.1,6.0
2024-01-24 04:00:00,31.25,117.75,2.2,6.0
2024-01-24 05:00:00,31.25,117.75,3.0,6.0
2024-01-24 06:00:00,31.25,117.75,3.2,6.0
2024-01-24 07:00:00,31.25,117.75,3.2,6.0
2024-01-24 08:00:00,31.25,117.75,2.9,6.0
2024-01-24 09:00:00,31.25,117.75,2.0,6.0
2024-01-24 10:00:00,31.25,117.75,0.5,6.0
2024-01-24 11:00:00,31.25,117.75,0.3,6.0
2024-01-24 12:00:00,31.25,117.75,0.2,6.0
2024-01-24 13:00:00,31.25,117.75,0.1,6.0
2024-01-24 14:00:00,31.25,117.75,-0.0,6.0
2024-01-24 15:00:00,31.25,117.75,-0.1,6.0
2024-01-24 16:00:00,31.25,117.75,0.1,6.0
2024-01-24 17:00:00,31.25,117.75,0.0,6.0
2024-01-24 18:00:00,31.25,117.75,0.0,6.0
2024-01-24 19:00:00,31.25,117.75,-0.2,6.0
2024-01-24 20:00:00,31.25,117.75,-0.5,6.0
2024-01-24 21:00:00,31.25,117.75,-0.6,6.0
2024-01-24 22:00:00,31.25,117.75,-0.7,6.0
2024-01-24 23:00:00,31.25,117.75,-0.7,6.0
2024-01-22 00:00:00,31.25,118.0,-1.5,8.0
2024-01-22 01:00:00,31.25,118.0,-1.2,8.0
2024-01-22 02:00:00,31.25,118.0,-1.0,8.0
2024-01-22 03:00:00,31.25,118.0,-0.5,8.0
2024-01-22 04:00:00,31.25,118.0,-0.1,8.0
2024-01-22 05:00:00,31.25,118.0,-0.4,8.0
2024-01-22 06:00:00,31.25,118.0,-0.3,8.0
2024-01-22 07:00:00,31.25,118.0,-0.1,8.0
2024-01-22 08:00:00,31.25,118.0,-0.7,8.0
2024-01-22 09:00:00,31.25,118.0,-1.5,8.0
2024-01-22 10:00:00,31.25,118.0,-1.9,8.0
2024-01-22 11:00:00,31.25,118.0,-1.9,8.0
2024-01-22 12:00:00,31.25,118.0,-2.1,8.0
2024-01-22 13:00:00,31.25,118.0,-2.3,8.0
2024-01-22 14:00:00,31.25,118.0,-2.3,8.0
2024-01-22 15:00:00,31.25,118.0,-2.5,8.0
2024-01-22 16:00:00,31.25,118.0,-2.6,8.0
2024-01-22 17:00:00,31.25,118.0,-2.9,8.0
2024-01-22 18:00:00,31.25,118.0,-3.4,8.0
2024-01-22 19:00:00,31.25,118.0,-3.7,8.0
2024-01-22 20:00:00,31.25,118.0,-3.9,8.0
2024-01-22 21:00:00,31.25,118.0,-4.1,8.0
2024-01-22 22:00:00,31.25,118.0,-4.4,8.0
2024-01-22 23:00:00,31.25,118.0,-4.6,8.0
2024-01-23 00:00:00,31.25,118.0,-4.6,8.0
2024-01-23 01:00:00,31.25,118.0,-3.9,8.0
2024-01-23 02:00:00,31.25,118.0,-3.0,8.0
2024-01-23 03:00:00,31.25,118.0,-2.1,8.0
2024-01-23 04:00:00,31.25,118.0,-1.3,8.0
2024-01-23 05:00:00,31.25,118.0,-0.7,8.0
2024-01-23 06:00:00,31.25,118.0,-0.3,8.0
2024-01-23 07:00:00,31.25,118.0,-0.2,8.0
2024-01-23 08:00:00,31.25,118.0,-0.4,8.0
2024-01-23 09:00:00,31.25,118.0,-1.1,8.0
2024-01-23 10:00:00,31.25,118.0,-2.4,8.0
2024-01-23 11:00:00,31.25,118.0,-2.7,8.0
2024-01-23 12:00:00,31.25,118.0,-2.7,8.0
2024-01-23 13:00:00,31.25,118.0,-2.8,8.0
2024-01-23 14:00:00,31.25,118.0,-2.8,8.0
2024-01-23 15:00:00,31.25,118.0,-2.8,8.0
2024-01-23 16:00:00,31.25,118.0,-2.8,8.0
2024-01-23 17:00:00,31.25,118.0,-2.9,8.0
2024-01-23 18:00:00,31.25,118.0,-3.0,8.0
2024-01-23 19:00:00,31.25,118.0,-3.0,8.0
2024-01-23 20:00:00,31.25,118.0,-3.0,8.0
2024-01-23 21:00:00,31.25,118.0,-3.0,8.0
2024-01-23 22:00:00,31.25,118.0,-3.0,8.0
2024-01-23 23:00:00,31.25,118.0,-2.9,8.0
2024-01-24 00:00:00,31.25,118.0,-2.3,8.0
2024-01-24 01:00:00,31.25,118.0,-1.2,8.0
2024-01-24 02:00:00,31.25,118.0,-0.1,8.0
2024-01-24 03:00:00,31.25,118.0,0.8,8.0
2024-01-24 04:00:00,31.25,118.0,1.7,8.0
2024-01-24 05:00:00,31.25,118.0,2.6,8.0
2024-01-24 06:00:00,31.25,118.0,3.1,8.0
2024-01-24 07:00:00,31.25,118.0,3.2,8.0
2024-01-24 08:00:00,31.25,118.0,2.9,8.0
2024-01-24 09:00:00,31.25,118.0,1.8,8.0
2024-01-24 10:00:00,31.25,118.0,0.4,8.0
2024-01-24 11:00:00,31.25,118.0,0.2,8.0
2024-01-24 12:00:00,31.25,118.0,0.1,8.0
2024-01-24 13:00:00,31.25,118.0,-0.0,8.0
2024-01-24 14:00:00,31.25,118.0,-0.1,8.0
2024-01-24 15:00:00,31.25,118.0,-0.2,8.0
2024-01-24 16:00:00,31.25,118.0,0.0,8.0
2024-01-24 17:00:00,31.25,118.0,0.0,8.0
2024-01-24 18:00:00,31.25,118.0,0.0,8.0
2024-01-24 19:00:00,31.25,118.0,-0.1,8.0
2024-01-24 20:00:00,31.25,118.0,-0.4,8.0
2024-01-24 21:00:00,31.25,118.0,-0.5,8.0
2024-01-24 22:00:00,31.25,118.0,-0.5,8.0
2024-01-24 23:00:00,31.25,118.0,-0.6,8.0
2024-01-22 00:00:00,31.25,118.25,-1.2,8.0
2024-01-22 01:00:00,31.25,118.25,-1.1,8.0
2024-01-22 02:00:00,31.25,118.25,-1.1,8.0
2024-01-22 03:00:00,31.25,118.25,-0.3,8.0
2024-01-22 04:00:00,31.25,118.25,-0.2,8.0
2024-01-22 05:00:00,31.25,118.25,-0.4,8.0
2024-01-22 06:00:00,31.25,118.25,-0.3,8.0
2024-01-22 07:00:00,31.25,118.25,-0.3,8.0
2024-01-22 08:00:00,31.25,118.25,-0.7,8.0
2024-01-22 09:00:00,31.25,118.25,-1.5,8.0
2024-01-22 10:00:00,31.25,118.25,-2.0,8.0
2024-01-22 11:00:00,31.25,118.25,-2.0,8.0
2024-01-22 12:00:00,31.25,118.25,-2.3,8.0
2024-01-22 13:00:00,31.25,118.25,-2.4,8.0
2024-01-22 14:00:00,31.25,118.25,-2.5,8.0
2024-01-22 15:00:00,31.25,118.25,-2.7,8.0
2024-01-22 16:00:00,31.25,118.25,-2.7,8.0
2024-01-22 17:00:00,31.25,118.25,-2.9,8.0
2024-01-22 18:00:00,31.25,118.25,-3.3,8.0
2024-01-22 19:00:00,31.25,118.25,-3.6,8.0
2024-01-22 20:00:00,31.25,118.25,-3.9,8.0
2024-01-22 21:00:00,31.25,118.25,-4.1,8.0
2024-01-22 22:00:00,31.25,118.25,-4.3,8.0
2024-01-22 23:00:00,31.25,118.25,-4.6,8.0
2024-01-23 00:00:00,31.25,118.25,-4.6,8.0
2024-01-23 01:00:00,31.25,118.25,-4.0,8.0
2024-01-23 02:00:00,31.25,118.25,-3.1,8.0
2024-01-23 03:00:00,31.25,118.25,-2.2,8.0
2024-01-23 04:00:00,31.25,118.25,-1.3,8.0
2024-01-23 05:00:00,31.25,118.25,-0.7,8.0
2024-01-23 06:00:00,31.25,118.25,-0.4,8.0
2024-01-23 07:00:00,31.25,118.25,-0.3,8.0
2024-01-23 08:00:00,31.25,118.25,-0.5,8.0
2024-01-23 09:00:00,31.25,118.25,-1.2,8.0
2024-01-23 10:00:00,31.25,118.25,-2.4,8.0
2024-01-23 11:00:00,31.25,118.25,-2.8,8.0
2024-01-23 12:00:00,31.25,118.25,-2.8,8.0
2024-01-23 13:00:00,31.25,118.25,-2.8,8.0
2024-01-23 14:00:00,31.25,118.25,-2.8,8.0
2024-01-23 15:00:00,31.25,118.25,-2.8,8.0
2024-01-23 16:00:00,31.25,118.25,-2.9,8.0
2024-01-23 17:00:00,31.25,118.25,-2.9,8.0
2024-01-23 18:00:00,31.25,118.25,-2.9,8.0
2024-01-23 19:00:00,31.25,118.25,-3.0,8.0
2024-01-23 20:00:00,31.25,118.25,-3.1,8.0
2024-01-23 21:00:00,31.25,118.25,-3.1,8.0
2024-01-23 22:00:00,31.25,118.25,-3.1,8.0
2024-01-23 23:00:00,31.25,118.25,-3.0,8.0
2024-01-24 00:00:00,31.25,118.25,-2.4,8.0
2024-01-24 01:00:00,31.25,118.25,-1.2,8.0
2024-01-24 02:00:00,31.25,118.25,-0.1,8.0
2024-01-24 03:00:00,31.25,118.25,0.9,8.0
2024-01-24 04:00:00,31.25,118.25,1.7,8.0
2024-01-24 05:00:00,31.25,118.25,2.4,8.0
2024-01-24 06:00:00,31.25,118.25,2.9,8.0
2024-01-24 07:00:00,31.25,118.25,3.0,8.0
2024-01-24 08:00:00,31.25,118.25,2.8,8.0
2024-01-24 09:00:00,31.25,118.25,1.7,8.0
2024-01-24 10:00:00,31.25,118.25,0.2,8.0
2024-01-24 11:00:00,31.25,118.25,-0.1,8.0
2024-01-24 12:00:00,31.25,118.25,-0.2,8.0
2024-01-24 13:00:00,31.25,118.25,-0.3,8.0
2024-01-24 14:00:00,31.25,118.25,-0.4,8.0
2024-01-24 15:00:00,31.25,118.25,-0.5,8.0
2024-01-24 16:00:00,31.25,118.25,-0.5,8.0
2024-01-24 17:00:00,31.25,118.25,-0.3,8.0
2024-01-24 18:00:00,31.25,118.25,-0.2,8.0
2024-01-24 19:00:00,31.25,118.25,-0.1,8.0
2024-01-24 20:00:00,31.25,118.25,-0.4,8.0
2024-01-24 21:00:00,31.25,118.25,-0.6,8.0
2024-01-24 22:00:00,31.25,118.25,-0.7,8.0
2024-01-24 23:00:00,31.25,118.25,-0.8,8.0
2024-01-22 00:00:00,31.25,118.5,-1.2,6.0
2024-01-22 01:00:00,31.25,118.5,-1.1,6.0
2024-01-22 02:00:00,31.25,118.5,-0.8,6.0
2024-01-22 03:00:00,31.25,118.5,-0.6,6.0
2024-01-22 04:00:00,31.25,118.5,-0.3,6.0
2024-01-22 05:00:00,31.25,118.5,-0.6,6.0
2024-01-22 06:00:00,31.25,118.5,-0.4,6.0
2024-01-22 07:00:00,31.25,118.5,-0.5,6.0
2024-01-22 08:00:00,31.25,118.5,-0.8,6.0
2024-01-22 09:00:00,31.25,118.5,-1.5,6.0
2024-01-22 10:00:00,31.25,118.5,-2.1,6.0
2024-01-22 11:00:00,31.25,118.5,-1.9,6.0
2024-01-22 12:00:00,31.25,118.5,-2.2,6.0
2024-01-22 13:00:00,31.25,118.5,-2.2,6.0
2024-01-22 14:00:00,31.25,118.5,-2.4,6.0
2024-01-22 15:00:00,31.25,118.5,-2.5,6.0
2024-01-22 16:00:00,31.25,118.5,-2.6,6.0
2024-01-22 17:00:00,31.25,118.5,-2.7,6.0
2024-01-22 18:00:00,31.25,118.5,-3.2,6.0
2024-01-22 19:00:00,31.25,118.5,-3.4,6.0
2024-01-22 20:00:00,31.25,118.5,-3.8,6.0
2024-01-22 21:00:00,31.25,118.5,-4.2,6.0
2024-01-22 22:00:00,31.25,118.5,-4.3,6.0
2024-01-22 23:00:00,31.25,118.5,-4.5,6.0
2024-01-23 00:00:00,31.25,118.5,-4.5,6.0
2024-01-23 01:00:00,31.25,118.5,-3.9,6.0
2024-01-23 02:00:00,31.25,118.5,-3.1,6.0
2024-01-23 03:00:00,31.25,118.5,-2.2,6.0
2024-01-23 04:00:00,31.25,118.5,-1.4,6.0
2024-01-23 05:00:00,31.25,118.5,-0.7,6.0
2024-01-23 06:00:00,31.25,118.5,-0.4,6.0
2024-01-23 07:00:00,31.25,118.5,-0.3,6.0
2024-01-23 08:00:00,31.25,118.5,-0.5,6.0
2024-01-23 09:00:00,31.25,118.5,-1.2,6.0
2024-01-23 10:00:00,31.25,118.5,-2.4,6.0
2024-01-23 11:00:00,31.25,118.5,-2.8,6.0
2024-01-23 12:00:00,31.25,118.5,-2.8,6.0
2024-01-23 13:00:00,31.25,118.5,-2.9,6.0
2024-01-23 14:00:00,31.25,118.5,-3.0,6.0
2024-01-23 15:00:00,31.25,118.5,-2.9,6.0
2024-01-23 16:00:00,31.25,118.5,-3.0,6.0
2024-01-23 17:00:00,31.25,118.5,-3.0,6.0
2024-01-23 18:00:00,31.25,118.5,-3.0,6.0
2024-01-23 19:00:00,31.25,118.5,-3.0,6.0
2024-01-23 20:00:00,31.25,118.5,-3.1,6.0
2024-01-23 21:00:00,31.25,118.5,-3.2,6.0
2024-01-23 22:00:00,31.25,118.5,-3.2,6.0
2024-01-23 23:00:00,31.25,118.5,-3.1,6.0
2024-01-24 00:00:00,31.25,118.5,-2.5,6.0
2024-01-24 01:00:00,31.25,118.5,-1.3,6.0
2024-01-24 02:00:00,31.25,118.5,-0.1,6.0
2024-01-24 03:00:00,31.25,118.5,0.9,6.0
2024-01-24 04:00:00,31.25,118.5,1.6,6.0
2024-01-24 05:00:00,31.25,118.5,2.3,6.0
2024-01-24 06:00:00,31.25,118.5,2.8,6.0
2024-01-24 07:00:00,31.25,118.5,2.9,6.0
2024-01-24 08:00:00,31.25,118.5,2.7,6.0
2024-01-24 09:00:00,31.25,118.5,1.5,6.0
2024-01-24 10:00:00,31.25,118.5,0.0,6.0
2024-01-24 11:00:00,31.25,118.5,-0.2,6.0
2024-01-24 12:00:00,31.25,118.5,-0.4,6.0
2024-01-24 13:00:00,31.25,118.5,-0.6,6.0
2024-01-24 14:00:00,31.25,118.5,-0.7,6.0
2024-01-24 15:00:00,31.25,118.5,-0.8,6.0
2024-01-24 16:00:00,31.25,118.5,-0.9,6.0
2024-01-24 17:00:00,31.25,118.5,-0.7,6.0
2024-01-24 18:00:00,31.25,118.5,-0.5,6.0
2024-01-24 19:00:00,31.25,118.5,-0.5,6.0
2024-01-24 20:00:00,31.25,118.5,-0.4,6.0
2024-01-24 21:00:00,31.25,118.5,-0.7,6.0
2024-01-24 22:00:00,31.25,118.5,-0.9,6.0
2024-01-24 23:00:00,31.25,118.5,-1.0,6.0
2024-01-22 00:00:00,31.25,118.75,-1.2,5.0
2024-01-22 01:00:00,31.25,118.75,-1.3,5.0
2024-01-22 02:00:00,31.25,118.75,-1.0,5.0
2024-01-22 03:00:00,31.25,118.75,-0.6,5.0
2024-01-22 04:00:00,31.25,118.75,-0.1,5.0
2024-01-22 05:00:00,31.25,118.75,-0.2,5.0
2024-01-22 06:00:00,31.25,118.75,-0.5,5.0
2024-01-22 07:00:00,31.25,118.75,-0.4,5.0
2024-01-22 08:00:00,31.25,118.75,-0.8,5.0
2024-01-22 09:00:00,31.25,118.75,-1.4,5.0
2024-01-22 10:00:00,31.25,118.75,-2.0,5.0
2024-01-22 11:00:00,31.25,118.75,-1.8,5.0
2024-01-22 12:00:00,31.25,118.75,-2.0,5.0
2024-01-22 13:00:00,31.25,118.75,-2.0,5.0
2024-01-22 14:00:00,31.25,118.75,-2.2,5.0
2024-01-22 15:00:00,31.25,118.75,-2.5,5.0
2024-01-22 16:00:00,31.25,118.75,-2.6,5.0
2024-01-22 17:00:00,31.25,118.75,-2.7,5.0
2024-01-22 18:00:00,31.25,118.75,-3.1,5.0
2024-01-22 19:00:00,31.25,118.75,-3.3,5.0
2024-01-22 20:00:00,31.25,118.75,-3.6,5.0
2024-01-22 21:00:00,31.25,118.75,-3.8,5.0
2024-01-22 22:00:00,31.25,118.75,-4.0,5.0
2024-01-22 23:00:00,31.25,118.75,-4.4,5.0
2024-01-23 00:00:00,31.25,118.75,-4.3,5.0
2024-01-23 01:00:00,31.25,118.75,-3.7,5.0
2024-01-23 02:00:00,31.25,118.75,-2.9,5.0
2024-01-23 03:00:00,31.25,118.75,-2.0,5.0
2024-01-23 04:00:00,31.25,118.75,-1.4,5.0
2024-01-23 05:00:00,31.25,118.75,-0.8,5.0
2024-01-23 06:00:00,31.25,118.75,-0.4,5.0
2024-01-23 07:00:00,31.25,118.75,-0.3,5.0
2024-01-23 08:00:00,31.25,118.75,-0.6,5.0
2024-01-23 09:00:00,31.25,118.75,-1.3,5.0
2024-01-23 10:00:00,31.25,118.75,-2.5,5.0
2024-01-23 11:00:00,31.25,118.75,-2.8,5.0
2024-01-23 12:00:00,31.25,118.75,-2.8,5.0
2024-01-23 13:00:00,31.25,118.75,-2.9,5.0
2024-01-23 14:00:00,31.25,118.75,-3.0,5.0
2024-01-23 15:00:00,31.25,118.75,-3.0,5.0
2024-01-23 16:00:00,31.25,118.75,-3.1,5.0
2024-01-23 17:00:00,31.25,118.75,-3.0,5.0
2024-01-23 18:00:00,31.25,118.75,-3.1,5.0
2024-01-23 19:00:00,31.25,118.75,-3.1,5.0
2024-01-23 20:00:00,31.25,118.75,-3.1,5.0
2024-01-23 21:00:00,31.25,118.75,-3.2,5.0
2024-01-23 22:00:00,31.25,118.75,-3.2,5.0
2024-01-23 23:00:00,31.25,118.75,-3.3,5.0
2024-01-24 00:00:00,31.25,118.75,-2.6,5.0
2024-01-24 01:00:00,31.25,118.75,-1.3,5.0
2024-01-24 02:00:00,31.25,118.75,-0.1,5.0
2024-01-24 03:00:00,31.25,118.75,1.0,5.0
2024-01-24 04:00:00,31.25,118.75,1.7,5.0
2024-01-24 05:00:00,31.25,118.75,2.4,5.0
2024-01-24 06:00:00,31.25,118.75,2.9,5.0
2024-01-24 07:00:00,31.25,118.75,3.0,5.0
2024-01-24 08:00:00,31.25,118.75,2.7,5.0
2024-01-24 09:00:00,31.25,118.75,1.5,5.0
2024-01-24 10:00:00,31.25,118.75,0.1,5.0
2024-01-24 11:00:00,31.25,118.75,-0.2,5.0
2024-01-24 12:00:00,31.25,118.75,-0.4,5.0
2024-01-24 13:00:00,31.25,118.75,-0.5,5.0
2024-01-24 14:00:00,31.25,118.75,-0.6,5.0
2024-01-24 15:00:00,31.25,118.75,-0.8,5.0
2024-01-24 16:00:00,31.25,118.75,-0.9,5.0
2024-01-24 17:00:00,31.25,118.75,-0.6,5.0
2024-01-24 18:00:00,31.25,118.75,-0.6,5.0
2024-01-24 19:00:00,31.25,118.75,-0.5,5.0
2024-01-24 20:00:00,31.25,118.75,-0.5,5.0
2024-01-24 21:00:00,31.25,118.75,-0.5,5.0
2024-01-24 22:00:00,31.25,118.75,-1.0,5.0
2024-01-24 23:00:00,31.25,118.75,-1.1,5.0
2024-01-22 00:00:00,31.25,119.0,-1.1,19.0
2024-01-22 01:00:00,31.25,119.0,-1.1,19.0
2024-01-22 02:00:00,31.25,119.0,-1.0,19.0
2024-01-22 03:00:00,31.25,119.0,-0.7,19.0
2024-01-22 04:00:00,31.25,119.0,-0.4,19.0
2024-01-22 05:00:00,31.25,119.0,-0.4,19.0
2024-01-22 06:00:00,31.25,119.0,-0.4,19.0
2024-01-22 07:00:00,31.25,119.0,-0.4,19.0
2024-01-22 08:00:00,31.25,119.0,-0.6,19.0
2024-01-22 09:00:00,31.25,119.0,-0.9,19.0
2024-01-22 10:00:00,31.25,119.0,-1.4,19.0
2024-01-22 11:00:00,31.25,119.0,-1.6,19.0
2024-01-22 12:00:00,31.25,119.0,-1.8,19.0
2024-01-22 13:00:00,31.25,119.0,-2.1,19.0
2024-01-22 14:00:00,31.25,119.0,-2.2,19.0
2024-01-22 15:00:00,31.25,119.0,-2.3,19.0
2024-01-22 16:00:00,31.25,119.0,-2.4,19.0
2024-01-22 17:00:00,31.25,119.0,-2.5,19.0
2024-01-22 18:00:00,31.25,119.0,-2.8,19.0
2024-01-22 19:00:00,31.25,119.0,-3.0,19.0
2024-01-22 20:00:00,31.25,119.0,-3.1,19.0
2024-01-22 21:00:00,31.25,119.0,-3.3,19.0
2024-01-22 22:00:00,31.25,119.0,-3.4,19.0
2024-01-22 23:00:00,31.25,119.0,-3.7,19.0
2024-01-23 00:00:00,31.25,119.0,-3.7,19.0
2024-01-23 01:00:00,31.25,119.0,-3.4,19.0
2024-01-23 02:00:00,31.25,119.0,-2.9,19.0
2024-01-23 03:00:00,31.25,119.0,-2.4,19.0
2024-01-23 04:00:00,31.25,119.0,-1.8,19.0
2024-01-23 05:00:00,31.25,119.0,-1.2,19.0
2024-01-23 06:00:00,31.25,119.0,-0.9,19.0
2024-01-23 07:00:00,31.25,119.0,-0.6,19.0
2024-01-23 08:00:00,31.25,119.0,-0.5,19.0
2024-01-23 09:00:00,31.25,119.0,-0.8,19.0
2024-01-23 10:00:00,31.25,119.0,-1.4,19.0
2024-01-23 11:00:00,31.25,119.0,-1.6,19.0
2024-01-23 12:00:00,31.25,119.0,-1.6,19.0
2024-01-23 13:00:00,31.25,119.0,-1.7,19.0
2024-01-23 14:00:00,31.25,119.0,-1.7,19.0
2024-01-23 15:00:00,31.25,119.0,-1.6,19.0
2024-01-23 16:00:00,31.25,119.0,-1.7,19.0
2024-01-23 17:00:00,31.25,119.0,-1.8,19.0
2024-01-23 18:00:00,31.25,119.0,-1.9,19.0
2024-01-23 19:00:00,31.25,119.0,-1.9,19.0
2024-01-23 20:00:00,31.25,119.0,-1.9,19.0
2024-01-23 21:00:00,31.25,119.0,-2.0,19.0
2024-01-23 22:00:00,31.25,119.0,-2.1,19.0
2024-01-23 23:00:00,31.25,119.0,-2.1,19.0
2024-01-24 00:00:00,31.25,119.0,-1.8,19.0
2024-01-24 01:00:00,31.25,119.0,-1.1,19.0
2024-01-24 02:00:00,31.25,119.0,-0.4,19.0
2024-01-24 03:00:00,31.25,119.0,0.4,19.0
2024-01-24 04:00:00,31.25,119.0,1.1,19.0
2024-01-24 05:00:00,31.25,119.0,1.8,19.0
2024-01-24 06:00:00,31.25,119.0,2.3,19.0
2024-01-24 07:00:00,31.25,119.0,2.5,19.0
2024-01-24 08:00:00,31.25,119.0,2.6,19.0
2024-01-24 09:00:00,31.25,119.0,2.1,19.0
2024-01-24 10:00:00,31.25,119.0,1.4,19.0
2024-01-24 11:00:00,31.25,119.0,1.1,19.0
2024-01-24 12:00:00,31.25,119.0,1.0,19.0
2024-01-24 13:00:00,31.25,119.0,0.9,19.0
2024-01-24 14:00:00,31.25,119.0,0.8,19.0
2024-01-24 15:00:00,31.25,119.0,0.7,19.0
2024-01-24 16:00:00,31.25,119.0,0.5,19.0
2024-01-24 17:00:00,31.25,119.0,0.5,19.0
2024-01-24 18:00:00,31.25,119.0,0.6,19.0
2024-01-24 19:00:00,31.25,119.0,0.6,19.0
2024-01-24 20:00:00,31.25,119.0,0.6,19.0
2024-01-24 21:00:00,31.25,119.0,0.5,19.0
2024-01-24 22:00:00,31.25,119.0,0.3,19.0
2024-01-24 23:00:00,31.25,119.0,0.2,19.0
2024-01-22 00:00:00,31.25,119.25,-1.4,25.0
2024-01-22 01:00:00,31.25,119.25,-1.2,25.0
2024-01-22 02:00:00,31.25,119.25,-1.0,25.0
2024-01-22 03:00:00,31.25,119.25,-0.9,25.0
2024-01-22 04:00:00,31.25,119.25,-0.5,25.0
2024-01-22 05:00:00,31.25,119.25,-0.6,25.0
2024-01-22 06:00:00,31.25,119.25,-0.9,25.0
2024-01-22 07:00:00,31.25,119.25,-1.0,25.0
2024-01-22 08:00:00,31.25,119.25,-1.3,25.0
2024-01-22 09:00:00,31.25,119.25,-2.0,25.0
2024-01-22 10:00:00,31.25,119.25,-2.3,25.0
2024-01-22 11:00:00,31.25,119.25,-2.6,25.0
2024-01-22 12:00:00,31.25,119.25,-2.7,25.0
2024-01-22 13:00:00,31.25,119.25,-2.9,25.0
2024-01-22 14:00:00,31.25,119.25,-3.0,25.0
2024-01-22 15:00:00,31.25,119.25,-3.2,25.0
2024-01-22 16:00:00,31.25,119.25,-3.3,25.0
2024-01-22 17:00:00,31.25,119.25,-3.4,25.0
2024-01-22 18:00:00,31.25,119.25,-3.9,25.0
2024-01-22 19:00:00,31.25,119.25,-4.1,25.0
2024-01-22 20:00:00,31.25,119.25,-4.4,25.0
2024-01-22 21:00:00,31.25,119.25,-4.7,25.0
2024-01-22 22:00:00,31.25,119.25,-5.1,25.0
2024-01-22 23:00:00,31.25,119.25,-5.4,25.0
2024-01-23 00:00:00,31.25,119.25,-5.2,25.0
2024-01-23 01:00:00,31.25,119.25,-4.3,25.0
2024-01-23 02:00:00,31.25,119.25,-3.2,25.0
2024-01-23 03:00:00,31.25,119.25,-2.1,25.0
2024-01-23 04:00:00,31.25,119.25,-1.2,25.0
2024-01-23 05:00:00,31.25,119.25,-0.7,25.0
2024-01-23 06:00:00,31.25,119.25,-0.7,25.0
2024-01-23 07:00:00,31.25,119.25,-0.7,25.0
2024-01-23 08:00:00,31.25,119.25,-1.1,25.0
2024-01-23 09:00:00,31.25,119.25,-1.8,25.0
2024-01-23 10:00:00,31.25,119.25,-3.1,25.0
2024-01-23 11:00:00,31.25,119.25,-3.5,25.0
2024-01-23 12:00:00,31.25,119.25,-3.5,25.0
2024-01-23 13:00:00,31.25,119.25,-3.6,25.0
2024-01-23 14:00:00,31.25,119.25,-3.5,25.0
2024-01-23 15:00:00,31.25,119.25,-3.5,25.0
2024-01-23 16:00:00,31.25,119.25,-3.6,25.0
2024-01-23 17:00:00,31.25,119.25,-3.7,25.0
2024-01-23 18:00:00,31.25,119.25,-3.7,25.0
2024-01-23 19:00:00,31.25,119.25,-3.8,25.0
2024-01-23 20:00:00,31.25,119.25,-3.7,25.0
2024-01-23 21:00:00,31.25,119.25,-3.7,25.0
2024-01-23 22:00:00,31.25,119.25,-3.7,25.0
2024-01-23 23:00:00,31.25,119.25,-3.7,25.0
2024-01-24 00:00:00,31.25,119.25,-2.8,25.0
2024-01-24 01:00:00,31.25,119.25,-1.4,25.0
2024-01-24 02:00:00,31.25,119.25,-0.0,25.0
2024-01-24 03:00:00,31.25,119.25,1.0,25.0
2024-01-24 04:00:00,31.25,119.25,1.8,25.0
2024-01-24 05:00:00,31.25,119.25,2.3,25.0
2024-01-24 06:00:00,31.25,119.25,2.7,25.0
2024-01-24 07:00:00,31.25,119.25,2.8,25.0
2024-01-24 08:00:00,31.25,119.25,2.4,25.0
2024-01-24 09:00:00,31.25,119.25,0.7,25.0
2024-01-24 10:00:00,31.25,119.25,-0.9,25.0
2024-01-24 11:00:00,31.25,119.25,-1.2,25.0
2024-01-24 12:00:00,31.25,119.25,-1.5,25.0
2024-01-24 13:00:00,31.25,119.25,-1.6,25.0
2024-01-24 14:00:00,31.25,119.25,-1.7,25.0
2024-01-24 15:00:00,31.25,119.25,-1.7,25.0
2024-01-24 16:00:00,31.25,119.25,-1.8,25.0
2024-01-24 17:00:00,31.25,119.25,-1.9,25.0
2024-01-24 18:00:00,31.25,119.25,-1.6,25.0
2024-01-24 19:00:00,31.25,119.25,-1.5,25.0
2024-01-24 20:00:00,31.25,119.25,-1.6,25.0
2024-01-24 21:00:00,31.25,119.25,-1.4,25.0
2024-01-24 22:00:00,31.25,119.25,-1.7,25.0
2024-01-24 23:00:00,31.25,119.25,-2.0,25.0
2024-01-22 00:00:00,31.25,119.5,-2.9,140.0
2024-01-22 01:00:00,31.25,119.5,-2.5,140.0
2024-01-22 02:00:00,31.25,119.5,-2.0,140.0
2024-01-22 03:00:00,31.25,119.5,-1.5,140.0
2024-01-22 04:00:00,31.25,119.5,-1.1,140.0
2024-01-22 05:00:00,31.25,119.5,-1.2,140.0
2024-01-22 06:00:00,31.25,119.5,-1.9,140.0
2024-01-22 07:00:00,31.25,119.5,-2.1,140.0
2024-01-22 08:00:00,31.25,119.5,-2.3,140.0
2024-01-22 09:00:00,31.25,119.5,-2.8,140.0
2024-01-22 10:00:00,31.25,119.5,-3.3,140.0
2024-01-22 11:00:00,31.25,119.5,-3.5,140.0
2024-01-22 12:00:00,31.25,119.5,-3.6,140.0
2024-01-22 13:00:00,31.25,119.5,-3.7,140.0
2024-01-22 14:00:00,31.25,119.5,-3.8,140.0
2024-01-22 15:00:00,31.25,119.5,-4.0,140.0
2024-01-22 16:00:00,31.25,119.5,-4.1,140.0
2024-01-22 17:00:00,31.25,119.5,-4.3,140.0
2024-01-22 18:00:00,31.25,119.5,-4.8,140.0
2024-01-22 19:00:00,31.25,119.5,-5.2,140.0
2024-01-22 20:00:00,31.25,119.5,-5.5,140.0
2024-01-22 21:00:00,31.25,119.5,-5.7,140.0
2024-01-22 22:00:00,31.25,119.5,-6.0,140.0
2024-01-22 23:00:00,31.25,119.5,-6.4,140.0
2024-01-23 00:00:00,31.25,119.5,-6.2,140.0
2024-01-23 01:00:00,31.25,119.5,-5.3,140.0
2024-01-23 02:00:00,31.25,119.5,-4.2,140.0
2024-01-23 03:00:00,31.25,119.5,-3.1,140.0
2024-01-23 04:00:00,31.25,119.5,-2.1,140.0
2024-01-23 05:00:00,31.25,119.5,-1.4,140.0
2024-01-23 06:00:00,31.25,119.5,-1.4,140.0
2024-01-23 07:00:00,31.25,119.5,-1.5,140.0
2024-01-23 08:00:00,31.25,119.5,-1.8,140.0
2024-01-23 09:00:00,31.25,119.5,-2.6,140.0
2024-01-23 10:00:00,31.25,119.5,-4.0,140.0
2024-01-23 11:00:00,31.25,119.5,-4.5,140.0
2024-01-23 12:00:00,31.25,119.5,-4.6,140.0
2024-01-23 13:00:00,31.25,119.5,-4.6,140.0
2024-01-23 14:00:00,31.25,119.5,-4.5,140.0
2024-01-23 15:00:00,31.25,119.5,-4.5,140.0
2024-01-23 16:00:00,31.25,119.5,-4.5,140.0
2024-01-23 17:00:00,31.25,119.5,-4.5,140.0
2024-01-23 18:00:00,31.25,119.5,-4.4,140.0
2024-01-23 19:00:00,31.25,119.5,-4.5,140.0
2024-01-23 20:00:00,31.25,119.5,-4.6,140.0
2024-01-23 21:00:00,31.25,119.5,-4.7,140.0
2024-01-23 22:00:00,31.25,119.5,-4.7,140.0
2024-01-23 23:00:00,31.25,119.5,-4.8,140.0
2024-01-24 00:00:00,31.25,119.5,-3.8,140.0
2024-01-24 01:00:00,31.25,119.5,-2.1,140.0
2024-01-24 02:00:00,31.25,119.5,-0.7,140.0
2024-01-24 03:00:00,31.25,119.5,0.4,140.0
2024-01-24 04:00:00,31.25,119.5,1.3,140.0
2024-01-24 05:00:00,31.25,119.5,1.8,140.0
2024-01-24 06:00:00,31.25,119.5,2.2,140.0
2024-01-24 07:00:00,31.25,119.5,2.2,140.0
2024-01-24 08:00:00,31.25,119.5,1.8,140.0
2024-01-24 09:00:00,31.25,119.5,-0.0,140.0
2024-01-24 10:00:00,31.25,119.5,-1.8,140.0
2024-01-24 11:00:00,31.25,119.5,-2.2,140.0
2024-01-24 12:00:00,31.25,119.5,-2.5,140.0
2024-01-24 13:00:00,31.25,119.5,-2.6,140.0
2024-01-24 14:00:00,31.25,119.5,-2.7,140.0
2024-01-24 15:00:00,31.25,119.5,-2.7,140.0
2024-01-24 16:00:00,31.25,119.5,-2.8,140.0
2024-01-24 17:00:00,31.25,119.5,-2.8,140.0
2024-01-24 18:00:00,31.25,119.5,-2.6,140.0
2024-01-24 19:00:00,31.25,119.5,-2.3,140.0
2024-01-24 20:00:00,31.25,119.5,-2.2,140.0
2024-01-24 21:00:00,31.25,119.5,-2.0,140.0
2024-01-24 22:00:00,31.25,119.5,-2.1,140.0
2024-01-24 23:00:00,31.25,119.5,-2.6,140.0
2024-01-22 00:00:00,31.25,119.75,-3.9,284.0
2024-01-22 01:00:00,31.25,119.75,-3.7,284.0
2024-01-22 02:00:00,31.25,119.75,-3.4,284.0
2024-01-22 03:00:00,31.25,119.75,-2.6,284.0
2024-01-22 04:00:00,31.25,119.75,-2.1,284.0
2024-01-22 05:00:00,31.25,119.75,-2.0,284.0
2024-01-22 06:00:00,31.25,119.75,-2.6,284.0
2024-01-22 07:00:00,31.25,119.75,-3.1,284.0
2024-01-22 08:00:00,31.25,119.75,-3.4,284.0
2024-01-22 09:00:00,31.25,119.75,-3.8,284.0
2024-01-22 10:00:00,31.25,119.75,-4.3,284.0
2024-01-22 11:00:00,31.25,119.75,-4.3,284.0
2024-01-22 12:00:00,31.25,119.75,-4.5,284.0
2024-01-22 13:00:00,31.25,119.75,-4.6,284.0
2024-01-22 14:00:00,31.25,119.75,-4.9,284.0
2024-01-22 15:00:00,31.25,119.75,-5.3,284.0
2024-01-22 16:00:00,31.25,119.75,-5.3,284.0
2024-01-22 17:00:00,31.25,119.75,-5.4,284.0
2024-01-22 18:00:00,31.25,119.75,-5.7,284.0
2024-01-22 19:00:00,31.25,119.75,-6.1,284.0
2024-01-22 20:00:00,31.25,119.75,-6.5,284.0
2024-01-22 21:00:00,31.25,119.75,-6.9,284.0
2024-01-22 22:00:00,31.25,119.75,-7.4,284.0
2024-01-22 23:00:00,31.25,119.75,-7.6,284.0
2024-01-23 00:00:00,31.25,119.75,-7.4,284.0
2024-01-23 01:00:00,31.25,119.75,-6.5,284.0
2024-01-23 02:00:00,31.25,119.75,-5.3,284.0
2024-01-23 03:00:00,31.25,119.75,-4.1,284.0
2024-01-23 04:00:00,31.25,119.75,-3.1,284.0
2024-01-23 05:00:00,31.25,119.75,-2.4,284.0
2024-01-23 06:00:00,31.25,119.75,-2.2,284.0
2024-01-23 07:00:00,31.25,119.75,-2.2,284.0
2024-01-23 08:00:00,31.25,119.75,-2.5,284.0
2024-01-23 09:00:00,31.25,119.75,-3.5,284.0
2024-01-23 10:00:00,31.25,119.75,-4.8,284.0
2024-01-23 11:00:00,31.25,119.75,-5.5,284.0
2024-01-23 12:00:00,31.25,119.75,-5.5,284.0
2024-01-23 13:00:00,31.25,119.75,-5.5,284.0
2024-01-23 14:00:00,31.25,119.75,-5.5,284.0
2024-01-23 15:00:00,31.25,119.75,-5.4,284.0
2024-01-23 16:00:00,31.25,119.75,-5.4,284.0
2024-01-23 17:00:00,31.25,119.75,-5.4,284.0
2024-01-23 18:00:00,31.25,119.75,-5.4,284.0
2024-01-23 19:00:00,31.25,119.75,-5.5,284.0
2024-01-23 20:00:00,31.25,119.75,-5.6,284.0
2024-01-23 21:00:00,31.25,119.75,-5.7,284.0
2024-01-23 22:00:00,31.25,119.75,-5.9,284.0
2024-01-23 23:00:00,31.25,119.75,-6.0,284.0
2024-01-24 00:00:00,31.25,119.75,-4.9,284.0
2024-01-24 01:00:00,31.25,119.75,-3.1,284.0
2024-01-24 02:00:00,31.25,119.75,-1.7,284.0
2024-01-24 03:00:00,31.25,119.75,-0.5,284.0
2024-01-24 04:00:00,31.25,119.75,0.4,284.0
2024-01-24 05:00:00,31.25,119.75,1.0,284.0
2024-01-24 06:00:00,31.25,119.75,1.3,284.0
2024-01-24 07:00:00,31.25,119.75,1.4,284.0
2024-01-24 08:00:00,31.25,119.75,0.9,284.0
2024-01-24 09:00:00,31.25,119.75,-1.0,284.0
2024-01-24 10:00:00,31.25,119.75,-2.8,284.0
2024-01-24 11:00:00,31.25,119.75,-3.3,284.0
2024-01-24 12:00:00,31.25,119.75,-3.6,284.0
2024-01-24 13:00:00,31.25,119.75,-3.7,284.0
2024-01-24 14:00:00,31.25,119.75,-3.7,284.0
2024-01-24 15:00:00,31.25,119.75,-3.7,284.0
2024-01-24 16:00:00,31.25,119.75,-3.8,284.0
2024-01-24 17:00:00,31.25,119.75,-3.9,284.0
2024-01-24 18:00:00,31.25,119.75,-3.8,284.0
2024-01-24 19:00:00,31.25,119.75,-3.4,284.0
2024-01-24 20:00:00,31.25,119.75,-3.2,284.0
2024-01-24 21:00:00,31.25,119.75,-3.1,284.0
2024-01-24 22:00:00,31.25,119.75,-3.1,284.0
2024-01-24 23:00:00,31.25,119.75,-3.6,284.0
2024-01-22 00:00:00,31.25,120.0,-1.2,1.0
2024-01-22 01:00:00,31.25,120.0,-1.3,1.0
2024-01-22 02:00:00,31.25,120.0,-1.3,1.0
2024-01-22 03:00:00,31.25,120.0,-0.9,1.0
2024-01-22 04:00:00,31.25,120.0,-0.6,1.0
2024-01-22 05:00:00,31.25,120.0,-0.4,1.0
2024-01-22 06:00:00,31.25,120.0,-0.7,1.0
2024-01-22 07:00:00,31.25,120.0,-1.0,1.0
2024-01-22 08:00:00,31.25,120.0,-1.2,1.0
2024-01-22 09:00:00,31.25,120.0,-1.5,1.0
2024-01-22 10:00:00,31.25,120.0,-1.7,1.0
2024-01-22 11:00:00,31.25,120.0,-1.8,1.0
2024-01-22 12:00:00,31.25,120.0,-2.0,1.0
2024-01-22 13:00:00,31.25,120.0,-2.1,1.0
2024-01-22 14:00:00,31.25,120.0,-2.4,1.0
2024-01-22 15:00:00,31.25,120.0,-2.6,1.0
2024-01-22 16:00:00,31.25,120.0,-2.8,1.0
2024-01-22 17:00:00,31.25,120.0,-2.9,1.0
2024-01-22 18:00:00,31.25,120.0,-3.3,1.0
2024-01-22 19:00:00,31.25,120.0,-3.5,1.0
2024-01-22 20:00:00,31.25,120.0,-3.9,1.0
2024-01-22 21:00:00,31.25,120.0,-4.2,1.0
2024-01-22 22:00:00,31.25,120.0,-4.6,1.0
2024-01-22 23:00:00,31.25,120.0,-5.1,1.0
2024-01-23 00:00:00,31.25,120.0,-5.0,1.0
2024-01-23 01:00:00,31.25,120.0,-4.4,1.0
2024-01-23 02:00:00,31.25,120.0,-3.5,1.0
2024-01-23 03:00:00,31.25,120.0,-2.5,1.0
2024-01-23 04:00:00,31.25,120.0,-1.7,1.0
2024-01-23 05:00:00,31.25,120.0,-0.9,1.0
2024-01-23 06:00:00,31.25,120.0,-0.5,1.0
2024-01-23 07:00:00,31.25,120.0,-0.2,1.0
2024-01-23 08:00:00,31.25,120.0,-0.3,1.0
2024-01-23 09:00:00,31.25,120.0,-1.0,1.0
2024-01-23 10:00:00,31.25,120.0,-2.0,1.0
2024-01-23 11:00:00,31.25,120.0,-2.5,1.0
2024-01-23 12:00:00,31.25,120.0,-2.6,1.0
2024-01-23 13:00:00,31.25,120.0,-2.7,1.0
2024-01-23 14:00:00,31.25,120.0,-2.6,1.0
2024-01-23 15:00:00,31.25,120.0,-2.6,1.0
2024-01-23 16:00:00,31.25,120.0,-2.6,1.0
2024-01-23 17:00:00,31.25,120.0,-2.6,1.0
2024-01-23 18:00:00,31.25,120.0,-2.7,1.0
2024-01-23 19:00:00,31.25,120.0,-2.8,1.0
2024-01-23 20:00:00,31.25,120.0,-2.8,1.0
2024-01-23 21:00:00,31.25,120.0,-2.9,1.0
2024-01-23 22:00:00,31.25,120.0,-3.0,1.0
2024-01-23 23:00:00,31.25,120.0,-3.1,1.0
2024-01-24 00:00:00,31.25,120.0,-2.5,1.0
2024-01-24 01:00:00,31.25,120.0,-1.3,1.0
2024-01-24 02:00:00,31.25,120.0,0.0,1.0
2024-01-24 03:00:00,31.25,120.0,1.1,1.0
2024-01-24 04:00:00,31.25,120.0,2.0,1.0
2024-01-24 05:00:00,31.25,120.0,2.6,1.0
2024-01-24 06:00:00,31.25,120.0,3.0,1.0
2024-01-24 07:00:00,31.25,120.0,3.2,1.0
2024-01-24 08:00:00,31.25,120.0,3.0,1.0
2024-01-24 09:00:00,31.25,120.0,1.9,1.0
2024-01-24 10:00:00,31.25,120.0,0.8,1.0
2024-01-24 11:00:00,31.25,120.0,0.3,1.0
2024-01-24 12:00:00,31.25,120.0,-0.2,1.0
2024-01-24 13:00:00,31.25,120.0,-0.5,1.0
2024-01-24 14:00:00,31.25,120.0,-0.5,1.0
2024-01-24 15:00:00,31.25,120.0,-0.6,1.0
2024-01-24 16:00:00,31.25,120.0,-0.7,1.0
2024-01-24 17:00:00,31.25,120.0,-0.8,1.0
2024-01-24 18:00:00,31.25,120.0,-0.8,1.0
2024-01-24 19:00:00,31.25,120.0,-0.5,1.0
2024-01-24 20:00:00,31.25,120.0,-0.4,1.0
2024-01-24 21:00:00,31.25,120.0,-0.4,1.0
2024-01-24 22:00:00,31.25,120.0,-0.3,1.0
2024-01-24 23:00:00,31.25,120.0,-0.6,1.0
2024-01-22 00:00:00,31.25,120.25,-0.8,1.0
2024-01-22 01:00:00,31.25,120.25,-0.9,1.0
2024-01-22 02:00:00,31.25,120.25,-0.9,1.0
2024-01-22 03:00:00,31.25,120.25,-0.7,1.0
2024-01-22 04:00:00,31.25,120.25,-0.6,1.0
2024-01-22 05:00:00,31.25,120.25,-0.6,1.0
2024-01-22 06:00:00,31.25,120.25,-0.7,1.0
2024-01-22 07:00:00,31.25,120.25,-0.7,1.0
2024-01-22 08:00:00,31.25,120.25,-0.7,1.0
2024-01-22 09:00:00,31.25,120.25,-0.7,1.0
2024-01-22 10:00:00,31.25,120.25,-0.8,1.0
2024-01-22 11:00:00,31.25,120.25,-0.8,1.0
2024-01-22 12:00:00,31.25,120.25,-1.1,1.0
2024-01-22 13:00:00,31.25,120.25,-1.3,1.0
2024-01-22 14:00:00,31.25,120.25,-1.5,1.0
2024-01-22 15:00:00,31.25,120.25,-1.6,1.0
2024-01-22 16:00:00,31.25,120.25,-1.8,1.0
2024-01-22 17:00:00,31.25,120.25,-1.8,1.0
2024-01-22 18:00:00,31.25,120.25,-2.2,1.0
2024-01-22 19:00:00,31.25,120.25,-2.5,1.0
2024-01-22 20:00:00,31.25,120.25,-2.8,1.0
2024-01-22 21:00:00,31.25,120.25,-3.0,1.0
2024-01-22 22:00:00,31.25,120.25,-3.2,1.0
2024-01-22 23:00:00,31.25,120.25,-3.5,1.0
2024-01-23 00:00:00,31.25,120.25,-3.6,1.0
2024-01-23 01:00:00,31.25,120.25,-3.6,1.0
2024-01-23 02:00:00,31.25,120.25,-3.3,1.0
2024-01-23 03:00:00,31.25,120.25,-2.8,1.0
2024-01-23 04:00:00,31.25,120.25,-2.2,1.0
2024-01-23 05:00:00,31.25,120.25,-1.5,1.0
2024-01-23 06:00:00,31.25,120.25,-1.0,1.0
2024-01-23 07:00:00,31.25,120.25,-0.5,1.0
2024-01-23 08:00:00,31.25,120.25,0.0,1.0
2024-01-23 09:00:00,31.25,120.25,0.1,1.0
2024-01-23 10:00:00,31.25,120.25,-0.1,1.0
2024-01-23 11:00:00,31.25,120.25,-0.2,1.0
2024-01-23 12:00:00,31.25,120.25,-0.2,1.0
2024-01-23 13:00:00,31.25,120.25,-0.5,1.0
2024-01-23 14:00:00,31.25,120.25,-0.4,1.0
2024-01-23 15:00:00,31.25,120.25,-0.3,1.0
2024-01-23 16:00:00,31.25,120.25,-0.3,1.0
2024-01-23 17:00:00,31.25,120.25,-0.3,1.0
2024-01-23 18:00:00,31.25,120.25,-0.3,1.0
2024-01-23 19:00:00,31.25,120.25,-0.4,1.0
2024-01-23 20:00:00,31.25,120.25,-0.4,1.0
2024-01-23 21:00:00,31.25,120.25,-0.5,1.0
2024-01-23 22:00:00,31.25,120.25,-0.5,1.0
2024-01-23 23:00:00,31.25,120.25,-0.6,1.0
2024-01-24 00:00:00,31.25,120.25,-0.6,1.0
2024-01-24 01:00:00,31.25,120.25,-0.5,1.0
2024-01-24 02:00:00,31.25,120.25,-0.3,1.0
2024-01-24 03:00:00,31.25,120.25,0.3,1.0
2024-01-24 04:00:00,31.25,120.25,0.9,1.0
2024-01-24 05:00:00,31.25,120.25,1.5,1.0
2024-01-24 06:00:00,31.25,120.25,2.0,1.0
2024-01-24 07:00:00,31.25,120.25,2.5,1.0
2024-01-24 08:00:00,31.25,120.25,2.9,1.0
2024-01-24 09:00:00,31.25,120.25,3.1,1.0
2024-01-24 10:00:00,31.25,120.25,3.2,1.0
2024-01-24 11:00:00,31.25,120.25,3.2,1.0
2024-01-24 12:00:00,31.25,120.25,3.0,1.0
2024-01-24 13:00:00,31.25,120.25,2.7,1.0
2024-01-24 14:00:00,31.25,120.25,2.5,1.0
2024-01-24 15:00:00,31.25,120.25,2.3,1.0
2024-01-24 16:00:00,31.25,120.25,2.1,1.0
2024-01-24 17:00:00,31.25,120.25,1.9,1.0
2024-01-24 18:00:00,31.25,120.25,1.9,1.0
2024-01-24 19:00:00,31.25,120.25,1.8,1.0
2024-01-24 20:00:00,31.25,120.25,1.7,1.0
2024-01-24 21:00:00,31.25,120.25,1.6,1.0
2024-01-24 22:00:00,31.25,120.25,1.6,1.0
2024-01-24 23:00:00,31.25,120.25,1.5,1.0
2024-01-22 00:00:00,31.25,120.5,-1.4,10.0
2024-01-22 01:00:00,31.25,120.5,-1.2,10.0
2024-01-22 02:00:00,31.25,120.5,-0.9,10.0
2024-01-22 03:00:00,31.25,120.5,-0.5,10.0
2024-01-22 04:00:00,31.25,120.5,-0.4,10.0
2024-01-22 05:00:00,31.25,120.5,-0.2,10.0
2024-01-22 06:00:00,31.25,120.5,-0.2,10.0
2024-01-22 07:00:00,31.25,120.5,-0.6,10.0
2024-01-22 08:00:00,31.25,120.5,-0.7,10.0
2024-01-22 09:00:00,31.25,120.5,-1.0,10.0
2024-01-22 10:00:00,31.25,120.5,-1.5,10.0
2024-01-22 11:00:00,31.25,120.5,-1.6,10.0
2024-01-22 12:00:00,31.25,120.5,-1.8,10.0
2024-01-22 13:00:00,31.25,120.5,-2.0,10.0
2024-01-22 14:00:00,31.25,120.5,-2.1,10.0
2024-01-22 15:00:00,31.25,120.5,-2.3,10.0
2024-01-22 16:00:00,31.25,120.5,-2.4,10.0
2024-01-22 17:00:00,31.25,120.5,-2.6,10.0
2024-01-22 18:00:00,31.25,120.5,-3.0,10.0
2024-01-22 19:00:00,31.25,120.5,-3.4,10.0
2024-01-22 20:00:00,31.25,120.5,-3.7,10.0
2024-01-22 21:00:00,31.25,120.5,-3.9,10.0
2024-01-22 22:00:00,31.25,120.5,-4.0,10.0
2024-01-22 23:00:00,31.25,120.5,-4.2,10.0
2024-01-23 00:00:00,31.25,120.5,-4.2,10.0
2024-01-23 01:00:00,31.25,120.5,-3.7,10.0
2024-01-23 02:00:00,31.25,120.5,-3.2,10.0
2024-01-23 03:00:00,31.25,120.5,-2.6,10.0
2024-01-23 04:00:00,31.25,120.5,-1.9,10.0
2024-01-23 05:00:00,31.25,120.5,-1.3,10.0
2024-01-23 06:00:00,31.25,120.5,-0.7,10.0
2024-01-23 07:00:00,31.25,120.5,-0.3,10.0
2024-01-23 08:00:00,31.25,120.5,-0.3,10.0
2024-01-23 09:00:00,31.25,120.5,-0.9,10.0
2024-01-23 10:00:00,31.25,120.5,-1.4,10.0
2024-01-23 11:00:00,31.25,120.5,-1.4,10.0
2024-01-23 12:00:00,31.25,120.5,-1.5,10.0
2024-01-23 13:00:00,31.25,120.5,-1.4,10.0
2024-01-23 14:00:00,31.25,120.5,-1.2,10.0
2024-01-23 15:00:00,31.25,120.5,-1.1,10.0
2024-01-23 16:00:00,31.25,120.5,-1.2,10.0
2024-01-23 17:00:00,31.25,120.5,-1.1,10.0
2024-01-23 18:00:00,31.25,120.5,-1.1,10.0
2024-01-23 19:00:00,31.25,120.5,-1.1,10.0
2024-01-23 20:00:00,31.25,120.5,-1.1,10.0
2024-01-23 21:00:00,31.25,120.5,-1.1,10.0
2024-01-23 22:00:00,31.25,120.5,-1.2,10.0
2024-01-23 23:00:00,31.25,120.5,-1.2,10.0
2024-01-24 00:00:00,31.25,120.5,-0.6,10.0
2024-01-24 01:00:00,31.25,120.5,-0.1,10.0
2024-01-24 02:00:00,31.25,120.5,0.4,10.0
2024-01-24 03:00:00,31.25,120.5,0.9,10.0
2024-01-24 04:00:00,31.25,120.5,1.4,10.0
2024-01-24 05:00:00,31.25,120.5,1.8,10.0
2024-01-24 06:00:00,31.25,120.5,2.3,10.0
2024-01-24 07:00:00,31.25,120.5,2.7,10.0
2024-01-24 08:00:00,31.25,120.5,2.9,10.0
2024-01-24 09:00:00,31.25,120.5,2.4,10.0
2024-01-24 10:00:00,31.25,120.5,1.6,10.0
2024-01-24 11:00:00,31.25,120.5,1.5,10.0
2024-01-24 12:00:00,31.25,120.5,1.2,10.0
2024-01-24 13:00:00,31.25,120.5,1.1,10.0
2024-01-24 14:00:00,31.25,120.5,1.1,10.0
2024-01-24 15:00:00,31.25,120.5,1.0,10.0
2024-01-24 16:00:00,31.25,120.5,0.9,10.0
2024-01-24 17:00:00,31.25,120.5,0.7,10.0
2024-01-24 18:00:00,31.25,120.5,0.7,10.0
2024-01-24 19:00:00,31.25,120.5,0.5,10.0
2024-01-24 20:00:00,31.25,120.5,0.6,10.0
2024-01-24 21:00:00,31.25,120.5,0.6,10.0
2024-01-24 22:00:00,31.25,120.5,0.5,10.0
2024-01-24 23:00:00,31.25,120.5,0.4,10.0
2024-01-22 00:00:00,31.25,120.75,-1.2,2.0
2024-01-22 01:00:00,31.25,120.75,-0.9,2.0
2024-01-22 02:00:00,31.25,120.75,-0.5,2.0
2024-01-22 03:00:00,31.25,120.75,0.0,2.0
2024-01-22 04:00:00,31.25,120.75,0.4,2.0
2024-01-22 05:00:00,31.25,120.75,0.3,2.0
2024-01-22 06:00:00,31.25,120.75,0.5,2.0
2024-01-22 07:00:00,31.25,120.75,-0.0,2.0
2024-01-22 08:00:00,31.25,120.75,-0.4,2.0
2024-01-22 09:00:00,31.25,120.75,-0.7,2.0
2024-01-22 10:00:00,31.25,120.75,-1.1,2.0
2024-01-22 11:00:00,31.25,120.75,-1.3,2.0
2024-01-22 12:00:00,31.25,120.75,-1.7,2.0
2024-01-22 13:00:00,31.25,120.75,-1.8,2.0
2024-01-22 14:00:00,31.25,120.75,-2.0,2.0
2024-01-22 15:00:00,31.25,120.75,-2.2,2.0
2024-01-22 16:00:00,31.25,120.75,-2.4,2.0
2024-01-22 17:00:00,31.25,120.75,-2.7,2.0
2024-01-22 18:00:00,31.25,120.75,-3.1,2.0
2024-01-22 19:00:00,31.25,120.75,-3.5,2.0
2024-01-22 20:00:00,31.25,120.75,-3.8,2.0
2024-01-22 21:00:00,31.25,120.75,-4.1,2.0
2024-01-22 22:00:00,31.25,120.75,-4.3,2.0
2024-01-22 23:00:00,31.25,120.75,-4.5,2.0
2024-01-23 00:00:00,31.25,120.75,-4.5,2.0
2024-01-23 01:00:00,31.25,120.75,-3.9,2.0
2024-01-23 02:00:00,31.25,120.75,-3.0,2.0
2024-01-23 03:00:00,31.25,120.75,-2.1,2.0
2024-01-23 04:00:00,31.25,120.75,-1.4,2.0
2024-01-23 05:00:00,31.25,120.75,-1.1,2.0
2024-01-23 06:00:00,31.25,120.75,-0.7,2.0
2024-01-23 07:00:00,31.25,120.75,-0.5,2.0
2024-01-23 08:00:00,31.25,120.75,-0.5,2.0
2024-01-23 09:00:00,31.25,120.75,-1.0,2.0
2024-01-23 10:00:00,31.25,120.75,-1.4,2.0
2024-01-23 11:00:00,31.25,120.75,-1.4,2.0
2024-01-23 12:00:00,31.25,120.75,-1.4,2.0
2024-01-23 13:00:00,31.25,120.75,-1.5,2.0
2024-01-23 14:00:00,31.25,120.75,-1.5,2.0
2024-01-23 15:00:00,31.25,120.75,-1.5,2.0
2024-01-23 16:00:00,31.25,120.75,-1.4,2.0
2024-01-23 17:00:00,31.25,120.75,-1.3,2.0
2024-01-23 18:00:00,31.25,120.75,-1.4,2.0
2024-01-23 19:00:00,31.25,120.75,-1.5,2.0
2024-01-23 20:00:00,31.25,120.75,-1.6,2.0
2024-01-23 21:00:00,31.25,120.75,-1.7,2.0
2024-01-23 22:00:00,31.25,120.75,-1.7,2.0
2024-01-23 23:00:00,31.25,120.75,-1.8,2.0
2024-01-24 00:00:00,31.25,120.75,-1.3,2.0
2024-01-24 01:00:00,31.25,120.75,-0.3,2.0
2024-01-24 02:00:00,31.25,120.75,0.6,2.0
2024-01-24 03:00:00,31.25,120.75,1.4,2.0
2024-01-24 04:00:00,31.25,120.75,2.2,2.0
2024-01-24 05:00:00,31.25,120.75,2.8,2.0
2024-01-24 06:00:00,31.25,120.75,3.5,2.0
2024-01-24 07:00:00,31.25,120.75,3.8,2.0
2024-01-24 08:00:00,31.25,120.75,3.7,2.0
2024-01-24 09:00:00,31.25,120.75,3.0,2.0
2024-01-24 10:00:00,31.25,120.75,2.3,2.0
2024-01-24 11:00:00,31.25,120.75,1.9,2.0
2024-01-24 12:00:00,31.25,120.75,1.6,2.0
2024-01-24 13:00:00,31.25,120.75,1.3,2.0
2024-01-24 14:00:00,31.25,120.75,1.0,2.0
2024-01-24 15:00:00,31.25,120.75,0.8,2.0
2024-01-24 16:00:00,31.25,120.75,0.6,2.0
2024-01-24 17:00:00,31.25,120.75,0.3,2.0
2024-01-24 18:00:00,31.25,120.75,0.1,2.0
2024-01-24 19:00:00,31.25,120.75,-0.2,2.0
2024-01-24 20:00:00,31.25,120.75,-0.2,2.0
2024-01-24 21:00:00,31.25,120.75,-0.1,2.0
2024-01-24 22:00:00,31.25,120.75,-0.1,2.0
2024-01-24 23:00:00,31.25,120.75,-0.0,2.0
2024-01-22 00:00:00,31.25,121.0,-1.0,6.0
2024-01-22 01:00:00,31.25,121.0,-0.7,6.0
2024-01-22 02:00:00,31.25,121.0,-0.4,6.0
2024-01-22 03:00:00,31.25,121.0,0.3,6.0
2024-01-22 04:00:00,31.25,121.0,0.4,6.0
2024-01-22 05:00:00,31.25,121.0,0.3,6.0
2024-01-22 06:00:00,31.25,121.0,0.4,6.0
2024-01-22 07:00:00,31.25,121.0,-0.1,6.0
2024-01-22 08:00:00,31.25,121.0,-0.5,6.0
2024-01-22 09:00:00,31.25,121.0,-0.8,6.0
2024-01-22 10:00:00,31.25,121.0,-1.2,6.0
2024-01-22 11:00:00,31.25,121.0,-1.3,6.0
2024-01-22 12:00:00,31.25,121.0,-1.6,6.0
2024-01-22 13:00:00,31.25,121.0,-1.9,6.0
2024-01-22 14:00:00,31.25,121.0,-2.3,6.0
2024-01-22 15:00:00,31.25,121.0,-2.7,6.0
2024-01-22 16:00:00,31.25,121.0,-2.9,6.0
2024-01-22 17:00:00,31.25,121.0,-3.2,6.0
2024-01-22 18:00:00,31.25,121.0,-3.8,6.0
2024-01-22 19:00:00,31.25,121.0,-4.1,6.0
2024-01-22 20:00:00,31.25,121.0,-4.5,6.0
2024-01-22 21:00:00,31.25,121.0,-4.8,6.0
2024-01-22 22:00:00,31.25,121.0,-5.0,6.0
2024-01-22 23:00:00,31.25,121.0,-5.3,6.0
2024-01-23 00:00:00,31.25,121.0,-4.9,6.0
2024-01-23 01:00:00,31.25,121.0,-4.0,6.0
2024-01-23 02:00:00,31.25,121.0,-2.8,6.0
2024-01-23 03:00:00,31.25,121.0,-1.8,6.0
2024-01-23 04:00:00,31.25,121.0,-1.1,6.0
2024-01-23 05:00:00,31.25,121.0,-0.6,6.0
2024-01-23 06:00:00,31.25,121.0,-0.3,6.0
2024-01-23 07:00:00,31.25,121.0,-0.4,6.0
2024-01-23 08:00:00,31.25,121.0,-0.7,6.0
2024-01-23 09:00:00,31.25,121.0,-1.7,6.0
2024-01-23 10:00:00,31.25,121.0,-2.7,6.0
2024-01-23 11:00:00,31.25,121.0,-2.9,6.0
2024-01-23 12:00:00,31.25,121.0,-3.1,6.0
2024-01-23 13:00:00,31.25,121.0,-3.3,6.0
2024-01-23 14:00:00,31.25,121.0,-3.4,6.0
2024-01-23 15:00:00,31.25,121.0,-3.1,6.0
2024-01-23 16:00:00,31.25,121.0,-3.1,6.0
2024-01-23 17:00:00,31.25,121.0,-3.1,6.0
2024-01-23 18:00:00,31.25,121.0,-3.1,6.0
2024-01-23 19:00:00,31.25,121.0,-3.1,6.0
2024-01-23 20:00:00,31.25,121.0,-3.2,6.0
2024-01-23 21:00:00,31.25,121.0,-3.3,6.0
2024-01-23 22:00:00,31.25,121.0,-3.3,6.0
2024-01-23 23:00:00,31.25,121.0,-3.5,6.0
2024-01-24 00:00:00,31.25,121.0,-2.4,6.0
2024-01-24 01:00:00,31.25,121.0,-0.8,6.0
2024-01-24 02:00:00,31.25,121.0,0.5,6.0
2024-01-24 03:00:00,31.25,121.0,1.7,6.0
2024-01-24 04:00:00,31.25,121.0,2.7,6.0
2024-01-24 05:00:00,31.25,121.0,3.4,6.0
2024-01-24 06:00:00,31.25,121.0,3.7,6.0
2024-01-24 07:00:00,31.25,121.0,3.7,6.0
2024-01-24 08:00:00,31.25,121.0,3.3,6.0
2024-01-24 09:00:00,31.25,121.0,1.5,6.0
2024-01-24 10:00:00,31.25,121.0,-0.6,6.0
2024-01-24 11:00:00,31.25,121.0,-1.3,6.0
2024-01-24 12:00:00,31.25,121.0,-1.5,6.0
2024-01-24 13:00:00,31.25,121.0,-1.6,6.0
2024-01-24 14:00:00,31.25,121.0,-1.8,6.0
2024-01-24 15:00:00,31.25,121.0,-1.9,6.0
2024-01-24 16:00:00,31.25,121.0,-2.0,6.0
2024-01-24 17:00:00,31.25,121.0,-2.1,6.0
2024-01-24 18:00:00,31.25,121.0,-2.0,6.0
2024-01-24 19:00:00,31.25,121.0,-2.1,6.0
2024-01-24 20:00:00,31.25,121.0,-2.0,6.0
2024-01-24 21:00:00,31.25,121.0,-1.7,6.0
2024-01-24 22:00:00,31.25,121.0,-1.4,6.0
2024-01-24 23:00:00,31.25,121.0,-1.4,6.0
2024-01-22 00:00:00,31.25,121.25,-0.4,2.0
2024-01-22 01:00:00,31.25,121.25,-0.2,2.0
2024-01-22 02:00:00,31.25,121.25,0.4,2.0
2024-01-22 03:00:00,31.25,121.25,0.8,2.0
2024-01-22 04:00:00,31.25,121.25,1.1,2.0
2024-01-22 05:00:00,31.25,121.25,1.1,2.0
2024-01-22 06:00:00,31.25,121.25,1.1,2.0
2024-01-22 07:00:00,31.25,121.25,0.9,2.0
2024-01-22 08:00:00,31.25,121.25,0.4,2.0
2024-01-22 09:00:00,31.25,121.25,-0.1,2.0
2024-01-22 10:00:00,31.25,121.25,-0.2,2.0
2024-01-22 11:00:00,31.25,121.25,-0.3,2.0
2024-01-22 12:00:00,31.25,121.25,-0.9,2.0
2024-01-22 13:00:00,31.25,121.25,-1.2,2.0
2024-01-22 14:00:00,31.25,121.25,-1.4,2.0
2024-01-22 15:00:00,31.25,121.25,-1.5,2.0
2024-01-22 16:00:00,31.25,121.25,-1.7,2.0
2024-01-22 17:00:00,31.25,121.25,-2.2,2.0
2024-01-22 18:00:00,31.25,121.25,-2.4,2.0
2024-01-22 19:00:00,31.25,121.25,-2.9,2.0
2024-01-22 20:00:00,31.25,121.25,-3.2,2.0
2024-01-22 21:00:00,31.25,121.25,-3.4,2.0
2024-01-22 22:00:00,31.25,121.25,-3.5,2.0
2024-01-22 23:00:00,31.25,121.25,-3.7,2.0
2024-01-23 00:00:00,31.25,121.25,-3.7,2.0
2024-01-23 01:00:00,31.25,121.25,-3.2,2.0
2024-01-23 02:00:00,31.25,121.25,-2.4,2.0
2024-01-23 03:00:00,31.25,121.25,-1.7,2.0
2024-01-23 04:00:00,31.25,121.25,-1.1,2.0
2024-01-23 05:00:00,31.25,121.25,-0.5,2.0
2024-01-23 06:00:00,31.25,121.25,-0.2,2.0
2024-01-23 07:00:00,31.25,121.25,-0.0,2.0
2024-01-23 08:00:00,31.25,121.25,-0.2,2.0
2024-01-23 09:00:00,31.25,121.25,-0.5,2.0
2024-01-23 10:00:00,31.25,121.25,-0.9,2.0
2024-01-23 11:00:00,31.25,121.25,-1.0,2.0
2024-01-23 12:00:00,31.25,121.25,-1.1,2.0
2024-01-23 13:00:00,31.25,121.25,-1.2,2.0
2024-01-23 14:00:00,31.25,121.25,-1.2,2.0
2024-01-23 15:00:00,31.25,121.25,-1.4,2.0
2024-01-23 16:00:00,31.25,121.25,-1.5,2.0
2024-01-23 17:00:00,31.25,121.25,-1.5,2.0
2024-01-23 18:00:00,31.25,121.25,-1.5,2.0
2024-01-23 19:00:00,31.25,121.25,-1.6,2.0
2024-01-23 20:00:00,31.25,121.25,-1.7,2.0
2024-01-23 21:00:00,31.25,121.25,-1.8,2.0
2024-01-23 22:00:00,31.25,121.25,-1.8,2.0
2024-01-23 23:00:00,31.25,121.25,-1.8,2.0
2024-01-24 00:00:00,31.25,121.25,-1.5,2.0
2024-01-24 01:00:00,31.25,121.25,-0.7,2.0
2024-01-24 02:00:00,31.25,121.25,0.4,2.0
2024-01-24 03:00:00,31.25,121.25,1.4,2.0
2024-01-24 04:00:00,31.25,121.25,2.3,2.0
2024-01-24 05:00:00,31.25,121.25,3.2,2.0
2024-01-24 06:00:00,31.25,121.25,3.9,2.0
2024-01-24 07:00:00,31.25,121.25,4.2,2.0
2024-01-24 08:00:00,31.25,121.25,3.9,2.0
2024-01-24 09:00:00,31.25,121.25,3.4,2.0
2024-01-24 10:00:00,31.25,121.25,2.8,2.0
2024-01-24 11:00:00,31.25,121.25,2.5,2.0
2024-01-24 12:00:00,31.25,121.25,2.2,2.0
2024-01-24 13:00:00,31.25,121.25,1.7,2.0
2024-01-24 14:00:00,31.25,121.25,1.3,2.0
2024-01-24 15:00:00,31.25,121.25,0.9,2.0
2024-01-24 16:00:00,31.25,121.25,0.7,2.0
2024-01-24 17:00:00,31.25,121.25,0.4,2.0
2024-01-24 18:00:00,31.25,121.25,0.2,2.0
2024-01-24 19:00:00,31.25,121.25,0.0,2.0
2024-01-24 20:00:00,31.25,121.25,-0.1,2.0
2024-01-24 21:00:00,31.25,121.25,-0.0,2.0
2024-01-24 22:00:00,31.25,121.25,0.0,2.0
2024-01-24 23:00:00,31.25,121.25,0.0,2.0
2024-01-22 00:00:00,31.25,121.5,0.1,4.0
2024-01-22 01:00:00,31.25,121.5,0.2,4.0
2024-01-22 02:00:00,31.25,121.5,0.8,4.0
2024-01-22 03:00:00,31.25,121.5,0.9,4.0
2024-01-22 04:00:00,31.25,121.5,0.9,4.0
2024-01-22 05:00:00,31.25,121.5,1.1,4.0
2024-01-22 06:00:00,31.25,121.5,1.0,4.0
2024-01-22 07:00:00,31.25,121.5,1.0,4.0
2024-01-22 08:00:00,31.25,121.5,0.6,4.0
2024-01-22 09:00:00,31.25,121.5,0.3,4.0
2024-01-22 10:00:00,31.25,121.5,0.0,4.0
2024-01-22 11:00:00,31.25,121.5,-0.3,4.0
2024-01-22 12:00:00,31.25,121.5,-0.7,4.0
2024-01-22 13:00:00,31.25,121.5,-1.0,4.0
2024-01-22 14:00:00,31.25,121.5,-1.2,4.0
2024-01-22 15:00:00,31.25,121.5,-1.4,4.0
2024-01-22 16:00:00,31.25,121.5,-1.7,4.0
2024-01-22 17:00:00,31.25,121.5,-1.9,4.0
2024-01-22 18:00:00,31.25,121.5,-2.3,4.0
2024-01-22 19:00:00,31.25,121.5,-2.5,4.0
2024-01-22 20:00:00,31.25,121.5,-2.9,4.0
2024-01-22 21:00:00,31.25,121.5,-3.1,4.0
2024-01-22 22:00:00,31.25,121.5,-3.3,4.0
2024-01-22 23:00:00,31.25,121.5,-3.5,4.0
2024-01-23 00:00:00,31.25,121.5,-3.4,4.0
2024-01-23 01:00:00,31.25,121.5,-2.9,4.0
2024-01-23 02:00:00,31.25,121.5,-2.1,4.0
2024-01-23 03:00:00,31.25,121.5,-1.5,4.0
2024-01-23 04:00:00,31.25,121.5,-1.1,4.0
2024-01-23 05:00:00,31.25,121.5,-0.7,4.0
2024-01-23 06:00:00,31.25,121.5,-0.3,4.0
2024-01-23 07:00:00,31.25,121.5,-0.2,4.0
2024-01-23 08:00:00,31.25,121.5,-0.3,4.0
2024-01-23 09:00:00,31.25,121.5,-0.5,4.0
2024-01-23 10:00:00,31.25,121.5,-0.9,4.0
2024-01-23 11:00:00,31.25,121.5,-0.9,4.0
2024-01-23 12:00:00,31.25,121.5,-0.9,4.0
2024-01-23 13:00:00,31.25,121.5,-1.1,4.0
2024-01-23 14:00:00,31.25,121.5,-1.3,4.0
2024-01-23 15:00:00,31.25,121.5,-1.4,4.0
2024-01-23 16:00:00,31.25,121.5,-1.4,4.0
2024-01-23 17:00:00,31.25,121.5,-1.5,4.0
2024-01-23 18:00:00,31.25,121.5,-1.6,4.0
2024-01-23 19:00:00,31.25,121.5,-1.7,4.0
2024-01-23 20:00:00,31.25,121.5,-1.8,4.0
2024-01-23 21:00:00,31.25,121.5,-1.8,4.0
2024-01-23 22:00:00,31.25,121.5,-1.8,4.0
2024-01-23 23:00:00,31.25,121.5,-1.8,4.0
2024-01-24 00:00:00,31.25,121.5,-1.5,4.0
2024-01-24 01:00:00,31.25,121.5,-0.6,4.0
2024-01-24 02:00:00,31.25,121.5,0.5,4.0
2024-01-24 03:00:00,31.25,121.5,1.5,4.0
2024-01-24 04:00:00,31.25,121.5,2.3,4.0
2024-01-24 05:00:00,31.25,121.5,2.9,4.0
2024-01-24 06:00:00,31.25,121.5,3.6,4.0
2024-01-24 07:00:00,31.25,121.5,3.6,4.0
2024-01-24 08:00:00,31.25,121.5,3.4,4.0
2024-01-24 09:00:00,31.25,121.5,3.1,4.0
2024-01-24 10:00:00,31.25,121.5,2.7,4.0
2024-01-24 11:00:00,31.25,121.5,2.4,4.0
2024-01-24 12:00:00,31.25,121.5,2.0,4.0
2024-01-24 13:00:00,31.25,121.5,1.6,4.0
2024-01-24 14:00:00,31.25,121.5,1.3,4.0
2024-01-24 15:00:00,31.25,121.5,0.9,4.0
2024-01-24 16:00:00,31.25,121.5,0.6,4.0
2024-01-24 17:00:00,31.25,121.5,0.4,4.0
2024-01-24 18:00:00,31.25,121.5,0.2,4.0
2024-01-24 19:00:00,31.25,121.5,-0.0,4.0
2024-01-24 20:00:00,31.25,121.5,-0.1,4.0
2024-01-24 21:00:00,31.25,121.5,-0.0,4.0
2024-01-24 22:00:00,31.25,121.5,0.1,4.0
2024-01-24 23:00:00,31.25,121.5,0.0,4.0
2024-01-22 00:00:00,31.25,121.75,0.7,2.0
2024-01-22 01:00:00,31.25,121.75,0.2,2.0
2024-01-22 02:00:00,31.25,121.75,0.8,2.0
2024-01-22 03:00:00,31.25,121.75,1.0,2.0
2024-01-22 04:00:00,31.25,121.75,1.2,2.0
2024-01-22 05:00:00,31.25,121.75,1.6,2.0
2024-01-22 06:00:00,31.25,121.75,1.2,2.0
2024-01-22 07:00:00,31.25,121.75,1.4,2.0
2024-01-22 08:00:00,31.25,121.75,1.2,2.0
2024-01-22 09:00:00,31.25,121.75,0.6,2.0
2024-01-22 10:00:00,31.25,121.75,0.1,2.0
2024-01-22 11:00:00,31.25,121.75,-0.2,2.0
2024-01-22 12:00:00,31.25,121.75,-0.5,2.0
2024-01-22 13:00:00,31.25,121.75,-1.0,2.0
2024-01-22 14:00:00,31.25,121.75,-1.1,2.0
2024-01-22 15:00:00,31.25,121.75,-1.2,2.0
2024-01-22 16:00:00,31.25,121.75,-1.5,2.0
2024-01-22 17:00:00,31.25,121.75,-1.7,2.0
2024-01-22 18:00:00,31.25,121.75,-2.1,2.0
2024-01-22 19:00:00,31.25,121.75,-2.4,2.0
2024-01-22 20:00:00,31.25,121.75,-2.7,2.0
2024-01-22 21:00:00,31.25,121.75,-2.9,2.0
2024-01-22 22:00:00,31.25,121.75,-3.0,2.0
2024-01-22 23:00:00,31.25,121.75,-3.0,2.0
2024-01-23 00:00:00,31.25,121.75,-3.1,2.0
2024-01-23 01:00:00,31.25,121.75,-2.6,2.0
2024-01-23 02:00:00,31.25,121.75,-2.1,2.0
2024-01-23 03:00:00,31.25,121.75,-1.6,2.0
2024-01-23 04:00:00,31.25,121.75,-1.2,2.0
2024-01-23 05:00:00,31.25,121.75,-0.9,2.0
2024-01-23 06:00:00,31.25,121.75,-0.4,2.0
2024-01-23 07:00:00,31.25,121.75,-0.2,2.0
2024-01-23 08:00:00,31.25,121.75,-0.1,2.0
2024-01-23 09:00:00,31.25,121.75,-0.4,2.0
2024-01-23 10:00:00,31.25,121.75,-0.6,2.0
2024-01-23 11:00:00,31.25,121.75,-0.6,2.0
2024-01-23 12:00:00,31.25,121.75,-0.7,2.0
2024-01-23 13:00:00,31.25,121.75,-0.8,2.0
2024-01-23 14:00:00,31.25,121.75,-1.0,2.0
2024-01-23 15:00:00,31.25,121.75,-1.2,2.0
2024-01-23 16:00:00,31.25,121.75,-1.3,2.0
2024-01-23 17:00:00,31.25,121.75,-1.3,2.0
2024-01-23 18:00:00,31.25,121.75,-1.4,2.0
2024-01-23 19:00:00,31.25,121.75,-1.5,2.0
2024-01-23 20:00:00,31.25,121.75,-1.5,2.0
2024-01-23 21:00:00,31.25,121.75,-1.4,2.0
2024-01-23 22:00:00,31.25,121.75,-1.3,2.0
2024-01-23 23:00:00,31.25,121.75,-1.4,2.0
2024-01-24 00:00:00,31.25,121.75,-1.0,2.0
2024-01-24 01:00:00,31.25,121.75,-0.2,2.0
2024-01-24 02:00:00,31.25,121.75,0.6,2.0
2024-01-24 03:00:00,31.25,121.75,1.5,2.0
2024-01-24 04:00:00,31.25,121.75,2.2,2.0
2024-01-24 05:00:00,31.25,121.75,2.8,2.0
2024-01-24 06:00:00,31.25,121.75,3.2,2.0
2024-01-24 07:00:00,31.25,121.75,3.3,2.0
2024-01-24 08:00:00,31.25,121.75,3.3,2.0
2024-01-24 09:00:00,31.25,121.75,3.1,2.0
2024-01-24 10:00:00,31.25,121.75,2.8,2.0
2024-01-24 11:00:00,31.25,121.75,2.4,2.0
2024-01-24 12:00:00,31.25,121.75,1.9,2.0
2024-01-24 13:00:00,31.25,121.75,1.8,2.0
2024-01-24 14:00:00,31.25,121.75,1.6,2.0
2024-01-24 15:00:00,31.25,121.75,1.3,2.0
2024-01-24 16:00:00,31.25,121.75,0.9,2.0
2024-01-24 17:00:00,31.25,121.75,0.8,2.0
2024-01-24 18:00:00,31.25,121.75,0.6,2.0
2024-01-24 19:00:00,31.25,121.75,0.5,2.0
2024-01-24 20:00:00,31.25,121.75,0.3,2.0
2024-01-24 21:00:00,31.25,121.75,0.4,2.0
2024-01-24 22:00:00,31.25,121.75,0.5,2.0
2024-01-24 23:00:00,31.25,121.75,0.4,2.0
2024-01-22 00:00:00,31.25,122.0,2.2,0.0
2024-01-22 01:00:00,31.25,122.0,2.0,0.0
2024-01-22 02:00:00,31.25,122.0,1.7,0.0
2024-01-22 03:00:00,31.25,122.0,1.6,0.0
2024-01-22 04:00:00,31.25,122.0,1.5,0.0
2024-01-22 05:00:00,31.25,122.0,1.8,0.0
2024-01-22 06:00:00,31.25,122.0,1.8,0.0
2024-01-22 07:00:00,31.25,122.0,1.7,0.0
2024-01-22 08:00:00,31.25,122.0,1.5,0.0
2024-01-22 09:00:00,31.25,122.0,1.2,0.0
2024-01-22 10:00:00,31.25,122.0,1.0,0.0
2024-01-22 11:00:00,31.25,122.0,0.8,0.0
2024-01-22 12:00:00,31.25,122.0,0.3,0.0
2024-01-22 13:00:00,31.25,122.0,0.3,0.0
2024-01-22 14:00:00,31.25,122.0,-0.6,0.0
2024-01-22 15:00:00,31.25,122.0,-0.8,0.0
2024-01-22 16:00:00,31.25,122.0,-0.5,0.0
2024-01-22 17:00:00,31.25,122.0,-1.1,0.0
2024-01-22 18:00:00,31.25,122.0,-1.2,0.0
2024-01-22 19:00:00,31.25,122.0,-1.2,0.0
2024-01-22 20:00:00,31.25,122.0,-1.5,0.0
2024-01-22 21:00:00,31.25,122.0,-1.7,0.0
2024-01-22 22:00:00,31.25,122.0,-1.8,0.0
2024-01-22 23:00:00,31.25,122.0,-2.1,0.0
2024-01-23 00:00:00,31.25,122.0,-2.3,0.0
2024-01-23 01:00:00,31.25,122.0,-2.2,0.0
2024-01-23 02:00:00,31.25,122.0,-2.1,0.0
2024-01-23 03:00:00,31.25,122.0,-1.9,0.0
2024-01-23 04:00:00,31.25,122.0,-1.7,0.0
2024-01-23 05:00:00,31.25,122.0,-1.1,0.0
2024-01-23 06:00:00,31.25,122.0,-0.4,0.0
2024-01-23 07:00:00,31.25,122.0,0.3,0.0
2024-01-23 08:00:00,31.25,122.0,0.6,0.0
2024-01-23 09:00:00,31.25,122.0,0.5,0.0
2024-01-23 10:00:00,31.25,122.0,0.3,0.0
2024-01-23 11:00:00,31.25,122.0,0.1,0.0
2024-01-23 12:00:00,31.25,122.0,-0.1,0.0
2024-01-23 13:00:00,31.25,122.0,-0.2,0.0
2024-01-23 14:00:00,31.25,122.0,-0.2,0.0
2024-01-23 15:00:00,31.25,122.0,-0.2,0.0
2024-01-23 16:00:00,31.25,122.0,-0.1,0.0
2024-01-23 17:00:00,31.25,122.0,0.3,0.0
2024-01-23 18:00:00,31.25,122.0,0.3,0.0
2024-01-23 19:00:00,31.25,122.0,0.2,0.0
2024-01-23 20:00:00,31.25,122.0,0.1,0.0
2024-01-23 21:00:00,31.25,122.0,-0.1,0.0
2024-01-23 22:00:00,31.25,122.0,-0.3,0.0
2024-01-23 23:00:00,31.25,122.0,-0.3,0.0
2024-01-24 00:00:00,31.25,122.0,-0.4,0.0
2024-01-24 01:00:00,31.25,122.0,-0.3,0.0
2024-01-24 02:00:00,31.25,122.0,0.0,0.0
2024-01-24 03:00:00,31.25,122.0,0.4,0.0
2024-01-24 04:00:00,31.25,122.0,0.9,0.0
2024-01-24 05:00:00,31.25,122.0,1.6,0.0
2024-01-24 06:00:00,31.25,122.0,2.5,0.0
2024-01-24 07:00:00,31.25,122.0,3.3,0.0
2024-01-24 08:00:00,31.25,122.0,3.4,0.0
2024-01-24 09:00:00,31.25,122.0,3.3,0.0
2024-01-24 10:00:00,31.25,122.0,3.1,0.0
2024-01-24 11:00:00,31.25,122.0,3.1,0.0
2024-01-24 12:00:00,31.25,122.0,3.2,0.0
2024-01-24 13:00:00,31.25,122.0,3.2,0.0
2024-01-24 14:00:00,31.25,122.0,3.2,0.0
2024-01-24 15:00:00,31.25,122.0,3.2,0.0
2024-01-24 16:00:00,31.25,122.0,3.0,0.0
2024-01-24 17:00:00,31.25,122.0,2.9,0.0
2024-01-24 18:00:00,31.25,122.0,2.8,0.0
2024-01-24 19:00:00,31.25,122.0,2.7,0.0
2024-01-24 20:00:00,31.25,122.0,2.6,0.0
2024-01-24 21:00:00,31.25,122.0,2.6,0.0
2024-01-24 22:00:00,31.25,122.0,2.6,0.0
2024-01-24 23:00:00,31.25,122.0,2.6,0.0
2024-01-22 00:00:00,31.5,116.5,-2.5,119.0
2024-01-22 01:00:00,31.5,116.5,-2.4,119.0
2024-01-22 02:00:00,31.5,116.5,-2.0,119.0
2024-01-22 03:00:00,31.5,116.5,-2.1,119.0
2024-01-22 04:00:00,31.5,116.5,-1.5,119.0
2024-01-22 05:00:00,31.5,116.5,-1.2,119.0
2024-01-22 06:00:00,31.5,116.5,-1.4,119.0
2024-01-22 07:00:00,31.5,116.5,-1.6,119.0
2024-01-22 08:00:00,31.5,116.5,-2.0,119.0
2024-01-22 09:00:00,31.5,116.5,-2.6,119.0
2024-01-22 10:00:00,31.5,116.5,-2.9,119.0
2024-01-22 11:00:00,31.5,116.5,-3.0,119.0
2024-01-22 12:00:00,31.5,116.5,-3.2,119.0
2024-01-22 13:00:00,31.5,116.5,-3.4,119.0
2024-01-22 14:00:00,31.5,116.5,-3.6,119.0
2024-01-22 15:00:00,31.5,116.5,-3.8,119.0
2024-01-22 16:00:00,31.5,116.5,-4.1,119.0
2024-01-22 17:00:00,31.5,116.5,-4.2,119.0
2024-01-22 18:00:00,31.5,116.5,-4.5,119.0
2024-01-22 19:00:00,31.5,116.5,-4.7,119.0
2024-01-22 20:00:00,31.5,116.5,-4.9,119.0
2024-01-22 21:00:00,31.5,116.5,-5.1,119.0
2024-01-22 22:00:00,31.5,116.5,-5.3,119.0
2024-01-22 23:00:00,31.5,116.5,-5.4,119.0
2024-01-23 00:00:00,31.5,116.5,-5.4,119.0
2024-01-23 01:00:00,31.5,116.5,-4.8,119.0
2024-01-23 02:00:00,31.5,116.5,-3.9,119.0
2024-01-23 03:00:00,31.5,116.5,-3.0,119.0
2024-01-23 04:00:00,31.5,116.5,-2.1,119.0
2024-01-23 05:00:00,31.5,116.5,-1.4,119.0
2024-01-23 06:00:00,31.5,116.5,-1.0,119.0
2024-01-23 07:00:00,31.5,116.5,-0.8,119.0
2024-01-23 08:00:00,31.5,116.5,-1.0,119.0
2024-01-23 09:00:00,31.5,116.5,-1.6,119.0
2024-01-23 10:00:00,31.5,116.5,-2.9,119.0
2024-01-23 11:00:00,31.5,116.5,-3.3,119.0
2024-01-23 12:00:00,31.5,116.5,-3.3,119.0
2024-01-23 13:00:00,31.5,116.5,-3.3,119.0
2024-01-23 14:00:00,31.5,116.5,-3.3,119.0
2024-01-23 15:00:00,31.5,116.5,-3.4,119.0
2024-01-23 16:00:00,31.5,116.5,-3.4,119.0
2024-01-23 17:00:00,31.5,116.5,-3.4,119.0
2024-01-23 18:00:00,31.5,116.5,-3.5,119.0
2024-01-23 19:00:00,31.5,116.5,-3.5,119.0
2024-01-23 20:00:00,31.5,116.5,-3.5,119.0
2024-01-23 21:00:00,31.5,116.5,-3.4,119.0
2024-01-23 22:00:00,31.5,116.5,-3.4,119.0
2024-01-23 23:00:00,31.5,116.5,-3.4,119.0
2024-01-24 00:00:00,31.5,116.5,-2.9,119.0
2024-01-24 01:00:00,31.5,116.5,-1.7,119.0
2024-01-24 02:00:00,31.5,116.5,-0.6,119.0
2024-01-24 03:00:00,31.5,116.5,0.5,119.0
2024-01-24 04:00:00,31.5,116.5,1.3,119.0
2024-01-24 05:00:00,31.5,116.5,2.1,119.0
2024-01-24 06:00:00,31.5,116.5,2.5,119.0
2024-01-24 07:00:00,31.5,116.5,2.7,119.0
2024-01-24 08:00:00,31.5,116.5,2.6,119.0
2024-01-24 09:00:00,31.5,116.5,1.6,119.0
2024-01-24 10:00:00,31.5,116.5,-0.1,119.0
2024-01-24 11:00:00,31.5,116.5,-0.4,119.0
2024-01-24 12:00:00,31.5,116.5,-0.6,119.0
2024-01-24 13:00:00,31.5,116.5,-0.9,119.0
2024-01-24 14:00:00,31.5,116.5,-1.0,119.0
2024-01-24 15:00:00,31.5,116.5,-1.0,119.0
2024-01-24 16:00:00,31.5,116.5,-1.1,119.0
2024-01-24 17:00:00,31.5,116.5,-1.1,119.0
2024-01-24 18:00:00,31.5,116.5,-0.8,119.0
2024-01-24 19:00:00,31.5,116.5,-1.2,119.0
2024-01-24 20:00:00,31.5,116.5,-1.4,119.0
2024-01-24 21:00:00,31.5,116.5,-1.4,119.0
2024-01-24 22:00:00,31.5,116.5,-1.4,119.0
2024-01-24 23:00:00,31.5,116.5,-1.4,119.0
2024-01-22 00:00:00,31.5,116.75,-2.4,45.0
2024-01-22 01:00:00,31.5,116.75,-2.1,45.0
2024-01-22 02:00:00,31.5,116.75,-1.4,45.0
2024-01-22 03:00:00,31.5,116.75,-1.4,45.0
2024-01-22 04:00:00,31.5,116.75,-0.9,45.0
2024-01-22 05:00:00,31.5,116.75,-0.4,45.0
2024-01-22 06:00:00,31.5,116.75,-0.6,45.0
2024-01-22 07:00:00,31.5,116.75,-0.9,45.0
2024-01-22 08:00:00,31.5,116.75,-1.4,45.0
2024-01-22 09:00:00,31.5,116.75,-1.9,45.0
2024-01-22 10:00:00,31.5,116.75,-2.2,45.0
2024-01-22 11:00:00,31.5,116.75,-2.3,45.0
2024-01-22 12:00:00,31.5,116.75,-2.5,45.0
2024-01-22 13:00:00,31.5,116.75,-2.6,45.0
2024-01-22 14:00:00,31.5,116.75,-3.0,45.0
2024-01-22 15:00:00,31.5,116.75,-3.1,45.0
2024-01-22 16:00:00,31.5,116.75,-3.4,45.0
2024-01-22 17:00:00,31.5,116.75,-3.5,45.0
2024-01-22 18:00:00,31.5,116.75,-3.8,45.0
2024-01-22 19:00:00,31.5,116.75,-3.9,45.0
2024-01-22 20:00:00,31.5,116.75,-4.1,45.0
2024-01-22 21:00:00,31.5,116.75,-4.4,45.0
2024-01-22 22:00:00,31.5,116.75,-4.7,45.0
2024-01-22 23:00:00,31.5,116.75,-4.8,45.0
2024-01-23 00:00:00,31.5,116.75,-4.9,45.0
2024-01-23 01:00:00,31.5,116.75,-4.2,45.0
2024-01-23 02:00:00,31.5,116.75,-3.3,45.0
2024-01-23 03:00:00,31.5,116.75,-2.3,45.0
2024-01-23 04:00:00,31.5,116.75,-1.4,45.0
2024-01-23 05:00:00,31.5,116.75,-0.6,45.0
2024-01-23 06:00:00,31.5,116.75,-0.4,45.0
2024-01-23 07:00:00,31.5,116.75,-0.3,45.0
2024-01-23 08:00:00,31.5,116.75,-0.5,45.0
2024-01-23 09:00:00,31.5,116.75,-1.2,45.0
2024-01-23 10:00:00,31.5,116.75,-2.7,45.0
2024-01-23 11:00:00,31.5,116.75,-3.0,45.0
2024-01-23 12:00:00,31.5,116.75,-3.1,45.0
2024-01-23 13:00:00,31.5,116.75,-3.1,45.0
2024-01-23 14:00:00,31.5,116.75,-3.1,45.0
2024-01-23 15:00:00,31.5,116.75,-3.2,45.0
2024-01-23 16:00:00,31.5,116.75,-3.2,45.0
2024-01-23 17:00:00,31.5,116.75,-3.2,45.0
2024-01-23 18:00:00,31.5,116.75,-3.2,45.0
2024-01-23 19:00:00,31.5,116.75,-3.2,45.0
2024-01-23 20:00:00,31.5,116.75,-3.2,45.0
2024-01-23 21:00:00,31.5,116.75,-3.2,45.0
2024-01-23 22:00:00,31.5,116.75,-3.2,45.0
2024-01-23 23:00:00,31.5,116.75,-3.2,45.0
2024-01-24 00:00:00,31.5,116.75,-2.5,45.0
2024-01-24 01:00:00,31.5,116.75,-1.3,45.0
2024-01-24 02:00:00,31.5,116.75,-0.1,45.0
2024-01-24 03:00:00,31.5,116.75,1.0,45.0
2024-01-24 04:00:00,31.5,116.75,1.9,45.0
2024-01-24 05:00:00,31.5,116.75,2.6,45.0
2024-01-24 06:00:00,31.5,116.75,3.1,45.0
2024-01-24 07:00:00,31.5,116.75,3.3,45.0
2024-01-24 08:00:00,31.5,116.75,3.1,45.0
2024-01-24 09:00:00,31.5,116.75,2.0,45.0
2024-01-24 10:00:00,31.5,116.75,0.3,45.0
2024-01-24 11:00:00,31.5,116.75,-0.1,45.0
2024-01-24 12:00:00,31.5,116.75,-0.4,45.0
2024-01-24 13:00:00,31.5,116.75,-0.6,45.0
2024-01-24 14:00:00,31.5,116.75,-0.7,45.0
2024-01-24 15:00:00,31.5,116.75,-0.8,45.0
2024-01-24 16:00:00,31.5,116.75,-0.7,45.0
2024-01-24 17:00:00,31.5,116.75,-0.7,45.0
2024-01-24 18:00:00,31.5,116.75,-0.5,45.0
2024-01-24 19:00:00,31.5,116.75,-0.7,45.0
2024-01-24 20:00:00,31.5,116.75,-1.0,45.0
2024-01-24 21:00:00,31.5,116.75,-1.0,45.0
2024-01-24 22:00:00,31.5,116.75,-1.0,45.0
2024-01-24 23:00:00,31.5,116.75,-1.1,45.0
2024-01-22 00:00:00,31.5,117.0,-2.1,16.0
2024-01-22 01:00:00,31.5,117.0,-2.1,16.0
2024-01-22 02:00:00,31.5,117.0,-1.5,16.0
2024-01-22 03:00:00,31.5,117.0,-1.3,16.0
2024-01-22 04:00:00,31.5,117.0,-1.0,16.0
2024-01-22 05:00:00,31.5,117.0,-0.3,16.0
2024-01-22 06:00:00,31.5,117.0,-0.3,16.0
2024-01-22 07:00:00,31.5,117.0,-0.7,16.0
2024-01-22 08:00:00,31.5,117.0,-1.1,16.0
2024-01-22 09:00:00,31.5,117.0,-1.6,16.0
2024-01-22 10:00:00,31.5,117.0,-2.1,16.0
2024-01-22 11:00:00,31.5,117.0,-2.1,16.0
2024-01-22 12:00:00,31.5,117.0,-2.3,16.0
2024-01-22 13:00:00,31.5,117.0,-2.3,16.0
2024-01-22 14:00:00,31.5,117.0,-2.8,16.0
2024-01-22 15:00:00,31.5,117.0,-2.8,16.0
2024-01-22 16:00:00,31.5,117.0,-3.1,16.0
2024-01-22 17:00:00,31.5,117.0,-3.2,16.0
2024-01-22 18:00:00,31.5,117.0,-3.5,16.0
2024-01-22 19:00:00,31.5,117.0,-3.6,16.0
2024-01-22 20:00:00,31.5,117.0,-3.9,16.0
2024-01-22 21:00:00,31.5,117.0,-4.4,16.0
2024-01-22 22:00:00,31.5,117.0,-4.5,16.0
2024-01-22 23:00:00,31.5,117.0,-4.6,16.0
2024-01-23 00:00:00,31.5,117.0,-4.6,16.0
2024-01-23 01:00:00,31.5,117.0,-4.0,16.0
2024-01-23 02:00:00,31.5,117.0,-3.1,16.0
2024-01-23 03:00:00,31.5,117.0,-2.1,16.0
2024-01-23 04:00:00,31.5,117.0,-1.1,16.0
2024-01-23 05:00:00,31.5,117.0,-0.5,16.0
2024-01-23 06:00:00,31.5,117.0,-0.3,16.0
2024-01-23 07:00:00,31.5,117.0,-0.1,16.0
2024-01-23 08:00:00,31.5,117.0,-0.4,16.0
2024-01-23 09:00:00,31.5,117.0,-1.1,16.0
2024-01-23 10:00:00,31.5,117.0,-2.6,16.0
2024-01-23 11:00:00,31.5,117.0,-3.0,16.0
2024-01-23 12:00:00,31.5,117.0,-3.0,16.0
2024-01-23 13:00:00,31.5,117.0,-3.1,16.0
2024-01-23 14:00:00,31.5,117.0,-3.1,16.0
2024-01-23 15:00:00,31.5,117.0,-3.2,16.0
2024-01-23 16:00:00,31.5,117.0,-3.3,16.0
2024-01-23 17:00:00,31.5,117.0,-3.4,16.0
2024-01-23 18:00:00,31.5,117.0,-3.4,16.0
2024-01-23 19:00:00,31.5,117.0,-3.4,16.0
2024-01-23 20:00:00,31.5,117.0,-3.3,16.0
2024-01-23 21:00:00,31.5,117.0,-3.3,16.0
2024-01-23 22:00:00,31.5,117.0,-3.3,16.0
2024-01-23 23:00:00,31.5,117.0,-3.2,16.0
2024-01-24 00:00:00,31.5,117.0,-2.6,16.0
2024-01-24 01:00:00,31.5,117.0,-1.3,16.0
2024-01-24 02:00:00,31.5,117.0,-0.0,16.0
2024-01-24 03:00:00,31.5,117.0,1.0,16.0
2024-01-24 04:00:00,31.5,117.0,2.0,16.0
2024-01-24 05:00:00,31.5,117.0,2.7,16.0
2024-01-24 06:00:00,31.5,117.0,3.2,16.0
2024-01-24 07:00:00,31.5,117.0,3.3,16.0
2024-01-24 08:00:00,31.5,117.0,3.2,16.0
2024-01-24 09:00:00,31.5,117.0,2.0,16.0
2024-01-24 10:00:00,31.5,117.0,0.3,16.0
2024-01-24 11:00:00,31.5,117.0,-0.1,16.0
2024-01-24 12:00:00,31.5,117.0,-0.3,16.0
2024-01-24 13:00:00,31.5,117.0,-0.5,16.0
2024-01-24 14:00:00,31.5,117.0,-0.6,16.0
2024-01-24 15:00:00,31.5,117.0,-0.7,16.0
2024-01-24 16:00:00,31.5,117.0,-0.7,16.0
2024-01-24 17:00:00,31.5,117.0,-0.8,16.0
2024-01-24 18:00:00,31.5,117.0,-0.6,16.0
2024-01-24 19:00:00,31.5,117.0,-0.8,16.0
2024-01-24 20:00:00,31.5,117.0,-1.0,16.0
2024-01-24 21:00:00,31.5,117.0,-1.1,16.0
2024-01-24 22:00:00,31.5,117.0,-1.1,16.0
2024-01-24 23:00:00,31.5,117.0,-1.1,16.0
2024-01-22 00:00:00,31.5,117.25,-1.6,9.0
2024-01-22 01:00:00,31.5,117.25,-1.5,9.0
2024-01-22 02:00:00,31.5,117.25,-0.9,9.0
2024-01-22 03:00:00,31.5,117.25,-0.8,9.0
2024-01-22 04:00:00,31.5,117.25,-0.3,9.0
2024-01-22 05:00:00,31.5,117.25,-0.3,9.0
2024-01-22 06:00:00,31.5,117.25,-0.4,9.0
2024-01-22 07:00:00,31.5,117.25,-0.5,9.0
2024-01-22 08:00:00,31.5,117.25,-0.8,9.0
2024-01-22 09:00:00,31.5,117.25,-1.2,9.0
2024-01-22 10:00:00,31.5,117.25,-1.6,9.0
2024-01-22 11:00:00,31.5,117.25,-1.7,9.0
2024-01-22 12:00:00,31.5,117.25,-1.8,9.0
2024-01-22 13:00:00,31.5,117.25,-1.9,9.0
2024-01-22 14:00:00,31.5,117.25,-2.2,9.0
2024-01-22 15:00:00,31.5,117.25,-2.4,9.0
2024-01-22 16:00:00,31.5,117.25,-2.7,9.0
2024-01-22 17:00:00,31.5,117.25,-2.9,9.0
2024-01-22 18:00:00,31.5,117.25,-3.2,9.0
2024-01-22 19:00:00,31.5,117.25,-3.4,9.0
2024-01-22 20:00:00,31.5,117.25,-3.7,9.0
2024-01-22 21:00:00,31.5,117.25,-3.9,9.0
2024-01-22 22:00:00,31.5,117.25,-4.1,9.0
2024-01-22 23:00:00,31.5,117.25,-4.2,9.0
2024-01-23 00:00:00,31.5,117.25,-4.1,9.0
2024-01-23 01:00:00,31.5,117.25,-3.5,9.0
2024-01-23 02:00:00,31.5,117.25,-2.8,9.0
2024-01-23 03:00:00,31.5,117.25,-2.0,9.0
2024-01-23 04:00:00,31.5,117.25,-1.3,9.0
2024-01-23 05:00:00,31.5,117.25,-0.6,9.0
2024-01-23 06:00:00,31.5,117.25,-0.3,9.0
2024-01-23 07:00:00,31.5,117.25,-0.1,9.0
2024-01-23 08:00:00,31.5,117.25,-0.3,9.0
2024-01-23 09:00:00,31.5,117.25,-1.0,9.0
2024-01-23 10:00:00,31.5,117.25,-2.4,9.0
2024-01-23 11:00:00,31.5,117.25,-2.7,9.0
2024-01-23 12:00:00,31.5,117.25,-2.8,9.0
2024-01-23 13:00:00,31.5,117.25,-2.8,9.0
2024-01-23 14:00:00,31.5,117.25,-2.9,9.0
2024-01-23 15:00:00,31.5,117.25,-2.9,9.0
2024-01-23 16:00:00,31.5,117.25,-3.0,9.0
2024-01-23 17:00:00,31.5,117.25,-3.1,9.0
2024-01-23 18:00:00,31.5,117.25,-3.2,9.0
2024-01-23 19:00:00,31.5,117.25,-3.3,9.0
2024-01-23 20:00:00,31.5,117.25,-3.3,9.0
2024-01-23 21:00:00,31.5,117.25,-3.3,9.0
2024-01-23 22:00:00,31.5,117.25,-3.3,9.0
2024-01-23 23:00:00,31.5,117.25,-3.2,9.0
2024-01-24 00:00:00,31.5,117.25,-2.6,9.0
2024-01-24 01:00:00,31.5,117.25,-1.0,9.0
2024-01-24 02:00:00,31.5,117.25,0.1,9.0
2024-01-24 03:00:00,31.5,117.25,1.1,9.0
2024-01-24 04:00:00,31.5,117.25,2.0,9.0
2024-01-24 05:00:00,31.5,117.25,2.6,9.0
2024-01-24 06:00:00,31.5,117.25,3.0,9.0
2024-01-24 07:00:00,31.5,117.25,3.2,9.0
2024-01-24 08:00:00,31.5,117.25,3.1,9.0
2024-01-24 09:00:00,31.5,117.25,2.1,9.0
2024-01-24 10:00:00,31.5,117.25,0.5,9.0
2024-01-24 11:00:00,31.5,117.25,0.2,9.0
2024-01-24 12:00:00,31.5,117.25,-0.1,9.0
2024-01-24 13:00:00,31.5,117.25,-0.2,9.0
2024-01-24 14:00:00,31.5,117.25,-0.3,9.0
2024-01-24 15:00:00,31.5,117.25,-0.5,9.0
2024-01-24 16:00:00,31.5,117.25,-0.5,9.0
2024-01-24 17:00:00,31.5,117.25,-0.4,9.0
2024-01-24 18:00:00,31.5,117.25,-0.3,9.0
2024-01-24 19:00:00,31.5,117.25,-0.6,9.0
2024-01-24 20:00:00,31.5,117.25,-0.8,9.0
2024-01-24 21:00:00,31.5,117.25,-0.9,9.0
2024-01-24 22:00:00,31.5,117.25,-0.9,9.0
2024-01-24 23:00:00,31.5,117.25,-0.9,9.0
2024-01-22 00:00:00,31.5,117.5,-1.5,7.0
2024-01-22 01:00:00,31.5,117.5,-1.4,7.0
2024-01-22 02:00:00,31.5,117.5,-0.8,7.0
2024-01-22 03:00:00,31.5,117.5,-0.7,7.0
2024-01-22 04:00:00,31.5,117.5,-0.2,7.0
2024-01-22 05:00:00,31.5,117.5,-0.1,7.0
2024-01-22 06:00:00,31.5,117.5,-0.2,7.0
2024-01-22 07:00:00,31.5,117.5,-0.5,7.0
2024-01-22 08:00:00,31.5,117.5,-0.7,7.0
2024-01-22 09:00:00,31.5,117.5,-1.1,7.0
2024-01-22 10:00:00,31.5,117.5,-1.4,7.0
2024-01-22 11:00:00,31.5,117.5,-1.5,7.0
2024-01-22 12:00:00,31.5,117.5,-1.6,7.0
2024-01-22 13:00:00,31.5,117.5,-1.7,7.0
2024-01-22 14:00:00,31.5,117.5,-2.1,7.0
2024-01-22 15:00:00,31.5,117.5,-2.4,7.0
2024-01-22 16:00:00,31.5,117.5,-2.6,7.0
2024-01-22 17:00:00,31.5,117.5,-2.8,7.0
2024-01-22 18:00:00,31.5,117.5,-3.2,7.0
2024-01-22 19:00:00,31.5,117.5,-3.3,7.0
2024-01-22 20:00:00,31.5,117.5,-3.5,7.0
2024-01-22 21:00:00,31.5,117.5,-3.8,7.0
2024-01-22 22:00:00,31.5,117.5,-3.9,7.0
2024-01-22 23:00:00,31.5,117.5,-4.0,7.0
2024-01-23 00:00:00,31.5,117.5,-3.9,7.0
2024-01-23 01:00:00,31.5,117.5,-3.3,7.0
2024-01-23 02:00:00,31.5,117.5,-2.6,7.0
2024-01-23 03:00:00,31.5,117.5,-1.9,7.0
2024-01-23 04:00:00,31.5,117.5,-1.3,7.0
2024-01-23 05:00:00,31.5,117.5,-0.7,7.0
2024-01-23 06:00:00,31.5,117.5,-0.4,7.0
2024-01-23 07:00:00,31.5,117.5,-0.1,7.0
2024-01-23 08:00:00,31.5,117.5,-0.3,7.0
2024-01-23 09:00:00,31.5,117.5,-0.9,7.0
2024-01-23 10:00:00,31.5,117.5,-2.2,7.0
2024-01-23 11:00:00,31.5,117.5,-2.5,7.0
2024-01-23 12:00:00,31.5,117.5,-2.7,7.0
2024-01-23 13:00:00,31.5,117.5,-2.9,7.0
2024-01-23 14:00:00,31.5,117.5,-3.0,7.0
2024-01-23 15:00:00,31.5,117.5,-3.1,7.0
2024-01-23 16:00:00,31.5,117.5,-3.3,7.0
2024-01-23 17:00:00,31.5,117.5,-3.3,7.0
2024-01-23 18:00:00,31.5,117.5,-3.5,7.0
2024-01-23 19:00:00,31.5,117.5,-3.7,7.0
2024-01-23 20:00:00,31.5,117.5,-3.7,7.0
2024-01-23 21:00:00,31.5,117.5,-3.7,7.0
2024-01-23 22:00:00,31.5,117.5,-3.6,7.0
2024-01-23 23:00:00,31.5,117.5,-3.5,7.0
2024-01-24 00:00:00,31.5,117.5,-2.9,7.0
2024-01-24 01:00:00,31.5,117.5,-1.2,7.0
2024-01-24 02:00:00,31.5,117.5,0.0,7.0
2024-01-24 03:00:00,31.5,117.5,0.9,7.0
2024-01-24 04:00:00,31.5,117.5,1.8,7.0
2024-01-24 05:00:00,31.5,117.5,2.4,7.0
2024-01-24 06:00:00,31.5,117.5,2.8,7.0
2024-01-24 07:00:00,31.5,117.5,3.0,7.0
2024-01-24 08:00:00,31.5,117.5,2.9,7.0
2024-01-24 09:00:00,31.5,117.5,2.0,7.0
2024-01-24 10:00:00,31.5,117.5,0.5,7.0
2024-01-24 11:00:00,31.5,117.5,0.2,7.0
2024-01-24 12:00:00,31.5,117.5,-0.1,7.0
2024-01-24 13:00:00,31.5,117.5,-0.3,7.0
2024-01-24 14:00:00,31.5,117.5,-0.4,7.0
2024-01-24 15:00:00,31.5,117.5,-0.5,7.0
2024-01-24 16:00:00,31.5,117.5,-0.5,7.0
2024-01-24 17:00:00,31.5,117.5,-0.5,7.0
2024-01-24 18:00:00,31.5,117.5,-0.5,7.0
2024-01-24 19:00:00,31.5,117.5,-0.7,7.0
2024-01-24 20:00:00,31.5,117.5,-1.2,7.0
2024-01-24 21:00:00,31.5,117.5,-1.4,7.0
2024-01-24 22:00:00,31.5,117.5,-1.3,7.0
2024-01-24 23:00:00,31.5,117.5,-1.3,7.0
2024-01-22 00:00:00,31.5,117.75,-2.5,152.0
2024-01-22 01:00:00,31.5,117.75,-2.7,152.0
2024-01-22 02:00:00,31.5,117.75,-2.2,152.0
2024-01-22 03:00:00,31.5,117.75,-1.8,152.0
2024-01-22 04:00:00,31.5,117.75,-1.4,152.0
2024-01-22 05:00:00,31.5,117.75,-1.5,152.0
2024-01-22 06:00:00,31.5,117.75,-1.3,152.0
2024-01-22 07:00:00,31.5,117.75,-1.5,152.0
2024-01-22 08:00:00,31.5,117.75,-2.1,152.0
2024-01-22 09:00:00,31.5,117.75,-2.6,152.0
2024-01-22 10:00:00,31.5,117.75,-2.8,152.0
2024-01-22 11:00:00,31.5,117.75,-2.9,152.0
2024-01-22 12:00:00,31.5,117.75,-3.0,152.0
2024-01-22 13:00:00,31.5,117.75,-3.1,152.0
2024-01-22 14:00:00,31.5,117.75,-3.2,152.0
2024-01-22 15:00:00,31.5,117.75,-3.6,152.0
2024-01-22 16:00:00,31.5,117.75,-3.7,152.0
2024-01-22 17:00:00,31.5,117.75,-4.0,152.0
2024-01-22 18:00:00,31.5,117.75,-4.3,152.0
2024-01-22 19:00:00,31.5,117.75,-4.6,152.0
2024-01-22 20:00:00,31.5,117.75,-4.8,152.0
2024-01-22 21:00:00,31.5,117.75,-5.0,152.0
2024-01-22 22:00:00,31.5,117.75,-5.1,152.0
2024-01-22 23:00:00,31.5,117.75,-5.3,152.0
2024-01-23 00:00:00,31.5,117.75,-5.3,152.0
2024-01-23 01:00:00,31.5,117.75,-4.6,152.0
2024-01-23 02:00:00,31.5,117.75,-3.9,152.0
2024-01-23 03:00:00,31.5,117.75,-3.2,152.0
2024-01-23 04:00:00,31.5,117.75,-2.5,152.0
2024-01-23 05:00:00,31.5,117.75,-1.9,152.0
2024-01-23 06:00:00,31.5,117.75,-1.6,152.0
2024-01-23 07:00:00,31.5,117.75,-1.3,152.0
2024-01-23 08:00:00,31.5,117.75,-1.4,152.0
2024-01-23 09:00:00,31.5,117.75,-1.9,152.0
2024-01-23 10:00:00,31.5,117.75,-2.8,152.0
2024-01-23 11:00:00,31.5,117.75,-2.8,152.0
2024-01-23 12:00:00,31.5,117.75,-2.7,152.0
2024-01-23 13:00:00,31.5,117.75,-2.7,152.0
2024-01-23 14:00:00,31.5,117.75,-2.7,152.0
2024-01-23 15:00:00,31.5,117.75,-2.6,152.0
2024-01-23 16:00:00,31.5,117.75,-2.5,152.0
2024-01-23 17:00:00,31.5,117.75,-2.5,152.0
2024-01-23 18:00:00,31.5,117.75,-2.6,152.0
2024-01-23 19:00:00,31.5,117.75,-2.7,152.0
2024-01-23 20:00:00,31.5,117.75,-2.8,152.0
2024-01-23 21:00:00,31.5,117.75,-2.9,152.0
2024-01-23 22:00:00,31.5,117.75,-3.0,152.0
2024-01-23 23:00:00,31.5,117.75,-3.1,152.0
2024-01-24 00:00:00,31.5,117.75,-2.3,152.0
2024-01-24 01:00:00,31.5,117.75,-1.1,152.0
2024-01-24 02:00:00,31.5,117.75,-0.3,152.0
2024-01-24 03:00:00,31.5,117.75,0.4,152.0
2024-01-24 04:00:00,31.5,117.75,0.8,152.0
2024-01-24 05:00:00,31.5,117.75,1.1,152.0
2024-01-24 06:00:00,31.5,117.75,1.5,152.0
2024-01-24 07:00:00,31.5,117.75,1.7,152.0
2024-01-24 08:00:00,31.5,117.75,1.7,152.0
2024-01-24 09:00:00,31.5,117.75,0.9,152.0
2024-01-24 10:00:00,31.5,117.75,-0.3,152.0
2024-01-24 11:00:00,31.5,117.75,-0.5,152.0
2024-01-24 12:00:00,31.5,117.75,-0.6,152.0
2024-01-24 13:00:00,31.5,117.75,-0.7,152.0
2024-01-24 14:00:00,31.5,117.75,-0.7,152.0
2024-01-24 15:00:00,31.5,117.75,-0.7,152.0
2024-01-24 16:00:00,31.5,117.75,-0.7,152.0
2024-01-24 17:00:00,31.5,117.75,-0.6,152.0
2024-01-24 18:00:00,31.5,117.75,-0.4,152.0
2024-01-24 19:00:00,31.5,117.75,-0.4,152.0
2024-01-24 20:00:00,31.5,117.75,-0.7,152.0
2024-01-24 21:00:00,31.5,117.75,-0.9,152.0
2024-01-24 22:00:00,31.5,117.75,-1.1,152.0
2024-01-24 23:00:00,31.5,117.75,-1.3,152.0
2024-01-22 00:00:00,31.5,118.0,-2.2,48.0
2024-01-22 01:00:00,31.5,118.0,-2.1,48.0
2024-01-22 02:00:00,31.5,118.0,-1.6,48.0
2024-01-22 03:00:00,31.5,118.0,-1.0,48.0
2024-01-22 04:00:00,31.5,118.0,-0.9,48.0
2024-01-22 05:00:00,31.5,118.0,-1.0,48.0
2024-01-22 06:00:00,31.5,118.0,-0.7,48.0
2024-01-22 07:00:00,31.5,118.0,-0.7,48.0
2024-01-22 08:00:00,31.5,118.0,-1.6,48.0
2024-01-22 09:00:00,31.5,118.0,-2.1,48.0
2024-01-22 10:00:00,31.5,118.0,-2.3,48.0
2024-01-22 11:00:00,31.5,118.0,-2.4,48.0
2024-01-22 12:00:00,31.5,118.0,-2.5,48.0
2024-01-22 13:00:00,31.5,118.0,-2.6,48.0
2024-01-22 14:00:00,31.5,118.0,-2.7,48.0
2024-01-22 15:00:00,31.5,118.0,-2.9,48.0
2024-01-22 16:00:00,31.5,118.0,-3.2,48.0
2024-01-22 17:00:00,31.5,118.0,-3.4,48.0
2024-01-22 18:00:00,31.5,118.0,-3.9,48.0
2024-01-22 19:00:00,31.5,118.0,-4.1,48.0
2024-01-22 20:00:00,31.5,118.0,-4.4,48.0
2024-01-22 21:00:00,31.5,118.0,-4.7,48.0
2024-01-22 22:00:00,31.5,118.0,-4.9,48.0
2024-01-22 23:00:00,31.5,118.0,-5.1,48.0
2024-01-23 00:00:00,31.5,118.0,-5.1,48.0
2024-01-23 01:00:00,31.5,118.0,-4.4,48.0
2024-01-23 02:00:00,31.5,118.0,-3.4,48.0
2024-01-23 03:00:00,31.5,118.0,-2.6,48.0
2024-01-23 04:00:00,31.5,118.0,-1.8,48.0
2024-01-23 05:00:00,31.5,118.0,-1.2,48.0
2024-01-23 06:00:00,31.5,118.0,-0.8,48.0
2024-01-23 07:00:00,31.5,118.0,-0.7,48.0
2024-01-23 08:00:00,31.5,118.0,-0.9,48.0
2024-01-23 09:00:00,31.5,118.0,-1.6,48.0
2024-01-23 10:00:00,31.5,118.0,-2.9,48.0
2024-01-23 11:00:00,31.5,118.0,-3.1,48.0
2024-01-23 12:00:00,31.5,118.0,-3.1,48.0
2024-01-23 13:00:00,31.5,118.0,-3.1,48.0
2024-01-23 14:00:00,31.5,118.0,-3.1,48.0
2024-01-23 15:00:00,31.5,118.0,-3.1,48.0
2024-01-23 16:00:00,31.5,118.0,-3.1,48.0
2024-01-23 17:00:00,31.5,118.0,-3.1,48.0
2024-01-23 18:00:00,31.5,118.0,-3.2,48.0
2024-01-23 19:00:00,31.5,118.0,-3.2,48.0
2024-01-23 20:00:00,31.5,118.0,-3.3,48.0
2024-01-23 21:00:00,31.5,118.0,-3.4,48.0
2024-01-23 22:00:00,31.5,118.0,-3.4,48.0
2024-01-23 23:00:00,31.5,118.0,-3.4,48.0
2024-01-24 00:00:00,31.5,118.0,-2.7,48.0
2024-01-24 01:00:00,31.5,118.0,-1.5,48.0
2024-01-24 02:00:00,31.5,118.0,-0.2,48.0
2024-01-24 03:00:00,31.5,118.0,0.8,48.0
2024-01-24 04:00:00,31.5,118.0,1.6,48.0
2024-01-24 05:00:00,31.5,118.0,2.2,48.0
2024-01-24 06:00:00,31.5,118.0,2.5,48.0
2024-01-24 07:00:00,31.5,118.0,2.7,48.0
2024-01-24 08:00:00,31.5,118.0,2.5,48.0
2024-01-24 09:00:00,31.5,118.0,1.4,48.0
2024-01-24 10:00:00,31.5,118.0,0.0,48.0
2024-01-24 11:00:00,31.5,118.0,-0.3,48.0
2024-01-24 12:00:00,31.5,118.0,-0.5,48.0
2024-01-24 13:00:00,31.5,118.0,-0.6,48.0
2024-01-24 14:00:00,31.5,118.0,-0.7,48.0
2024-01-24 15:00:00,31.5,118.0,-0.7,48.0
2024-01-24 16:00:00,31.5,118.0,-0.8,48.0
2024-01-24 17:00:00,31.5,118.0,-0.6,48.0
2024-01-24 18:00:00,31.5,118.0,-0.6,48.0
2024-01-24 19:00:00,31.5,118.0,-0.5,48.0
2024-01-24 20:00:00,31.5,118.0,-0.7,48.0
2024-01-24 21:00:00,31.5,118.0,-0.9,48.0
2024-01-24 22:00:00,31.5,118.0,-1.0,48.0
2024-01-24 23:00:00,31.5,118.0,-1.0,48.0
2024-01-22 00:00:00,31.5,118.25,-1.6,8.0
2024-01-22 01:00:00,31.5,118.25,-1.9,8.0
2024-01-22 02:00:00,31.5,118.25,-1.1,8.0
2024-01-22 03:00:00,31.5,118.25,-0.6,8.0
2024-01-22 04:00:00,31.5,118.25,-0.7,8.0
2024-01-22 05:00:00,31.5,118.25,-0.7,8.0
2024-01-22 06:00:00,31.5,118.25,-0.5,8.0
2024-01-22 07:00:00,31.5,118.25,-0.5,8.0
2024-01-22 08:00:00,31.5,118.25,-1.1,8.0
2024-01-22 09:00:00,31.5,118.25,-1.9,8.0
2024-01-22 10:00:00,31.5,118.25,-2.1,8.0
2024-01-22 11:00:00,31.5,118.25,-2.2,8.0
2024-01-22 12:00:00,31.5,118.25,-2.4,8.0
2024-01-22 13:00:00,31.5,118.25,-2.6,8.0
2024-01-22 14:00:00,31.5,118.25,-2.6,8.0
2024-01-22 15:00:00,31.5,118.25,-2.7,8.0
2024-01-22 16:00:00,31.5,118.25,-2.8,8.0
2024-01-22 17:00:00,31.5,118.25,-3.0,8.0
2024-01-22 18:00:00,31.5,118.25,-3.6,8.0
2024-01-22 19:00:00,31.5,118.25,-3.9,8.0
2024-01-22 20:00:00,31.5,118.25,-4.1,8.0
2024-01-22 21:00:00,31.5,118.25,-4.3,8.0
2024-01-22 22:00:00,31.5,118.25,-4.7,8.0
2024-01-22 23:00:00,31.5,118.25,-5.0,8.0
2024-01-23 00:00:00,31.5,118.25,-4.9,8.0
2024-01-23 01:00:00,31.5,118.25,-4.2,8.0
2024-01-23 02:00:00,31.5,118.25,-3.2,8.0
2024-01-23 03:00:00,31.5,118.25,-2.3,8.0
2024-01-23 04:00:00,31.5,118.25,-1.5,8.0
2024-01-23 05:00:00,31.5,118.25,-0.9,8.0
2024-01-23 06:00:00,31.5,118.25,-0.6,8.0
2024-01-23 07:00:00,31.5,118.25,-0.4,8.0
2024-01-23 08:00:00,31.5,118.25,-0.6,8.0
2024-01-23 09:00:00,31.5,118.25,-1.3,8.0
2024-01-23 10:00:00,31.5,118.25,-2.6,8.0
2024-01-23 11:00:00,31.5,118.25,-2.9,8.0
2024-01-23 12:00:00,31.5,118.25,-2.9,8.0
2024-01-23 13:00:00,31.5,118.25,-2.9,8.0
2024-01-23 14:00:00,31.5,118.25,-2.9,8.0
2024-01-23 15:00:00,31.5,118.25,-2.9,8.0
2024-01-23 16:00:00,31.5,118.25,-2.9,8.0
2024-01-23 17:00:00,31.5,118.25,-3.0,8.0
2024-01-23 18:00:00,31.5,118.25,-3.1,8.0
2024-01-23 19:00:00,31.5,118.25,-3.1,8.0
2024-01-23 20:00:00,31.5,118.25,-3.2,8.0
2024-01-23 21:00:00,31.5,118.25,-3.2,8.0
2024-01-23 22:00:00,31.5,118.25,-3.2,8.0
2024-01-23 23:00:00,31.5,118.25,-3.2,8.0
2024-01-24 00:00:00,31.5,118.25,-2.5,8.0
2024-01-24 01:00:00,31.5,118.25,-1.2,8.0
2024-01-24 02:00:00,31.5,118.25,-0.1,8.0
2024-01-24 03:00:00,31.5,118.25,0.9,8.0
2024-01-24 04:00:00,31.5,118.25,1.7,8.0
2024-01-24 05:00:00,31.5,118.25,2.3,8.0
2024-01-24 06:00:00,31.5,118.25,2.8,8.0
2024-01-24 07:00:00,31.5,118.25,3.0,8.0
2024-01-24 08:00:00,31.5,118.25,2.8,8.0
2024-01-24 09:00:00,31.5,118.25,1.6,8.0
2024-01-24 10:00:00,31.5,118.25,0.2,8.0
2024-01-24 11:00:00,31.5,118.25,-0.1,8.0
2024-01-24 12:00:00,31.5,118.25,-0.3,8.0
2024-01-24 13:00:00,31.5,118.25,-0.4,8.0
2024-01-24 14:00:00,31.5,118.25,-0.5,8.0
2024-01-24 15:00:00,31.5,118.25,-0.6,8.0
2024-01-24 16:00:00,31.5,118.25,-0.7,8.0
2024-01-24 17:00:00,31.5,118.25,-0.6,8.0
2024-01-24 18:00:00,31.5,118.25,-0.4,8.0
2024-01-24 19:00:00,31.5,118.25,-0.3,8.0
2024-01-24 20:00:00,31.5,118.25,-0.5,8.0
2024-01-24 21:00:00,31.5,118.25,-0.6,8.0
2024-01-24 22:00:00,31.5,118.25,-0.8,8.0
2024-01-24 23:00:00,31.5,118.25,-0.9,8.0
2024-01-22 00:00:00,31.5,118.5,-1.5,13.0
2024-01-22 01:00:00,31.5,118.5,-1.4,13.0
2024-01-22 02:00:00,31.5,118.5,-1.4,13.0
2024-01-22 03:00:00,31.5,118.5,-0.8,13.0
2024-01-22 04:00:00,31.5,118.5,-0.7,13.0
2024-01-22 05:00:00,31.5,118.5,-0.7,13.0
2024-01-22 06:00:00,31.5,118.5,-0.6,13.0
2024-01-22 07:00:00,31.5,118.5,-0.5,13.0
2024-01-22 08:00:00,31.5,118.5,-1.1,13.0
2024-01-22 09:00:00,31.5,118.5,-1.7,13.0
2024-01-22 10:00:00,31.5,118.5,-2.1,13.0
2024-01-22 11:00:00,31.5,118.5,-2.1,13.0
2024-01-22 12:00:00,31.5,118.5,-2.3,13.0
2024-01-22 13:00:00,31.5,118.5,-2.5,13.0
2024-01-22 14:00:00,31.5,118.5,-2.5,13.0
2024-01-22 15:00:00,31.5,118.5,-2.6,13.0
2024-01-22 16:00:00,31.5,118.5,-2.7,13.0
2024-01-22 17:00:00,31.5,118.5,-2.9,13.0
2024-01-22 18:00:00,31.5,118.5,-3.4,13.0
2024-01-22 19:00:00,31.5,118.5,-3.8,13.0
2024-01-22 20:00:00,31.5,118.5,-4.1,13.0
2024-01-22 21:00:00,31.5,118.5,-4.4,13.0
2024-01-22 22:00:00,31.5,118.5,-4.6,13.0
2024-01-22 23:00:00,31.5,118.5,-4.8,13.0
2024-01-23 00:00:00,31.5,118.5,-4.7,13.0
2024-01-23 01:00:00,31.5,118.5,-4.1,13.0
2024-01-23 02:00:00,31.5,118.5,-3.3,13.0
2024-01-23 03:00:00,31.5,118.5,-2.4,13.0
2024-01-23 04:00:00,31.5,118.5,-1.6,13.0
2024-01-23 05:00:00,31.5,118.5,-1.0,13.0
2024-01-23 06:00:00,31.5,118.5,-0.6,13.0
2024-01-23 07:00:00,31.5,118.5,-0.5,13.0
2024-01-23 08:00:00,31.5,118.5,-0.7,13.0
2024-01-23 09:00:00,31.5,118.5,-1.4,13.0
2024-01-23 10:00:00,31.5,118.5,-2.7,13.0
2024-01-23 11:00:00,31.5,118.5,-3.1,13.0
2024-01-23 12:00:00,31.5,118.5,-3.1,13.0
2024-01-23 13:00:00,31.5,118.5,-3.2,13.0
2024-01-23 14:00:00,31.5,118.5,-3.2,13.0
2024-01-23 15:00:00,31.5,118.5,-3.1,13.0
2024-01-23 16:00:00,31.5,118.5,-3.2,13.0
2024-01-23 17:00:00,31.5,118.5,-3.1,13.0
2024-01-23 18:00:00,31.5,118.5,-3.2,13.0
2024-01-23 19:00:00,31.5,118.5,-3.2,13.0
2024-01-23 20:00:00,31.5,118.5,-3.2,13.0
2024-01-23 21:00:00,31.5,118.5,-3.3,13.0
2024-01-23 22:00:00,31.5,118.5,-3.2,13.0
2024-01-23 23:00:00,31.5,118.5,-3.2,13.0
2024-01-24 00:00:00,31.5,118.5,-2.6,13.0
2024-01-24 01:00:00,31.5,118.5,-1.3,13.0
2024-01-24 02:00:00,31.5,118.5,-0.1,13.0
2024-01-24 03:00:00,31.5,118.5,0.9,13.0
2024-01-24 04:00:00,31.5,118.5,1.6,13.0
2024-01-24 05:00:00,31.5,118.5,2.3,13.0
2024-01-24 06:00:00,31.5,118.5,2.7,13.0
2024-01-24 07:00:00,31.5,118.5,2.8,13.0
2024-01-24 08:00:00,31.5,118.5,2.6,13.0
2024-01-24 09:00:00,31.5,118.5,1.4,13.0
2024-01-24 10:00:00,31.5,118.5,0.0,13.0
2024-01-24 11:00:00,31.5,118.5,-0.4,13.0
2024-01-24 12:00:00,31.5,118.5,-0.6,13.0
2024-01-24 13:00:00,31.5,118.5,-0.7,13.0
2024-01-24 14:00:00,31.5,118.5,-0.8,13.0
2024-01-24 15:00:00,31.5,118.5,-1.0,13.0
2024-01-24 16:00:00,31.5,118.5,-1.1,13.0
2024-01-24 17:00:00,31.5,118.5,-1.0,13.0
2024-01-24 18:00:00,31.5,118.5,-0.9,13.0
2024-01-24 19:00:00,31.5,118.5,-0.8,13.0
2024-01-24 20:00:00,31.5,118.5,-0.7,13.0
2024-01-24 21:00:00,31.5,118.5,-0.7,13.0
2024-01-24 22:00:00,31.5,118.5,-1.1,13.0
2024-01-24 23:00:00,31.5,118.5,-1.1,13.0
2024-01-22 00:00:00,31.5,118.75,-1.7,4.0
2024-01-22 01:00:00,31.5,118.75,-1.6,4.0
2024-01-22 02:00:00,31.5,118.75,-1.3,4.0
2024-01-22 03:00:00,31.5,118.75,-0.8,4.0
2024-01-22 04:00:00,31.5,118.75,-0.4,4.0
2024-01-22 05:00:00,31.5,118.75,-0.6,4.0
2024-01-22 06:00:00,31.5,118.75,-0.6,4.0
2024-01-22 07:00:00,31.5,118.75,-0.6,4.0
2024-01-22 08:00:00,31.5,118.75,-1.0,4.0
2024-01-22 09:00:00,31.5,118.75,-1.7,4.0
2024-01-22 10:00:00,31.5,118.75,-2.0,4.0
2024-01-22 11:00:00,31.5,118.75,-1.9,4.0
2024-01-22 12:00:00,31.5,118.75,-2.1,4.0
2024-01-22 13:00:00,31.5,118.75,-2.3,4.0
2024-01-22 14:00:00,31.5,118.75,-2.4,4.0
2024-01-22 15:00:00,31.5,118.75,-2.5,4.0
2024-01-22 16:00:00,31.5,118.75,-2.6,4.0
2024-01-22 17:00:00,31.5,118.75,-2.7,4.0
2024-01-22 18:00:00,31.5,118.75,-3.1,4.0
2024-01-22 19:00:00,31.5,118.75,-3.4,4.0
2024-01-22 20:00:00,31.5,118.75,-3.7,4.0
2024-01-22 21:00:00,31.5,118.75,-4.1,4.0
2024-01-22 22:00:00,31.5,118.75,-4.5,4.0
2024-01-22 23:00:00,31.5,118.75,-4.8,4.0
2024-01-23 00:00:00,31.5,118.75,-4.7,4.0
2024-01-23 01:00:00,31.5,118.75,-4.1,4.0
2024-01-23 02:00:00,31.5,118.75,-3.1,4.0
2024-01-23 03:00:00,31.5,118.75,-2.3,4.0
2024-01-23 04:00:00,31.5,118.75,-1.6,4.0
2024-01-23 05:00:00,31.5,118.75,-0.9,4.0
2024-01-23 06:00:00,31.5,118.75,-0.6,4.0
2024-01-23 07:00:00,31.5,118.75,-0.5,4.0
2024-01-23 08:00:00,31.5,118.75,-0.6,4.0
2024-01-23 09:00:00,31.5,118.75,-1.3,4.0
2024-01-23 10:00:00,31.5,118.75,-2.5,4.0
2024-01-23 11:00:00,31.5,118.75,-2.9,4.0
2024-01-23 12:00:00,31.5,118.75,-3.0,4.0
2024-01-23 13:00:00,31.5,118.75,-3.0,4.0
2024-01-23 14:00:00,31.5,118.75,-3.0,4.0
2024-01-23 15:00:00,31.5,118.75,-3.2,4.0
2024-01-23 16:00:00,31.5,118.75,-3.2,4.0
2024-01-23 17:00:00,31.5,118.75,-3.2,4.0
2024-01-23 18:00:00,31.5,118.75,-3.2,4.0
2024-01-23 19:00:00,31.5,118.75,-3.2,4.0
2024-01-23 20:00:00,31.5,118.75,-3.2,4.0
2024-01-23 21:00:00,31.5,118.75,-3.3,4.0
2024-01-23 22:00:00,31.5,118.75,-3.2,4.0
2024-01-23 23:00:00,31.5,118.75,-3.2,4.0
2024-01-24 00:00:00,31.5,118.75,-2.6,4.0
2024-01-24 01:00:00,31.5,118.75,-1.3,4.0
2024-01-24 02:00:00,31.5,118.75,-0.0,4.0
2024-01-24 03:00:00,31.5,118.75,1.0,4.0
2024-01-24 04:00:00,31.5,118.75,1.7,4.0
2024-01-24 05:00:00,31.5,118.75,2.3,4.0
2024-01-24 06:00:00,31.5,118.75,2.7,4.0
2024-01-24 07:00:00,31.5,118.75,2.8,4.0
2024-01-24 08:00:00,31.5,118.75,2.7,4.0
2024-01-24 09:00:00,31.5,118.75,1.4,4.0
2024-01-24 10:00:00,31.5,118.75,0.0,4.0
2024-01-24 11:00:00,31.5,118.75,-0.3,4.0
2024-01-24 12:00:00,31.5,118.75,-0.5,4.0
2024-01-24 13:00:00,31.5,118.75,-0.6,4.0
2024-01-24 14:00:00,31.5,118.75,-0.8,4.0
2024-01-24 15:00:00,31.5,118.75,-0.9,4.0
2024-01-24 16:00:00,31.5,118.75,-1.0,4.0
2024-01-24 17:00:00,31.5,118.75,-1.1,4.0
2024-01-24 18:00:00,31.5,118.75,-0.8,4.0
2024-01-24 19:00:00,31.5,118.75,-0.7,4.0
2024-01-24 20:00:00,31.5,118.75,-0.7,4.0
2024-01-24 21:00:00,31.5,118.75,-0.6,4.0
2024-01-24 22:00:00,31.5,118.75,-1.1,4.0
2024-01-24 23:00:00,31.5,118.75,-1.2,4.0
2024-01-22 00:00:00,31.5,119.0,-1.8,8.0
2024-01-22 01:00:00,31.5,119.0,-1.7,8.0
2024-01-22 02:00:00,31.5,119.0,-1.5,8.0
2024-01-22 03:00:00,31.5,119.0,-1.1,8.0
2024-01-22 04:00:00,31.5,119.0,-0.9,8.0
2024-01-22 05:00:00,31.5,119.0,-1.0,8.0
2024-01-22 06:00:00,31.5,119.0,-0.9,8.0
2024-01-22 07:00:00,31.5,119.0,-0.8,8.0
2024-01-22 08:00:00,31.5,119.0,-1.4,8.0
2024-01-22 09:00:00,31.5,119.0,-1.9,8.0
2024-01-22 10:00:00,31.5,119.0,-2.4,8.0
2024-01-22 11:00:00,31.5,119.0,-2.4,8.0
2024-01-22 12:00:00,31.5,119.0,-2.7,8.0
2024-01-22 13:00:00,31.5,119.0,-2.9,8.0
2024-01-22 14:00:00,31.5,119.0,-2.9,8.0
2024-01-22 15:00:00,31.5,119.0,-3.0,8.0
2024-01-22 16:00:00,31.5,119.0,-3.1,8.0
2024-01-22 17:00:00,31.5,119.0,-3.2,8.0
2024-01-22 18:00:00,31.5,119.0,-3.7,8.0
2024-01-22 19:00:00,31.5,119.0,-3.9,8.0
2024-01-22 20:00:00,31.5,119.0,-4.4,8.0
2024-01-22 21:00:00,31.5,119.0,-4.7,8.0
2024-01-22 22:00:00,31.5,119.0,-4.8,8.0
2024-01-22 23:00:00,31.5,119.0,-4.9,8.0
2024-01-23 00:00:00,31.5,119.0,-4.8,8.0
2024-01-23 01:00:00,31.5,119.0,-4.0,8.0
2024-01-23 02:00:00,31.5,119.0,-3.0,8.0
2024-01-23 03:00:00,31.5,119.0,-2.2,8.0
2024-01-23 04:00:00,31.5,119.0,-1.5,8.0
2024-01-23 05:00:00,31.5,119.0,-1.0,8.0
2024-01-23 06:00:00,31.5,119.0,-0.8,8.0
2024-01-23 07:00:00,31.5,119.0,-0.7,8.0
2024-01-23 08:00:00,31.5,119.0,-1.0,8.0
2024-01-23 09:00:00,31.5,119.0,-1.7,8.0
2024-01-23 10:00:00,31.5,119.0,-2.9,8.0
2024-01-23 11:00:00,31.5,119.0,-3.3,8.0
2024-01-23 12:00:00,31.5,119.0,-3.2,8.0
2024-01-23 13:00:00,31.5,119.0,-3.2,8.0
2024-01-23 14:00:00,31.5,119.0,-3.1,8.0
2024-01-23 15:00:00,31.5,119.0,-3.1,8.0
2024-01-23 16:00:00,31.5,119.0,-3.0,8.0
2024-01-23 17:00:00,31.5,119.0,-3.0,8.0
2024-01-23 18:00:00,31.5,119.0,-3.1,8.0
2024-01-23 19:00:00,31.5,119.0,-3.2,8.0
2024-01-23 20:00:00,31.5,119.0,-3.2,8.0
2024-01-23 21:00:00,31.5,119.0,-3.2,8.0
2024-01-23 22:00:00,31.5,119.0,-3.2,8.0
2024-01-23 23:00:00,31.5,119.0,-3.2,8.0
2024-01-24 00:00:00,31.5,119.0,-2.4,8.0
2024-01-24 01:00:00,31.5,119.0,-1.0,8.0
2024-01-24 02:00:00,31.5,119.0,0.1,8.0
2024-01-24 03:00:00,31.5,119.0,1.0,8.0
2024-01-24 04:00:00,31.5,119.0,1.7,8.0
2024-01-24 05:00:00,31.5,119.0,2.3,8.0
2024-01-24 06:00:00,31.5,119.0,2.7,8.0
2024-01-24 07:00:00,31.5,119.0,2.9,8.0
2024-01-24 08:00:00,31.5,119.0,2.6,8.0
2024-01-24 09:00:00,31.5,119.0,1.1,8.0
2024-01-24 10:00:00,31.5,119.0,-0.4,8.0
2024-01-24 11:00:00,31.5,119.0,-0.8,8.0
2024-01-24 12:00:00,31.5,119.0,-1.1,8.0
2024-01-24 13:00:00,31.5,119.0,-1.1,8.0
2024-01-24 14:00:00,31.5,119.0,-1.2,8.0
2024-01-24 15:00:00,31.5,119.0,-1.3,8.0
2024-01-24 16:00:00,31.5,119.0,-1.4,8.0
2024-01-24 17:00:00,31.5,119.0,-1.4,8.0
2024-01-24 18:00:00,31.5,119.0,-1.2,8.0
2024-01-24 19:00:00,31.5,119.0,-1.0,8.0
2024-01-24 20:00:00,31.5,119.0,-1.0,8.0
2024-01-24 21:00:00,31.5,119.0,-1.0,8.0
2024-01-24 22:00:00,31.5,119.0,-1.2,8.0
2024-01-24 23:00:00,31.5,119.0,-1.4,8.0
2024-01-22 00:00:00,31.5,119.25,-1.8,8.0
2024-01-22 01:00:00,31.5,119.25,-1.5,8.0
2024-01-22 02:00:00,31.5,119.25,-1.4,8.0
2024-01-22 03:00:00,31.5,119.25,-1.0,8.0
2024-01-22 04:00:00,31.5,119.25,-0.7,8.0
2024-01-22 05:00:00,31.5,119.25,-1.0,8.0
2024-01-22 06:00:00,31.5,119.25,-1.2,8.0
2024-01-22 07:00:00,31.5,119.25,-0.9,8.0
2024-01-22 08:00:00,31.5,119.25,-1.6,8.0
2024-01-22 09:00:00,31.5,119.25,-2.1,8.0
2024-01-22 10:00:00,31.5,119.25,-2.4,8.0
2024-01-22 11:00:00,31.5,119.25,-2.4,8.0
2024-01-22 12:00:00,31.5,119.25,-2.6,8.0
2024-01-22 13:00:00,31.5,119.25,-2.9,8.0
2024-01-22 14:00:00,31.5,119.25,-3.0,8.0
2024-01-22 15:00:00,31.5,119.25,-3.0,8.0
2024-01-22 16:00:00,31.5,119.25,-3.2,8.0
2024-01-22 17:00:00,31.5,119.25,-3.3,8.0
2024-01-22 18:00:00,31.5,119.25,-3.8,8.0
2024-01-22 19:00:00,31.5,119.25,-4.1,8.0
2024-01-22 20:00:00,31.5,119.25,-4.5,8.0
2024-01-22 21:00:00,31.5,119.25,-5.0,8.0
2024-01-22 22:00:00,31.5,119.25,-5.4,8.0
2024-01-22 23:00:00,31.5,119.25,-5.5,8.0
2024-01-23 00:00:00,31.5,119.25,-5.4,8.0
2024-01-23 01:00:00,31.5,119.25,-4.4,8.0
2024-01-23 02:00:00,31.5,119.25,-3.3,8.0
2024-01-23 03:00:00,31.5,119.25,-2.1,8.0
2024-01-23 04:00:00,31.5,119.25,-1.5,8.0
2024-01-23 05:00:00,31.5,119.25,-1.0,8.0
2024-01-23 06:00:00,31.5,119.25,-0.8,8.0
2024-01-23 07:00:00,31.5,119.25,-0.6,8.0
2024-01-23 08:00:00,31.5,119.25,-1.0,8.0
2024-01-23 09:00:00,31.5,119.25,-1.9,8.0
2024-01-23 10:00:00,31.5,119.25,-3.2,8.0
2024-01-23 11:00:00,31.5,119.25,-3.5,8.0
2024-01-23 12:00:00,31.5,119.25,-3.5,8.0
2024-01-23 13:00:00,31.5,119.25,-3.6,8.0
2024-01-23 14:00:00,31.5,119.25,-3.6,8.0
2024-01-23 15:00:00,31.5,119.25,-3.6,8.0
2024-01-23 16:00:00,31.5,119.25,-3.6,8.0
2024-01-23 17:00:00,31.5,119.25,-3.6,8.0
2024-01-23 18:00:00,31.5,119.25,-3.7,8.0
2024-01-23 19:00:00,31.5,119.25,-3.7,8.0
2024-01-23 20:00:00,31.5,119.25,-3.7,8.0
2024-01-23 21:00:00,31.5,119.25,-3.7,8.0
2024-01-23 22:00:00,31.5,119.25,-3.7,8.0
2024-01-23 23:00:00,31.5,119.25,-3.6,8.0
2024-01-24 00:00:00,31.5,119.25,-2.7,8.0
2024-01-24 01:00:00,31.5,119.25,-1.2,8.0
2024-01-24 02:00:00,31.5,119.25,0.1,8.0
2024-01-24 03:00:00,31.5,119.25,1.1,8.0
2024-01-24 04:00:00,31.5,119.25,1.9,8.0
2024-01-24 05:00:00,31.5,119.25,2.6,8.0
2024-01-24 06:00:00,31.5,119.25,2.9,8.0
2024-01-24 07:00:00,31.5,119.25,3.0,8.0
2024-01-24 08:00:00,31.5,119.25,2.7,8.0
2024-01-24 09:00:00,31.5,119.25,0.9,8.0
2024-01-24 10:00:00,31.5,119.25,-0.7,8.0
2024-01-24 11:00:00,31.5,119.25,-1.2,8.0
2024-01-24 12:00:00,31.5,119.25,-1.4,8.0
2024-01-24 13:00:00,31.5,119.25,-1.4,8.0
2024-01-24 14:00:00,31.5,119.25,-1.5,8.0
2024-01-24 15:00:00,31.5,119.25,-1.6,8.0
2024-01-24 16:00:00,31.5,119.25,-1.7,8.0
2024-01-24 17:00:00,31.5,119.25,-1.7,8.0
2024-01-24 18:00:00,31.5,119.25,-1.7,8.0
2024-01-24 19:00:00,31.5,119.25,-1.5,8.0
2024-01-24 20:00:00,31.5,119.25,-1.3,8.0
2024-01-24 21:00:00,31.5,119.25,-1.2,8.0
2024-01-24 22:00:00,31.5,119.25,-1.3,8.0
2024-01-24 23:00:00,31.5,119.25,-1.7,8.0
2024-01-22 00:00:00,31.5,119.5,-2.2,4.0
2024-01-22 01:00:00,31.5,119.5,-1.8,4.0
2024-01-22 02:00:00,31.5,119.5,-1.1,4.0
2024-01-22 03:00:00,31.5,119.5,-0.8,4.0
2024-01-22 04:00:00,31.5,119.5,-0.5,4.0
2024-01-22 05:00:00,31.5,119.5,-0.9,4.0
2024-01-22 06:00:00,31.5,119.5,-1.2,4.0
2024-01-22 07:00:00,31.5,119.5,-1.0,4.0
2024-01-22 08:00:00,31.5,119.5,-1.5,4.0
2024-01-22 09:00:00,31.5,119.5,-2.1,4.0
2024-01-22 10:00:00,31.5,119.5,-2.4,4.0
2024-01-22 11:00:00,31.5,119.5,-2.4,4.0
2024-01-22 12:00:00,31.5,119.5,-2.5,4.0
2024-01-22 13:00:00,31.5,119.5,-2.7,4.0
2024-01-22 14:00:00,31.5,119.5,-2.8,4.0
2024-01-22 15:00:00,31.5,119.5,-2.9,4.0
2024-01-22 16:00:00,31.5,119.5,-3.1,4.0
2024-01-22 17:00:00,31.5,119.5,-3.3,4.0
2024-01-22 18:00:00,31.5,119.5,-3.9,4.0
2024-01-22 19:00:00,31.5,119.5,-4.3,4.0
2024-01-22 20:00:00,31.5,119.5,-4.7,4.0
2024-01-22 21:00:00,31.5,119.5,-5.1,4.0
2024-01-22 22:00:00,31.5,119.5,-5.3,4.0
2024-01-22 23:00:00,31.5,119.5,-5.5,4.0
2024-01-23 00:00:00,31.5,119.5,-5.5,4.0
2024-01-23 01:00:00,31.5,119.5,-4.6,4.0
2024-01-23 02:00:00,31.5,119.5,-3.4,4.0
2024-01-23 03:00:00,31.5,119.5,-2.4,4.0
2024-01-23 04:00:00,31.5,119.5,-1.4,4.0
2024-01-23 05:00:00,31.5,119.5,-0.7,4.0
2024-01-23 06:00:00,31.5,119.5,-0.4,4.0
2024-01-23 07:00:00,31.5,119.5,-0.2,4.0
2024-01-23 08:00:00,31.5,119.5,-0.8,4.0
2024-01-23 09:00:00,31.5,119.5,-1.8,4.0
2024-01-23 10:00:00,31.5,119.5,-3.0,4.0
2024-01-23 11:00:00,31.5,119.5,-3.3,4.0
2024-01-23 12:00:00,31.5,119.5,-3.3,4.0
2024-01-23 13:00:00,31.5,119.5,-3.2,4.0
2024-01-23 14:00:00,31.5,119.5,-3.2,4.0
2024-01-23 15:00:00,31.5,119.5,-3.2,4.0
2024-01-23 16:00:00,31.5,119.5,-3.2,4.0
2024-01-23 17:00:00,31.5,119.5,-3.2,4.0
2024-01-23 18:00:00,31.5,119.5,-3.2,4.0
2024-01-23 19:00:00,31.5,119.5,-3.3,4.0
2024-01-23 20:00:00,31.5,119.5,-3.3,4.0
2024-01-23 21:00:00,31.5,119.5,-3.4,4.0
2024-01-23 22:00:00,31.5,119.5,-3.4,4.0
2024-01-23 23:00:00,31.5,119.5,-3.4,4.0
2024-01-24 00:00:00,31.5,119.5,-2.4,4.0
2024-01-24 01:00:00,31.5,119.5,-0.9,4.0
2024-01-24 02:00:00,31.5,119.5,0.3,4.0
2024-01-24 03:00:00,31.5,119.5,1.3,4.0
2024-01-24 04:00:00,31.5,119.5,2.1,4.0
2024-01-24 05:00:00,31.5,119.5,2.7,4.0
2024-01-24 06:00:00,31.5,119.5,3.1,4.0
2024-01-24 07:00:00,31.5,119.5,3.2,4.0
2024-01-24 08:00:00,31.5,119.5,2.8,4.0
2024-01-24 09:00:00,31.5,119.5,1.0,4.0
2024-01-24 10:00:00,31.5,119.5,-0.6,4.0
2024-01-24 11:00:00,31.5,119.5,-1.1,4.0
2024-01-24 12:00:00,31.5,119.5,-1.4,4.0
2024-01-24 13:00:00,31.5,119.5,-1.5,4.0
2024-01-24 14:00:00,31.5,119.5,-1.6,4.0
2024-01-24 15:00:00,31.5,119.5,-1.7,4.0
2024-01-24 16:00:00,31.5,119.5,-1.8,4.0
2024-01-24 17:00:00,31.5,119.5,-1.9,4.0
2024-01-24 18:00:00,31.5,119.5,-1.9,4.0
2024-01-24 19:00:00,31.5,119.5,-1.6,4.0
2024-01-24 20:00:00,31.5,119.5,-1.4,4.0
2024-01-24 21:00:00,31.5,119.5,-1.3,4.0
2024-01-24 22:00:00,31.5,119.5,-1.3,4.0
2024-01-24 23:00:00,31.5,119.5,-1.8,4.0
2024-01-22 00:00:00,31.5,119.75,-2.2,1.0
2024-01-22 01:00:00,31.5,119.75,-2.1,1.0
2024-01-22 02:00:00,31.5,119.75,-1.5,1.0
2024-01-22 03:00:00,31.5,119.75,-1.1,1.0
2024-01-22 04:00:00,31.5,119.75,-0.5,1.0
2024-01-22 05:00:00,31.5,119.75,-0.7,1.0
2024-01-22 06:00:00,31.5,119.75,-1.0,1.0
2024-01-22 07:00:00,31.5,119.75,-1.2,1.0
2024-01-22 08:00:00,31.5,119.75,-1.6,1.0
2024-01-22 09:00:00,31.5,119.75,-1.9,1.0
2024-01-22 10:00:00,31.5,119.75,-2.3,1.0
2024-01-22 11:00:00,31.5,119.75,-2.3,1.0
2024-01-22 12:00:00,31.5,119.75,-2.6,1.0
2024-01-22 13:00:00,31.5,119.75,-2.9,1.0
2024-01-22 14:00:00,31.5,119.75,-3.1,1.0
2024-01-22 15:00:00,31.5,119.75,-3.2,1.0
2024-01-22 16:00:00,31.5,119.75,-3.3,1.0
2024-01-22 17:00:00,31.5,119.75,-3.4,1.0
2024-01-22 18:00:00,31.5,119.75,-3.8,1.0
2024-01-22 19:00:00,31.5,119.75,-4.1,1.0
2024-01-22 20:00:00,31.5,119.75,-4.5,1.0
2024-01-22 21:00:00,31.5,119.75,-4.9,1.0
2024-01-22 22:00:00,31.5,119.75,-5.4,1.0
2024-01-22 23:00:00,31.5,119.75,-5.8,1.0
2024-01-23 00:00:00,31.5,119.75,-5.7,1.0
2024-01-23 01:00:00,31.5,119.75,-4.8,1.0
2024-01-23 02:00:00,31.5,119.75,-3.6,1.0
2024-01-23 03:00:00,31.5,119.75,-2.5,1.0
2024-01-23 04:00:00,31.5,119.75,-1.6,1.0
2024-01-23 05:00:00,31.5,119.75,-0.8,1.0
2024-01-23 06:00:00,31.5,119.75,-0.4,1.0
2024-01-23 07:00:00,31.5,119.75,-0.2,1.0
2024-01-23 08:00:00,31.5,119.75,-0.9,1.0
2024-01-23 09:00:00,31.5,119.75,-1.9,1.0
2024-01-23 10:00:00,31.5,119.75,-3.1,1.0
2024-01-23 11:00:00,31.5,119.75,-3.5,1.0
2024-01-23 12:00:00,31.5,119.75,-3.6,1.0
2024-01-23 13:00:00,31.5,119.75,-3.8,1.0
2024-01-23 14:00:00,31.5,119.75,-3.7,1.0
2024-01-23 15:00:00,31.5,119.75,-3.6,1.0
2024-01-23 16:00:00,31.5,119.75,-3.6,1.0
2024-01-23 17:00:00,31.5,119.75,-3.6,1.0
2024-01-23 18:00:00,31.5,119.75,-3.7,1.0
2024-01-23 19:00:00,31.5,119.75,-3.7,1.0
2024-01-23 20:00:00,31.5,119.75,-3.7,1.0
2024-01-23 21:00:00,31.5,119.75,-3.7,1.0
2024-01-23 22:00:00,31.5,119.75,-3.7,1.0
2024-01-23 23:00:00,31.5,119.75,-3.7,1.0
2024-01-24 00:00:00,31.5,119.75,-2.8,1.0
2024-01-24 01:00:00,31.5,119.75,-1.1,1.0
2024-01-24 02:00:00,31.5,119.75,0.2,1.0
2024-01-24 03:00:00,31.5,119.75,1.3,1.0
2024-01-24 04:00:00,31.5,119.75,2.2,1.0
2024-01-24 05:00:00,31.5,119.75,2.8,1.0
2024-01-24 06:00:00,31.5,119.75,3.1,1.0
2024-01-24 07:00:00,31.5,119.75,3.2,1.0
2024-01-24 08:00:00,31.5,119.75,2.8,1.0
2024-01-24 09:00:00,31.5,119.75,0.9,1.0
2024-01-24 10:00:00,31.5,119.75,-0.7,1.0
2024-01-24 11:00:00,31.5,119.75,-1.3,1.0
2024-01-24 12:00:00,31.5,119.75,-1.6,1.0
2024-01-24 13:00:00,31.5,119.75,-1.8,1.0
2024-01-24 14:00:00,31.5,119.75,-1.9,1.0
2024-01-24 15:00:00,31.5,119.75,-2.0,1.0
2024-01-24 16:00:00,31.5,119.75,-2.1,1.0
2024-01-24 17:00:00,31.5,119.75,-2.2,1.0
2024-01-24 18:00:00,31.5,119.75,-2.2,1.0
2024-01-24 19:00:00,31.5,119.75,-2.0,1.0
2024-01-24 20:00:00,31.5,119.75,-1.9,1.0
2024-01-24 21:00:00,31.5,119.75,-1.6,1.0
2024-01-24 22:00:00,31.5,119.75,-1.6,1.0
2024-01-24 23:00:00,31.5,119.75,-1.9,1.0
2024-01-22 00:00:00,31.5,120.0,-2.3,4.0
2024-01-22 01:00:00,31.5,120.0,-2.1,4.0
2024-01-22 02:00:00,31.5,120.0,-1.3,4.0
2024-01-22 03:00:00,31.5,120.0,-1.1,4.0
2024-01-22 04:00:00,31.5,120.0,-0.8,4.0
2024-01-22 05:00:00,31.5,120.0,-0.9,4.0
2024-01-22 06:00:00,31.5,120.0,-1.3,4.0
2024-01-22 07:00:00,31.5,120.0,-1.3,4.0
2024-01-22 08:00:00,31.5,120.0,-1.8,4.0
2024-01-22 09:00:00,31.5,120.0,-2.1,4.0
2024-01-22 10:00:00,31.5,120.0,-2.4,4.0
2024-01-22 11:00:00,31.5,120.0,-2.3,4.0
2024-01-22 12:00:00,31.5,120.0,-2.5,4.0
2024-01-22 13:00:00,31.5,120.0,-2.6,4.0
2024-01-22 14:00:00,31.5,120.0,-2.8,4.0
2024-01-22 15:00:00,31.5,120.0,-3.0,4.0
2024-01-22 16:00:00,31.5,120.0,-3.1,4.0
2024-01-22 17:00:00,31.5,120.0,-3.4,4.0
2024-01-22 18:00:00,31.5,120.0,-3.9,4.0
2024-01-22 19:00:00,31.5,120.0,-4.3,4.0
2024-01-22 20:00:00,31.5,120.0,-4.7,4.0
2024-01-22 21:00:00,31.5,120.0,-5.2,4.0
2024-01-22 22:00:00,31.5,120.0,-5.5,4.0
2024-01-22 23:00:00,31.5,120.0,-5.7,4.0
2024-01-23 00:00:00,31.5,120.0,-5.4,4.0
2024-01-23 01:00:00,31.5,120.0,-4.6,4.0
2024-01-23 02:00:00,31.5,120.0,-3.7,4.0
2024-01-23 03:00:00,31.5,120.0,-2.6,4.0
2024-01-23 04:00:00,31.5,120.0,-1.5,4.0
2024-01-23 05:00:00,31.5,120.0,-0.9,4.0
2024-01-23 06:00:00,31.5,120.0,-0.5,4.0
2024-01-23 07:00:00,31.5,120.0,-0.4,4.0
2024-01-23 08:00:00,31.5,120.0,-0.9,4.0
2024-01-23 09:00:00,31.5,120.0,-1.7,4.0
2024-01-23 10:00:00,31.5,120.0,-2.6,4.0
2024-01-23 11:00:00,31.5,120.0,-2.7,4.0
2024-01-23 12:00:00,31.5,120.0,-2.8,4.0
2024-01-23 13:00:00,31.5,120.0,-2.8,4.0
2024-01-23 14:00:00,31.5,120.0,-2.8,4.0
2024-01-23 15:00:00,31.5,120.0,-2.8,4.0
2024-01-23 16:00:00,31.5,120.0,-2.8,4.0
2024-01-23 17:00:00,31.5,120.0,-2.8,4.0
2024-01-23 18:00:00,31.5,120.0,-2.8,4.0
2024-01-23 19:00:00,31.5,120.0,-2.8,4.0
2024-01-23 20:00:00,31.5,120.0,-2.9,4.0
2024-01-23 21:00:00,31.5,120.0,-2.8,4.0
2024-01-23 22:00:00,31.5,120.0,-2.9,4.0
2024-01-23 23:00:00,31.5,120.0,-3.0,4.0
2024-01-24 00:00:00,31.5,120.0,-2.0,4.0
2024-01-24 01:00:00,31.5,120.0,-0.9,4.0
2024-01-24 02:00:00,31.5,120.0,0.1,4.0
2024-01-24 03:00:00,31.5,120.0,1.1,4.0
2024-01-24 04:00:00,31.5,120.0,2.0,4.0
2024-01-24 05:00:00,31.5,120.0,2.5,4.0
2024-01-24 06:00:00,31.5,120.0,2.9,4.0
2024-01-24 07:00:00,31.5,120.0,3.0,4.0
2024-01-24 08:00:00,31.5,120.0,2.8,4.0
2024-01-24 09:00:00,31.5,120.0,1.3,4.0
2024-01-24 10:00:00,31.5,120.0,-0.2,4.0
2024-01-24 11:00:00,31.5,120.0,-0.5,4.0
2024-01-24 12:00:00,31.5,120.0,-0.6,4.0
2024-01-24 13:00:00,31.5,120.0,-0.8,4.0
2024-01-24 14:00:00,31.5,120.0,-0.9,4.0
2024-01-24 15:00:00,31.5,120.0,-1.0,4.0
2024-01-24 16:00:00,31.5,120.0,-1.1,4.0
2024-01-24 17:00:00,31.5,120.0,-1.2,4.0
2024-01-24 18:00:00,31.5,120.0,-1.2,4.0
2024-01-24 19:00:00,31.5,120.0,-1.3,4.0
2024-01-24 20:00:00,31.5,120.0,-1.0,4.0
2024-01-24 21:00:00,31.5,120.0,-0.9,4.0
2024-01-24 22:00:00,31.5,120.0,-0.9,4.0
2024-01-24 23:00:00,31.5,120.0,-1.0,4.0
2024-01-22 00:00:00,31.5,120.25,-2.2,37.0
2024-01-22 01:00:00,31.5,120.25,-2.1,37.0
2024-01-22 02:00:00,31.5,120.25,-1.5,37.0
2024-01-22 03:00:00,31.5,120.25,-1.1,37.0
2024-01-22 04:00:00,31.5,120.25,-0.7,37.0
2024-01-22 05:00:00,31.5,120.25,-0.5,37.0
2024-01-22 06:00:00,31.5,120.25,-0.7,37.0
2024-01-22 07:00:00,31.5,120.25,-0.8,37.0
2024-01-22 08:00:00,31.5,120.25,-1.1,37.0
2024-01-22 09:00:00,31.5,120.25,-1.5,37.0
2024-01-22 10:00:00,31.5,120.25,-1.8,37.0
2024-01-22 11:00:00,31.5,120.25,-2.1,37.0
2024-01-22 12:00:00,31.5,120.25,-2.3,37.0
2024-01-22 13:00:00,31.5,120.25,-2.5,37.0
2024-01-22 14:00:00,31.5,120.25,-2.8,37.0
2024-01-22 15:00:00,31.5,120.25,-2.9,37.0
2024-01-22 16:00:00,31.5,120.25,-3.1,37.0
2024-01-22 17:00:00,31.5,120.25,-3.3,37.0
2024-01-22 18:00:00,31.5,120.25,-3.8,37.0
2024-01-22 19:00:00,31.5,120.25,-4.2,37.0
2024-01-22 20:00:00,31.5,120.25,-4.5,37.0
2024-01-22 21:00:00,31.5,120.25,-4.8,37.0
2024-01-22 22:00:00,31.5,120.25,-5.1,37.0
2024-01-22 23:00:00,31.5,120.25,-5.2,37.0
2024-01-23 00:00:00,31.5,120.25,-5.1,37.0
2024-01-23 01:00:00,31.5,120.25,-4.4,37.0
2024-01-23 02:00:00,31.5,120.25,-3.6,37.0
2024-01-23 03:00:00,31.5,120.25,-2.8,37.0
2024-01-23 04:00:00,31.5,120.25,-2.1,37.0
2024-01-23 05:00:00,31.5,120.25,-1.6,37.0
2024-01-23 06:00:00,31.5,120.25,-1.0,37.0
2024-01-23 07:00:00,31.5,120.25,-0.7,37.0
2024-01-23 08:00:00,31.5,120.25,-1.0,37.0
2024-01-23 09:00:00,31.5,120.25,-1.1,37.0
2024-01-23 10:00:00,31.5,120.25,-1.5,37.0
2024-01-23 11:00:00,31.5,120.25,-1.8,37.0
2024-01-23 12:00:00,31.5,120.25,-2.1,37.0
2024-01-23 13:00:00,31.5,120.25,-2.2,37.0
2024-01-23 14:00:00,31.5,120.25,-2.2,37.0
2024-01-23 15:00:00,31.5,120.25,-2.1,37.0
2024-01-23 16:00:00,31.5,120.25,-2.1,37.0
2024-01-23 17:00:00,31.5,120.25,-2.2,37.0
2024-01-23 18:00:00,31.5,120.25,-2.3,37.0
2024-01-23 19:00:00,31.5,120.25,-2.4,37.0
2024-01-23 20:00:00,31.5,120.25,-2.5,37.0
2024-01-23 21:00:00,31.5,120.25,-2.5,37.0
2024-01-23 22:00:00,31.5,120.25,-2.6,37.0
2024-01-23 23:00:00,31.5,120.25,-2.7,37.0
2024-01-24 00:00:00,31.5,120.25,-2.2,37.0
2024-01-24 01:00:00,31.5,120.25,-1.2,37.0
2024-01-24 02:00:00,31.5,120.25,-0.1,37.0
2024-01-24 03:00:00,31.5,120.25,0.8,37.0
2024-01-24 04:00:00,31.5,120.25,1.6,37.0
2024-01-24 05:00:00,31.5,120.25,2.6,37.0
2024-01-24 06:00:00,31.5,120.25,3.1,37.0
2024-01-24 07:00:00,31.5,120.25,3.4,37.0
2024-01-24 08:00:00,31.5,120.25,3.3,37.0
2024-01-24 09:00:00,31.5,120.25,2.7,37.0
2024-01-24 10:00:00,31.5,120.25,2.1,37.0
2024-01-24 11:00:00,31.5,120.25,1.5,37.0
2024-01-24 12:00:00,31.5,120.25,1.0,37.0
2024-01-24 13:00:00,31.5,120.25,0.5,37.0
2024-01-24 14:00:00,31.5,120.25,0.1,37.0
2024-01-24 15:00:00,31.5,120.25,-0.2,37.0
2024-01-24 16:00:00,31.5,120.25,-0.5,37.0
2024-01-24 17:00:00,31.5,120.25,-0.7,37.0
2024-01-24 18:00:00,31.5,120.25,-0.7,37.0
2024-01-24 19:00:00,31.5,120.25,-0.8,37.0
2024-01-24 20:00:00,31.5,120.25,-0.8,37.0
2024-01-24 21:00:00,31.5,120.25,-0.7,37.0
2024-01-24 22:00:00,31.5,120.25,-0.7,37.0
2024-01-24 23:00:00,31.5,120.25,-0.8,37.0
2024-01-22 00:00:00,31.5,120.5,-2.1,7.0
2024-01-22 01:00:00,31.5,120.5,-1.8,7.0
2024-01-22 02:00:00,31.5,120.5,-1.3,7.0
2024-01-22 03:00:00,31.5,120.5,-0.7,7.0
2024-01-22 04:00:00,31.5,120.5,-0.7,7.0
2024-01-22 05:00:00,31.5,120.5,-0.4,7.0
2024-01-22 06:00:00,31.5,120.5,-0.7,7.0
2024-01-22 07:00:00,31.5,120.5,-1.1,7.0
2024-01-22 08:00:00,31.5,120.5,-1.3,7.0
2024-01-22 09:00:00,31.5,120.5,-1.7,7.0
2024-01-22 10:00:00,31.5,120.5,-2.2,7.0
2024-01-22 11:00:00,31.5,120.5,-2.2,7.0
2024-01-22 12:00:00,31.5,120.5,-2.4,7.0
2024-01-22 13:00:00,31.5,120.5,-2.6,7.0
2024-01-22 14:00:00,31.5,120.5,-2.8,7.0
2024-01-22 15:00:00,31.5,120.5,-3.1,7.0
2024-01-22 16:00:00,31.5,120.5,-3.3,7.0
2024-01-22 17:00:00,31.5,120.5,-3.6,7.0
2024-01-22 18:00:00,31.5,120.5,-4.1,7.0
2024-01-22 19:00:00,31.5,120.5,-4.6,7.0
2024-01-22 20:00:00,31.5,120.5,-4.8,7.0
2024-01-22 21:00:00,31.5,120.5,-5.2,7.0
2024-01-22 22:00:00,31.5,120.5,-5.4,7.0
2024-01-22 23:00:00,31.5,120.5,-5.7,7.0
2024-01-23 00:00:00,31.5,120.5,-5.5,7.0
2024-01-23 01:00:00,31.5,120.5,-4.5,7.0
2024-01-23 02:00:00,31.5,120.5,-3.4,7.0
2024-01-23 03:00:00,31.5,120.5,-2.5,7.0
2024-01-23 04:00:00,31.5,120.5,-1.8,7.0
2024-01-23 05:00:00,31.5,120.5,-1.7,7.0
2024-01-23 06:00:00,31.5,120.5,-1.1,7.0
2024-01-23 07:00:00,31.5,120.5,-0.8,7.0
2024-01-23 08:00:00,31.5,120.5,-1.4,7.0
2024-01-23 09:00:00,31.5,120.5,-2.1,7.0
2024-01-23 10:00:00,31.5,120.5,-2.8,7.0
2024-01-23 11:00:00,31.5,120.5,-2.9,7.0
2024-01-23 12:00:00,31.5,120.5,-2.8,7.0
2024-01-23 13:00:00,31.5,120.5,-3.1,7.0
2024-01-23 14:00:00,31.5,120.5,-3.2,7.0
2024-01-23 15:00:00,31.5,120.5,-3.2,7.0
2024-01-23 16:00:00,31.5,120.5,-3.0,7.0
2024-01-23 17:00:00,31.5,120.5,-3.0,7.0
2024-01-23 18:00:00,31.5,120.5,-3.1,7.0
2024-01-23 19:00:00,31.5,120.5,-3.2,7.0
2024-01-23 20:00:00,31.5,120.5,-3.3,7.0
2024-01-23 21:00:00,31.5,120.5,-3.3,7.0
2024-01-23 22:00:00,31.5,120.5,-3.4,7.0
2024-01-23 23:00:00,31.5,120.5,-3.5,7.0
2024-01-24 00:00:00,31.5,120.5,-2.5,7.0
2024-01-24 01:00:00,31.5,120.5,-1.0,7.0
2024-01-24 02:00:00,31.5,120.5,0.4,7.0
2024-01-24 03:00:00,31.5,120.5,1.3,7.0
2024-01-24 04:00:00,31.5,120.5,2.2,7.0
2024-01-24 05:00:00,31.5,120.5,2.8,7.0
2024-01-24 06:00:00,31.5,120.5,3.2,7.0
2024-01-24 07:00:00,31.5,120.5,3.3,7.0
2024-01-24 08:00:00,31.5,120.5,3.0,7.0
2024-01-24 09:00:00,31.5,120.5,1.6,7.0
2024-01-24 10:00:00,31.5,120.5,0.0,7.0
2024-01-24 11:00:00,31.5,120.5,-0.3,7.0
2024-01-24 12:00:00,31.5,120.5,-0.4,7.0
2024-01-24 13:00:00,31.5,120.5,-0.6,7.0
2024-01-24 14:00:00,31.5,120.5,-0.6,7.0
2024-01-24 15:00:00,31.5,120.5,-0.8,7.0
2024-01-24 16:00:00,31.5,120.5,-1.1,7.0
2024-01-24 17:00:00,31.5,120.5,-1.2,7.0
2024-01-24 18:00:00,31.5,120.5,-1.3,7.0
2024-01-24 19:00:00,31.5,120.5,-1.4,7.0
2024-01-24 20:00:00,31.5,120.5,-1.2,7.0
2024-01-24 21:00:00,31.5,120.5,-1.2,7.0
2024-01-24 22:00:00,31.5,120.5,-1.1,7.0
2024-01-24 23:00:00,31.5,120.5,-1.0,7.0
2024-01-22 00:00:00,31.5,120.75,-2.1,3.0
2024-01-22 01:00:00,31.5,120.75,-1.6,3.0
2024-01-22 02:00:00,31.5,120.75,-1.3,3.0
2024-01-22 03:00:00,31.5,120.75,-0.4,3.0
2024-01-22 04:00:00,31.5,120.75,-0.3,3.0
2024-01-22 05:00:00,31.5,120.75,-0.3,3.0
2024-01-22 06:00:00,31.5,120.75,-0.3,3.0
2024-01-22 07:00:00,31.5,120.75,-1.0,3.0
2024-01-22 08:00:00,31.5,120.75,-1.2,3.0
2024-01-22 09:00:00,31.5,120.75,-1.5,3.0
2024-01-22 10:00:00,31.5,120.75,-2.0,3.0
2024-01-22 11:00:00,31.5,120.75,-2.2,3.0
2024-01-22 12:00:00,31.5,120.75,-2.4,3.0
2024-01-22 13:00:00,31.5,120.75,-2.5,3.0
2024-01-22 14:00:00,31.5,120.75,-2.6,3.0
2024-01-22 15:00:00,31.5,120.75,-2.9,3.0
2024-01-22 16:00:00,31.5,120.75,-3.0,3.0
2024-01-22 17:00:00,31.5,120.75,-3.4,3.0
2024-01-22 18:00:00,31.5,120.75,-3.9,3.0
2024-01-22 19:00:00,31.5,120.75,-4.2,3.0
2024-01-22 20:00:00,31.5,120.75,-4.5,3.0
2024-01-22 21:00:00,31.5,120.75,-4.8,3.0
2024-01-22 22:00:00,31.5,120.75,-5.1,3.0
2024-01-22 23:00:00,31.5,120.75,-5.3,3.0
2024-01-23 00:00:00,31.5,120.75,-5.3,3.0
2024-01-23 01:00:00,31.5,120.75,-4.4,3.0
2024-01-23 02:00:00,31.5,120.75,-3.4,3.0
2024-01-23 03:00:00,31.5,120.75,-2.4,3.0
2024-01-23 04:00:00,31.5,120.75,-1.6,3.0
2024-01-23 05:00:00,31.5,120.75,-1.3,3.0
2024-01-23 06:00:00,31.5,120.75,-1.0,3.0
2024-01-23 07:00:00,31.5,120.75,-0.8,3.0
2024-01-23 08:00:00,31.5,120.75,-1.1,3.0
2024-01-23 09:00:00,31.5,120.75,-1.9,3.0
2024-01-23 10:00:00,31.5,120.75,-2.9,3.0
2024-01-23 11:00:00,31.5,120.75,-3.2,3.0
2024-01-23 12:00:00,31.5,120.75,-3.4,3.0
2024-01-23 13:00:00,31.5,120.75,-3.4,3.0
2024-01-23 14:00:00,31.5,120.75,-3.3,3.0
2024-01-23 15:00:00,31.5,120.75,-3.2,3.0
2024-01-23 16:00:00,31.5,120.75,-3.2,3.0
2024-01-23 17:00:00,31.5,120.75,-3.2,3.0
2024-01-23 18:00:00,31.5,120.75,-3.2,3.0
2024-01-23 19:00:00,31.5,120.75,-3.2,3.0
2024-01-23 20:00:00,31.5,120.75,-3.3,3.0
2024-01-23 21:00:00,31.5,120.75,-3.3,3.0
2024-01-23 22:00:00,31.5,120.75,-3.3,3.0
2024-01-23 23:00:00,31.5,120.75,-3.4,3.0
2024-01-24 00:00:00,31.5,120.75,-2.3,3.0
2024-01-24 01:00:00,31.5,120.75,-0.8,3.0
2024-01-24 02:00:00,31.5,120.75,0.5,3.0
2024-01-24 03:00:00,31.5,120.75,1.6,3.0
2024-01-24 04:00:00,31.5,120.75,2.5,3.0
2024-01-24 05:00:00,31.5,120.75,3.1,3.0
2024-01-24 06:00:00,31.5,120.75,3.3,3.0
2024-01-24 07:00:00,31.5,120.75,3.4,3.0
2024-01-24 08:00:00,31.5,120.75,3.0,3.0
2024-01-24 09:00:00,31.5,120.75,1.4,3.0
2024-01-24 10:00:00,31.5,120.75,-0.3,3.0
2024-01-24 11:00:00,31.5,120.75,-0.8,3.0
2024-01-24 12:00:00,31.5,120.75,-1.1,3.0
2024-01-24 13:00:00,31.5,120.75,-1.3,3.0
2024-01-24 14:00:00,31.5,120.75,-1.4,3.0
2024-01-24 15:00:00,31.5,120.75,-1.5,3.0
2024-01-24 16:00:00,31.5,120.75,-1.7,3.0
2024-01-24 17:00:00,31.5,120.75,-1.9,3.0
2024-01-24 18:00:00,31.5,120.75,-1.9,3.0
2024-01-24 19:00:00,31.5,120.75,-2.0,3.0
2024-01-24 20:00:00,31.5,120.75,-2.0,3.0
2024-01-24 21:00:00,31.5,120.75,-1.7,3.0
2024-01-24 22:00:00,31.5,120.75,-1.3,3.0
2024-01-24 23:00:00,31.5,120.75,-1.3,3.0
2024-01-22 00:00:00,31.5,121.0,-0.8,2.0
2024-01-22 01:00:00,31.5,121.0,-0.6,2.0
2024-01-22 02:00:00,31.5,121.0,-0.4,2.0
2024-01-22 03:00:00,31.5,121.0,0.1,2.0
2024-01-22 04:00:00,31.5,121.0,0.3,2.0
2024-01-22 05:00:00,31.5,121.0,0.3,2.0
2024-01-22 06:00:00,31.5,121.0,0.4,2.0
2024-01-22 07:00:00,31.5,121.0,0.1,2.0
2024-01-22 08:00:00,31.5,121.0,-0.2,2.0
2024-01-22 09:00:00,31.5,121.0,-0.4,2.0
2024-01-22 10:00:00,31.5,121.0,-0.5,2.0
2024-01-22 11:00:00,31.5,121.0,-0.9,2.0
2024-01-22 12:00:00,31.5,121.0,-1.3,2.0
2024-01-22 13:00:00,31.5,121.0,-1.4,2.0
2024-01-22 14:00:00,31.5,121.0,-1.5,2.0
2024-01-22 15:00:00,31.5,121.0,-2.3,2.0
2024-01-22 16:00:00,31.5,121.0,-2.5,2.0
2024-01-22 17:00:00,31.5,121.0,-2.8,2.0
2024-01-22 18:00:00,31.5,121.0,-3.2,2.0
2024-01-22 19:00:00,31.5,121.0,-3.4,2.0
2024-01-22 20:00:00,31.5,121.0,-3.9,2.0
2024-01-22 21:00:00,31.5,121.0,-4.1,2.0
2024-01-22 22:00:00,31.5,121.0,-4.3,2.0
2024-01-22 23:00:00,31.5,121.0,-4.6,2.0
2024-01-23 00:00:00,31.5,121.0,-4.6,2.0
2024-01-23 01:00:00,31.5,121.0,-3.9,2.0
2024-01-23 02:00:00,31.5,121.0,-3.1,2.0
2024-01-23 03:00:00,31.5,121.0,-2.2,2.0
2024-01-23 04:00:00,31.5,121.0,-1.5,2.0
2024-01-23 05:00:00,31.5,121.0,-0.9,2.0
2024-01-23 06:00:00,31.5,121.0,-0.5,2.0
2024-01-23 07:00:00,31.5,121.0,-0.4,2.0
2024-01-23 08:00:00,31.5,121.0,-0.6,2.0
2024-01-23 09:00:00,31.5,121.0,-1.0,2.0
2024-01-23 10:00:00,31.5,121.0,-1.4,2.0
2024-01-23 11:00:00,31.5,121.0,-1.6,2.0
2024-01-23 12:00:00,31.5,121.0,-1.8,2.0
2024-01-23 13:00:00,31.5,121.0,-1.9,2.0
2024-01-23 14:00:00,31.5,121.0,-2.0,2.0
2024-01-23 15:00:00,31.5,121.0,-2.4,2.0
2024-01-23 16:00:00,31.5,121.0,-2.4,2.0
2024-01-23 17:00:00,31.5,121.0,-2.3,2.0
2024-01-23 18:00:00,31.5,121.0,-2.4,2.0
2024-01-23 19:00:00,31.5,121.0,-2.3,2.0
2024-01-23 20:00:00,31.5,121.0,-2.4,2.0
2024-01-23 21:00:00,31.5,121.0,-2.4,2.0
2024-01-23 22:00:00,31.5,121.0,-2.5,2.0
2024-01-23 23:00:00,31.5,121.0,-2.5,2.0
2024-01-24 00:00:00,31.5,121.0,-2.0,2.0
2024-01-24 01:00:00,31.5,121.0,-0.9,2.0
2024-01-24 02:00:00,31.5,121.0,0.4,2.0
2024-01-24 03:00:00,31.5,121.0,1.5,2.0
2024-01-24 04:00:00,31.5,121.0,2.4,2.0
2024-01-24 05:00:00,31.5,121.0,3.1,2.0
2024-01-24 06:00:00,31.5,121.0,3.9,2.0
2024-01-24 07:00:00,31.5,121.0,4.0,2.0
2024-01-24 08:00:00,31.5,121.0,3.9,2.0
2024-01-24 09:00:00,31.5,121.0,3.2,2.0
2024-01-24 10:00:00,31.5,121.0,2.4,2.0
2024-01-24 11:00:00,31.5,121.0,1.7,2.0
2024-01-24 12:00:00,31.5,121.0,1.0,2.0
2024-01-24 13:00:00,31.5,121.0,0.6,2.0
2024-01-24 14:00:00,31.5,121.0,0.3,2.0
2024-01-24 15:00:00,31.5,121.0,0.1,2.0
2024-01-24 16:00:00,31.5,121.0,-0.2,2.0
2024-01-24 17:00:00,31.5,121.0,-0.4,2.0
2024-01-24 18:00:00,31.5,121.0,-0.5,2.0
2024-01-24 19:00:00,31.5,121.0,-0.5,2.0
2024-01-24 20:00:00,31.5,121.0,-0.6,2.0
2024-01-24 21:00:00,31.5,121.0,-0.5,2.0
2024-01-24 22:00:00,31.5,121.0,-0.4,2.0
2024-01-24 23:00:00,31.5,121.0,-0.4,2.0
2024-01-22 00:00:00,31.5,121.25,-0.7,4.0
2024-01-22 01:00:00,31.5,121.25,-0.3,4.0
2024-01-22 02:00:00,31.5,121.25,-0.2,4.0
2024-01-22 03:00:00,31.5,121.25,0.3,4.0
2024-01-22 04:00:00,31.5,121.25,0.6,4.0
2024-01-22 05:00:00,31.5,121.25,0.7,4.0
2024-01-22 06:00:00,31.5,121.25,0.8,4.0
2024-01-22 07:00:00,31.5,121.25,0.5,4.0
2024-01-22 08:00:00,31.5,121.25,0.2,4.0
2024-01-22 09:00:00,31.5,121.25,0.0,4.0
2024-01-22 10:00:00,31.5,121.25,-0.3,4.0
2024-01-22 11:00:00,31.5,121.25,-0.7,4.0
2024-01-22 12:00:00,31.5,121.25,-1.1,4.0
2024-01-22 13:00:00,31.5,121.25,-1.5,4.0
2024-01-22 14:00:00,31.5,121.25,-1.7,4.0
2024-01-22 15:00:00,31.5,121.25,-2.1,4.0
2024-01-22 16:00:00,31.5,121.25,-2.2,4.0
2024-01-22 17:00:00,31.5,121.25,-2.4,4.0
2024-01-22 18:00:00,31.5,121.25,-2.7,4.0
2024-01-22 19:00:00,31.5,121.25,-3.1,4.0
2024-01-22 20:00:00,31.5,121.25,-3.6,4.0
2024-01-22 21:00:00,31.5,121.25,-3.7,4.0
2024-01-22 22:00:00,31.5,121.25,-3.9,4.0
2024-01-22 23:00:00,31.5,121.25,-4.1,4.0
2024-01-23 00:00:00,31.5,121.25,-4.0,4.0
2024-01-23 01:00:00,31.5,121.25,-3.5,4.0
2024-01-23 02:00:00,31.5,121.25,-2.7,4.0
2024-01-23 03:00:00,31.5,121.25,-2.2,4.0
2024-01-23 04:00:00,31.5,121.25,-1.6,4.0
2024-01-23 05:00:00,31.5,121.25,-1.2,4.0
2024-01-23 06:00:00,31.5,121.25,-0.8,4.0
2024-01-23 07:00:00,31.5,121.25,-0.7,4.0
2024-01-23 08:00:00,31.5,121.25,-0.7,4.0
2024-01-23 09:00:00,31.5,121.25,-1.0,4.0
2024-01-23 10:00:00,31.5,121.25,-1.3,4.0
2024-01-23 11:00:00,31.5,121.25,-1.4,4.0
2024-01-23 12:00:00,31.5,121.25,-1.5,4.0
2024-01-23 13:00:00,31.5,121.25,-1.7,4.0
2024-01-23 14:00:00,31.5,121.25,-1.9,4.0
2024-01-23 15:00:00,31.5,121.25,-1.9,4.0
2024-01-23 16:00:00,31.5,121.25,-2.1,4.0
2024-01-23 17:00:00,31.5,121.25,-2.2,4.0
2024-01-23 18:00:00,31.5,121.25,-2.2,4.0
2024-01-23 19:00:00,31.5,121.25,-2.1,4.0
2024-01-23 20:00:00,31.5,121.25,-2.1,4.0
2024-01-23 21:00:00,31.5,121.25,-2.1,4.0
2024-01-23 22:00:00,31.5,121.25,-2.1,4.0
2024-01-23 23:00:00,31.5,121.25,-2.1,4.0
2024-01-24 00:00:00,31.5,121.25,-1.7,4.0
2024-01-24 01:00:00,31.5,121.25,-0.7,4.0
2024-01-24 02:00:00,31.5,121.25,0.5,4.0
2024-01-24 03:00:00,31.5,121.25,1.4,4.0
2024-01-24 04:00:00,31.5,121.25,2.0,4.0
2024-01-24 05:00:00,31.5,121.25,2.7,4.0
2024-01-24 06:00:00,31.5,121.25,3.4,4.0
2024-01-24 07:00:00,31.5,121.25,3.5,4.0
2024-01-24 08:00:00,31.5,121.25,3.3,4.0
2024-01-24 09:00:00,31.5,121.25,2.9,4.0
2024-01-24 10:00:00,31.5,121.25,2.4,4.0
2024-01-24 11:00:00,31.5,121.25,1.9,4.0
2024-01-24 12:00:00,31.5,121.25,1.4,4.0
2024-01-24 13:00:00,31.5,121.25,1.0,4.0
2024-01-24 14:00:00,31.5,121.25,0.5,4.0
2024-01-24 15:00:00,31.5,121.25,0.1,4.0
2024-01-24 16:00:00,31.5,121.25,-0.2,4.0
2024-01-24 17:00:00,31.5,121.25,-0.3,4.0
2024-01-24 18:00:00,31.5,121.25,-0.3,4.0
2024-01-24 19:00:00,31.5,121.25,-0.4,4.0
2024-01-24 20:00:00,31.5,121.25,-0.5,4.0
2024-01-24 21:00:00,31.5,121.25,-0.4,4.0
2024-01-24 22:00:00,31.5,121.25,-0.3,4.0
2024-01-24 23:00:00,31.5,121.25,-0.3,4.0
2024-01-22 00:00:00,31.5,121.5,-1.7,0.0
2024-01-22 01:00:00,31.5,121.5,-1.1,0.0
2024-01-22 02:00:00,31.5,121.5,-0.4,0.0
2024-01-22 03:00:00,31.5,121.5,0.1,0.0
2024-01-22 04:00:00,31.5,121.5,0.3,0.0
2024-01-22 05:00:00,31.5,121.5,0.5,0.0
2024-01-22 06:00:00,31.5,121.5,0.6,0.0
2024-01-22 07:00:00,31.5,121.5,0.2,0.0
2024-01-22 08:00:00,31.5,121.5,-0.2,0.0
2024-01-22 09:00:00,31.5,121.5,-0.8,0.0
2024-01-22 10:00:00,31.5,121.5,-1.3,0.0
2024-01-22 11:00:00,31.5,121.5,-1.6,0.0
2024-01-22 12:00:00,31.5,121.5,-2.1,0.0
2024-01-22 13:00:00,31.5,121.5,-2.3,0.0
2024-01-22 14:00:00,31.5,121.5,-2.5,0.0
2024-01-22 15:00:00,31.5,121.5,-3.1,0.0
2024-01-22 16:00:00,31.5,121.5,-3.3,0.0
2024-01-22 17:00:00,31.5,121.5,-3.5,0.0
2024-01-22 18:00:00,31.5,121.5,-4.0,0.0
2024-01-22 19:00:00,31.5,121.5,-4.3,0.0
2024-01-22 20:00:00,31.5,121.5,-4.7,0.0
2024-01-22 21:00:00,31.5,121.5,-5.0,0.0
2024-01-22 22:00:00,31.5,121.5,-5.2,0.0
2024-01-22 23:00:00,31.5,121.5,-5.3,0.0
2024-01-23 00:00:00,31.5,121.5,-5.2,0.0
2024-01-23 01:00:00,31.5,121.5,-4.3,0.0
2024-01-23 02:00:00,31.5,121.5,-3.4,0.0
2024-01-23 03:00:00,31.5,121.5,-2.5,0.0
2024-01-23 04:00:00,31.5,121.5,-1.7,0.0
2024-01-23 05:00:00,31.5,121.5,-0.9,0.0
2024-01-23 06:00:00,31.5,121.5,-0.5,0.0
2024-01-23 07:00:00,31.5,121.5,-0.4,0.0
2024-01-23 08:00:00,31.5,121.5,-0.6,0.0
2024-01-23 09:00:00,31.5,121.5,-1.2,0.0
2024-01-23 10:00:00,31.5,121.5,-1.7,0.0
2024-01-23 11:00:00,31.5,121.5,-2.1,0.0
2024-01-23 12:00:00,31.5,121.5,-2.4,0.0
2024-01-23 13:00:00,31.5,121.5,-2.5,0.0
2024-01-23 14:00:00,31.5,121.5,-2.4,0.0
2024-01-23 15:00:00,31.5,121.5,-2.1,0.0
2024-01-23 16:00:00,31.5,121.5,-1.9,0.0
2024-01-23 17:00:00,31.5,121.5,-1.7,0.0
2024-01-23 18:00:00,31.5,121.5,-1.8,0.0
2024-01-23 19:00:00,31.5,121.5,-2.1,0.0
2024-01-23 20:00:00,31.5,121.5,-2.3,0.0
2024-01-23 21:00:00,31.5,121.5,-2.5,0.0
2024-01-23 22:00:00,31.5,121.5,-2.7,0.0
2024-01-23 23:00:00,31.5,121.5,-2.8,0.0
2024-01-24 00:00:00,31.5,121.5,-2.6,0.0
2024-01-24 01:00:00,31.5,121.5,-1.3,0.0
2024-01-24 02:00:00,31.5,121.5,-0.1,0.0
2024-01-24 03:00:00,31.5,121.5,1.0,0.0
2024-01-24 04:00:00,31.5,121.5,1.9,0.0
2024-01-24 05:00:00,31.5,121.5,2.6,0.0
2024-01-24 06:00:00,31.5,121.5,3.0,0.0
2024-01-24 07:00:00,31.5,121.5,3.3,0.0
2024-01-24 08:00:00,31.5,121.5,3.3,0.0
2024-01-24 09:00:00,31.5,121.5,1.9,0.0
2024-01-24 10:00:00,31.5,121.5,0.1,0.0
2024-01-24 11:00:00,31.5,121.5,-0.1,0.0
2024-01-24 12:00:00,31.5,121.5,-0.1,0.0
2024-01-24 13:00:00,31.5,121.5,-0.3,0.0
2024-01-24 14:00:00,31.5,121.5,-0.4,0.0
2024-01-24 15:00:00,31.5,121.5,-0.6,0.0
2024-01-24 16:00:00,31.5,121.5,-0.9,0.0
2024-01-24 17:00:00,31.5,121.5,-1.2,0.0
2024-01-24 18:00:00,31.5,121.5,-1.3,0.0
2024-01-24 19:00:00,31.5,121.5,-1.3,0.0
2024-01-24 20:00:00,31.5,121.5,-1.3,0.0
2024-01-24 21:00:00,31.5,121.5,-1.3,0.0
2024-01-24 22:00:00,31.5,121.5,-1.1,0.0
2024-01-24 23:00:00,31.5,121.5,-1.0,0.0
2024-01-22 00:00:00,31.5,121.75,-0.7,1.0
2024-01-22 01:00:00,31.5,121.75,-1.0,1.0
2024-01-22 02:00:00,31.5,121.75,-0.2,1.0
2024-01-22 03:00:00,31.5,121.75,-0.0,1.0
2024-01-22 04:00:00,31.5,121.75,0.2,1.0
2024-01-22 05:00:00,31.5,121.75,0.6,1.0
2024-01-22 06:00:00,31.5,121.75,0.8,1.0
2024-01-22 07:00:00,31.5,121.75,0.2,1.0
2024-01-22 08:00:00,31.5,121.75,-0.3,1.0
2024-01-22 09:00:00,31.5,121.75,-1.0,1.0
2024-01-22 10:00:00,31.5,121.75,-1.6,1.0
2024-01-22 11:00:00,31.5,121.75,-1.8,1.0
2024-01-22 12:00:00,31.5,121.75,-2.3,1.0
2024-01-22 13:00:00,31.5,121.75,-2.7,1.0
2024-01-22 14:00:00,31.5,121.75,-2.8,1.0
2024-01-22 15:00:00,31.5,121.75,-2.9,1.0
2024-01-22 16:00:00,31.5,121.75,-3.5,1.0
2024-01-22 17:00:00,31.5,121.75,-3.5,1.0
2024-01-22 18:00:00,31.5,121.75,-3.9,1.0
2024-01-22 19:00:00,31.5,121.75,-4.1,1.0
2024-01-22 20:00:00,31.5,121.75,-4.5,1.0
2024-01-22 21:00:00,31.5,121.75,-4.9,1.0
2024-01-22 22:00:00,31.5,121.75,-5.2,1.0
2024-01-22 23:00:00,31.5,121.75,-5.7,1.0
2024-01-23 00:00:00,31.5,121.75,-5.5,1.0
2024-01-23 01:00:00,31.5,121.75,-4.3,1.0
2024-01-23 02:00:00,31.5,121.75,-3.1,1.0
2024-01-23 03:00:00,31.5,121.75,-2.2,1.0
2024-01-23 04:00:00,31.5,121.75,-1.3,1.0
2024-01-23 05:00:00,31.5,121.75,-0.5,1.0
2024-01-23 06:00:00,31.5,121.75,-0.4,1.0
2024-01-23 07:00:00,31.5,121.75,-0.4,1.0
2024-01-23 08:00:00,31.5,121.75,-0.7,1.0
2024-01-23 09:00:00,31.5,121.75,-1.6,1.0
2024-01-23 10:00:00,31.5,121.75,-2.1,1.0
2024-01-23 11:00:00,31.5,121.75,-2.3,1.0
2024-01-23 12:00:00,31.5,121.75,-2.6,1.0
2024-01-23 13:00:00,31.5,121.75,-2.8,1.0
2024-01-23 14:00:00,31.5,121.75,-3.0,1.0
2024-01-23 15:00:00,31.5,121.75,-3.2,1.0
2024-01-23 16:00:00,31.5,121.75,-3.0,1.0
2024-01-23 17:00:00,31.5,121.75,-3.0,1.0
2024-01-23 18:00:00,31.5,121.75,-3.0,1.0
2024-01-23 19:00:00,31.5,121.75,-3.2,1.0
2024-01-23 20:00:00,31.5,121.75,-3.3,1.0
2024-01-23 21:00:00,31.5,121.75,-3.5,1.0
2024-01-23 22:00:00,31.5,121.75,-3.6,1.0
2024-01-23 23:00:00,31.5,121.75,-3.7,1.0
2024-01-24 00:00:00,31.5,121.75,-3.0,1.0
2024-01-24 01:00:00,31.5,121.75,-1.7,1.0
2024-01-24 02:00:00,31.5,121.75,-0.3,1.0
2024-01-24 03:00:00,31.5,121.75,1.0,1.0
2024-01-24 04:00:00,31.5,121.75,2.0,1.0
2024-01-24 05:00:00,31.5,121.75,2.9,1.0
2024-01-24 06:00:00,31.5,121.75,3.6,1.0
2024-01-24 07:00:00,31.5,121.75,3.6,1.0
2024-01-24 08:00:00,31.5,121.75,3.0,1.0
2024-01-24 09:00:00,31.5,121.75,0.8,1.0
2024-01-24 10:00:00,31.5,121.75,-0.6,1.0
2024-01-24 11:00:00,31.5,121.75,-0.8,1.0
2024-01-24 12:00:00,31.5,121.75,-1.0,1.0
2024-01-24 13:00:00,31.5,121.75,-1.1,1.0
2024-01-24 14:00:00,31.5,121.75,-1.2,1.0
2024-01-24 15:00:00,31.5,121.75,-1.4,1.0
2024-01-24 16:00:00,31.5,121.75,-1.7,1.0
2024-01-24 17:00:00,31.5,121.75,-1.8,1.0
2024-01-24 18:00:00,31.5,121.75,-1.6,1.0
2024-01-24 19:00:00,31.5,121.75,-1.6,1.0
2024-01-24 20:00:00,31.5,121.75,-1.7,1.0
2024-01-24 21:00:00,31.5,121.75,-1.7,1.0
2024-01-24 22:00:00,31.5,121.75,-1.4,1.0
2024-01-24 23:00:00,31.5,121.75,-1.3,1.0
2024-01-22 00:00:00,31.5,122.0,2.1,0.0
2024-01-22 01:00:00,31.5,122.0,2.0,0.0
2024-01-22 02:00:00,31.5,122.0,2.0,0.0
2024-01-22 03:00:00,31.5,122.0,1.8,0.0
2024-01-22 04:00:00,31.5,122.0,1.8,0.0
2024-01-22 05:00:00,31.5,122.0,1.5,0.0
2024-01-22 06:00:00,31.5,122.0,1.5,0.0
2024-01-22 07:00:00,31.5,122.0,1.3,0.0
2024-01-22 08:00:00,31.5,122.0,1.1,0.0
2024-01-22 09:00:00,31.5,122.0,1.0,0.0
2024-01-22 10:00:00,31.5,122.0,0.8,0.0
2024-01-22 11:00:00,31.5,122.0,0.7,0.0
2024-01-22 12:00:00,31.5,122.0,0.5,0.0
2024-01-22 13:00:00,31.5,122.0,0.6,0.0
2024-01-22 14:00:00,31.5,122.0,-0.7,0.0
2024-01-22 15:00:00,31.5,122.0,-1.6,0.0
2024-01-22 16:00:00,31.5,122.0,-0.8,0.0
2024-01-22 17:00:00,31.5,122.0,-1.0,0.0
2024-01-22 18:00:00,31.5,122.0,-1.5,0.0
2024-01-22 19:00:00,31.5,122.0,-1.3,0.0
2024-01-22 20:00:00,31.5,122.0,-1.5,0.0
2024-01-22 21:00:00,31.5,122.0,-1.6,0.0
2024-01-22 22:00:00,31.5,122.0,-1.6,0.0
2024-01-22 23:00:00,31.5,122.0,-1.7,0.0
2024-01-23 00:00:00,31.5,122.0,-2.0,0.0
2024-01-23 01:00:00,31.5,122.0,-2.1,0.0
2024-01-23 02:00:00,31.5,122.0,-2.2,0.0
2024-01-23 03:00:00,31.5,122.0,-1.9,0.0
2024-01-23 04:00:00,31.5,122.0,-1.8,0.0
2024-01-23 05:00:00,31.5,122.0,-1.3,0.0
2024-01-23 06:00:00,31.5,122.0,-0.6,0.0
2024-01-23 07:00:00,31.5,122.0,-0.1,0.0
2024-01-23 08:00:00,31.5,122.0,0.2,0.0
2024-01-23 09:00:00,31.5,122.0,0.2,0.0
2024-01-23 10:00:00,31.5,122.0,0.2,0.0
2024-01-23 11:00:00,31.5,122.0,0.1,0.0
2024-01-23 12:00:00,31.5,122.0,-0.1,0.0
2024-01-23 13:00:00,31.5,122.0,-0.1,0.0
2024-01-23 14:00:00,31.5,122.0,-0.2,0.0
2024-01-23 15:00:00,31.5,122.0,-0.1,0.0
2024-01-23 16:00:00,31.5,122.0,-0.1,0.0
2024-01-23 17:00:00,31.5,122.0,0.0,0.0
2024-01-23 18:00:00,31.5,122.0,-0.1,0.0
2024-01-23 19:00:00,31.5,122.0,-0.1,0.0
2024-01-23 20:00:00,31.5,122.0,-0.2,0.0
2024-01-23 21:00:00,31.5,122.0,-0.1,0.0
2024-01-23 22:00:00,31.5,122.0,-0.1,0.0
2024-01-23 23:00:00,31.5,122.0,-0.1,0.0
2024-01-24 00:00:00,31.5,122.0,-0.2,0.0
2024-01-24 01:00:00,31.5,122.0,0.1,0.0
2024-01-24 02:00:00,31.5,122.0,0.3,0.0
2024-01-24 03:00:00,31.5,122.0,0.5,0.0
2024-01-24 04:00:00,31.5,122.0,0.9,0.0
2024-01-24 05:00:00,31.5,122.0,1.5,0.0
2024-01-24 06:00:00,31.5,122.0,2.5,0.0
2024-01-24 07:00:00,31.5,122.0,2.9,0.0
2024-01-24 08:00:00,31.5,122.0,2.8,0.0
2024-01-24 09:00:00,31.5,122.0,2.7,0.0
2024-01-24 10:00:00,31.5,122.0,2.8,0.0
2024-01-24 11:00:00,31.5,122.0,2.8,0.0
2024-01-24 12:00:00,31.5,122.0,2.9,0.0
2024-01-24 13:00:00,31.5,122.0,2.9,0.0
2024-01-24 14:00:00,31.5,122.0,2.9,0.0
2024-01-24 15:00:00,31.5,122.0,2.9,0.0
2024-01-24 16:00:00,31.5,122.0,2.7,0.0
2024-01-24 17:00:00,31.5,122.0,2.7,0.0
2024-01-24 18:00:00,31.5,122.0,2.7,0.0
2024-01-24 19:00:00,31.5,122.0,2.7,0.0
2024-01-24 20:00:00,31.5,122.0,2.6,0.0
2024-01-24 21:00:00,31.5,122.0,2.6,0.0
2024-01-24 22:00:00,31.5,122.0,2.6,0.0
2024-01-24 23:00:00,31.5,122.0,2.6,0.0
2024-01-22 00:00:00,31.75,116.5,-2.6,53.0
2024-01-22 01:00:00,31.75,116.5,-2.4,53.0
2024-01-22 02:00:00,31.75,116.5,-2.1,53.0
2024-01-22 03:00:00,31.75,116.5,-1.7,53.0
2024-01-22 04:00:00,31.75,116.5,-1.3,53.0
2024-01-22 05:00:00,31.75,116.5,-1.0,53.0
2024-01-22 06:00:00,31.75,116.5,-1.0,53.0
2024-01-22 07:00:00,31.75,116.5,-1.3,53.0
2024-01-22 08:00:00,31.75,116.5,-1.8,53.0
2024-01-22 09:00:00,31.75,116.5,-2.2,53.0
2024-01-22 10:00:00,31.75,116.5,-2.4,53.0
2024-01-22 11:00:00,31.75,116.5,-2.6,53.0
2024-01-22 12:00:00,31.75,116.5,-2.8,53.0
2024-01-22 13:00:00,31.75,116.5,-3.1,53.0
2024-01-22 14:00:00,31.75,116.5,-3.2,53.0
2024-01-22 15:00:00,31.75,116.5,-3.5,53.0
2024-01-22 16:00:00,31.75,116.5,-3.8,53.0
2024-01-22 17:00:00,31.75,116.5,-3.9,53.0
2024-01-22 18:00:00,31.75,116.5,-4.2,53.0
2024-01-22 19:00:00,31.75,116.5,-4.5,53.0
2024-01-22 20:00:00,31.75,116.5,-4.7,53.0
2024-01-22 21:00:00,31.75,116.5,-5.0,53.0
2024-01-22 22:00:00,31.75,116.5,-5.3,53.0
2024-01-22 23:00:00,31.75,116.5,-5.4,53.0
2024-01-23 00:00:00,31.75,116.5,-5.4,53.0
2024-01-23 01:00:00,31.75,116.5,-4.6,53.0
2024-01-23 02:00:00,31.75,116.5,-3.8,53.0
2024-01-23 03:00:00,31.75,116.5,-2.8,53.0
2024-01-23 04:00:00,31.75,116.5,-1.9,53.0
2024-01-23 05:00:00,31.75,116.5,-1.2,53.0
2024-01-23 06:00:00,31.75,116.5,-0.8,53.0
2024-01-23 07:00:00,31.75,116.5,-0.6,53.0
2024-01-23 08:00:00,31.75,116.5,-0.7,53.0
2024-01-23 09:00:00,31.75,116.5,-1.3,53.0
2024-01-23 10:00:00,31.75,116.5,-2.7,53.0
2024-01-23 11:00:00,31.75,116.5,-3.0,53.0
2024-01-23 12:00:00,31.75,116.5,-3.0,53.0
2024-01-23 13:00:00,31.75,116.5,-3.1,53.0
2024-01-23 14:00:00,31.75,116.5,-3.1,53.0
2024-01-23 15:00:00,31.75,116.5,-3.2,53.0
2024-01-23 16:00:00,31.75,116.5,-3.2,53.0
2024-01-23 17:00:00,31.75,116.5,-3.2,53.0
2024-01-23 18:00:00,31.75,116.5,-3.3,53.0
2024-01-23 19:00:00,31.75,116.5,-3.4,53.0
2024-01-23 20:00:00,31.75,116.5,-3.4,53.0
2024-01-23 21:00:00,31.75,116.5,-3.4,53.0
2024-01-23 22:00:00,31.75,116.5,-3.3,53.0
2024-01-23 23:00:00,31.75,116.5,-3.3,53.0
2024-01-24 00:00:00,31.75,116.5,-2.8,53.0
2024-01-24 01:00:00,31.75,116.5,-1.4,53.0
2024-01-24 02:00:00,31.75,116.5,-0.2,53.0
2024-01-24 03:00:00,31.75,116.5,0.8,53.0
2024-01-24 04:00:00,31.75,116.5,1.7,53.0
2024-01-24 05:00:00,31.75,116.5,2.4,53.0
2024-01-24 06:00:00,31.75,116.5,2.8,53.0
2024-01-24 07:00:00,31.75,116.5,3.1,53.0
2024-01-24 08:00:00,31.75,116.5,2.9,53.0
2024-01-24 09:00:00,31.75,116.5,1.8,53.0
2024-01-24 10:00:00,31.75,116.5,0.2,53.0
2024-01-24 11:00:00,31.75,116.5,-0.1,53.0
2024-01-24 12:00:00,31.75,116.5,-0.4,53.0
2024-01-24 13:00:00,31.75,116.5,-0.6,53.0
2024-01-24 14:00:00,31.75,116.5,-0.7,53.0
2024-01-24 15:00:00,31.75,116.5,-0.8,53.0
2024-01-24 16:00:00,31.75,116.5,-0.8,53.0
2024-01-24 17:00:00,31.75,116.5,-0.8,53.0
2024-01-24 18:00:00,31.75,116.5,-1.1,53.0
2024-01-24 19:00:00,31.75,116.5,-1.1,53.0
2024-01-24 20:00:00,31.75,116.5,-1.2,53.0
2024-01-24 21:00:00,31.75,116.5,-1.3,53.0
2024-01-24 22:00:00,31.75,116.5,-1.3,53.0
2024-01-24 23:00:00,31.75,116.5,-1.3,53.0
2024-01-22 00:00:00,31.75,116.75,-2.8,66.0
2024-01-22 01:00:00,31.75,116.75,-2.6,66.0
2024-01-22 02:00:00,31.75,116.75,-2.1,66.0
2024-01-22 03:00:00,31.75,116.75,-1.7,66.0
2024-01-22 04:00:00,31.75,116.75,-1.4,66.0
2024-01-22 05:00:00,31.75,116.75,-1.1,66.0
2024-01-22 06:00:00,31.75,116.75,-1.2,66.0
2024-01-22 07:00:00,31.75,116.75,-1.4,66.0
2024-01-22 08:00:00,31.75,116.75,-1.9,66.0
2024-01-22 09:00:00,31.75,116.75,-2.3,66.0
2024-01-22 10:00:00,31.75,116.75,-2.6,66.0
2024-01-22 11:00:00,31.75,116.75,-2.6,66.0
2024-01-22 12:00:00,31.75,116.75,-2.8,66.0
2024-01-22 13:00:00,31.75,116.75,-3.1,66.0
2024-01-22 14:00:00,31.75,116.75,-3.2,66.0
2024-01-22 15:00:00,31.75,116.75,-3.5,66.0
2024-01-22 16:00:00,31.75,116.75,-3.8,66.0
2024-01-22 17:00:00,31.75,116.75,-3.9,66.0
2024-01-22 18:00:00,31.75,116.75,-4.2,66.0
2024-01-22 19:00:00,31.75,116.75,-4.5,66.0
2024-01-22 20:00:00,31.75,116.75,-4.8,66.0
2024-01-22 21:00:00,31.75,116.75,-5.2,66.0
2024-01-22 22:00:00,31.75,116.75,-5.4,66.0
2024-01-22 23:00:00,31.75,116.75,-5.6,66.0
2024-01-23 00:00:00,31.75,116.75,-5.5,66.0
2024-01-23 01:00:00,31.75,116.75,-4.8,66.0
2024-01-23 02:00:00,31.75,116.75,-3.9,66.0
2024-01-23 03:00:00,31.75,116.75,-2.9,66.0
2024-01-23 04:00:00,31.75,116.75,-1.9,66.0
2024-01-23 05:00:00,31.75,116.75,-1.2,66.0
2024-01-23 06:00:00,31.75,116.75,-1.0,66.0
2024-01-23 07:00:00,31.75,116.75,-0.8,66.0
2024-01-23 08:00:00,31.75,116.75,-0.9,66.0
2024-01-23 09:00:00,31.75,116.75,-1.5,66.0
2024-01-23 10:00:00,31.75,116.75,-2.8,66.0
2024-01-23 11:00:00,31.75,116.75,-3.1,66.0
2024-01-23 12:00:00,31.75,116.75,-3.1,66.0
2024-01-23 13:00:00,31.75,116.75,-3.2,66.0
2024-01-23 14:00:00,31.75,116.75,-3.2,66.0
2024-01-23 15:00:00,31.75,116.75,-3.3,66.0
2024-01-23 16:00:00,31.75,116.75,-3.3,66.0
2024-01-23 17:00:00,31.75,116.75,-3.4,66.0
2024-01-23 18:00:00,31.75,116.75,-3.5,66.0
2024-01-23 19:00:00,31.75,116.75,-3.5,66.0
2024-01-23 20:00:00,31.75,116.75,-3.6,66.0
2024-01-23 21:00:00,31.75,116.75,-3.6,66.0
2024-01-23 22:00:00,31.75,116.75,-3.5,66.0
2024-01-23 23:00:00,31.75,116.75,-3.5,66.0
2024-01-24 00:00:00,31.75,116.75,-2.9,66.0
2024-01-24 01:00:00,31.75,116.75,-1.6,66.0
2024-01-24 02:00:00,31.75,116.75,-0.3,66.0
2024-01-24 03:00:00,31.75,116.75,0.6,66.0
2024-01-24 04:00:00,31.75,116.75,1.5,66.0
2024-01-24 05:00:00,31.75,116.75,2.1,66.0
2024-01-24 06:00:00,31.75,116.75,2.5,66.0
2024-01-24 07:00:00,31.75,116.75,2.8,66.0
2024-01-24 08:00:00,31.75,116.75,2.6,66.0
2024-01-24 09:00:00,31.75,116.75,1.4,66.0
2024-01-24 10:00:00,31.75,116.75,-0.1,66.0
2024-01-24 11:00:00,31.75,116.75,-0.5,66.0
2024-01-24 12:00:00,31.75,116.75,-0.7,66.0
2024-01-24 13:00:00,31.75,116.75,-0.9,66.0
2024-01-24 14:00:00,31.75,116.75,-1.0,66.0
2024-01-24 15:00:00,31.75,116.75,-1.1,66.0
2024-01-24 16:00:00,31.75,116.75,-1.1,66.0
2024-01-24 17:00:00,31.75,116.75,-1.0,66.0
2024-01-24 18:00:00,31.75,116.75,-1.3,66.0
2024-01-24 19:00:00,31.75,116.75,-1.4,66.0
2024-01-24 20:00:00,31.75,116.75,-1.5,66.0
2024-01-24 21:00:00,31.75,116.75,-1.6,66.0
2024-01-24 22:00:00,31.75,116.75,-1.6,66.0
2024-01-24 23:00:00,31.75,116.75,-1.7,66.0
2024-01-22 00:00:00,31.75,117.0,-3.1,61.0
2024-01-22 01:00:00,31.75,117.0,-2.9,61.0
2024-01-22 02:00:00,31.75,117.0,-2.2,61.0
2024-01-22 03:00:00,31.75,117.0,-1.9,61.0
2024-01-22 04:00:00,31.75,117.0,-1.5,61.0
2024-01-22 05:00:00,31.75,117.0,-1.0,61.0
2024-01-22 06:00:00,31.75,117.0,-1.2,61.0
2024-01-22 07:00:00,31.75,117.0,-1.3,61.0
2024-01-22 08:00:00,31.75,117.0,-1.8,61.0
2024-01-22 09:00:00,31.75,117.0,-2.3,61.0
2024-01-22 10:00:00,31.75,117.0,-2.5,61.0
2024-01-22 11:00:00,31.75,117.0,-2.5,61.0
2024-01-22 12:00:00,31.75,117.0,-2.7,61.0
2024-01-22 13:00:00,31.75,117.0,-2.9,61.0
2024-01-22 14:00:00,31.75,117.0,-3.1,61.0
2024-01-22 15:00:00,31.75,117.0,-3.3,61.0
2024-01-22 16:00:00,31.75,117.0,-3.5,61.0
2024-01-22 17:00:00,31.75,117.0,-3.7,61.0
2024-01-22 18:00:00,31.75,117.0,-4.1,61.0
2024-01-22 19:00:00,31.75,117.0,-4.6,61.0
2024-01-22 20:00:00,31.75,117.0,-4.9,61.0
2024-01-22 21:00:00,31.75,117.0,-5.2,61.0
2024-01-22 22:00:00,31.75,117.0,-5.3,61.0
2024-01-22 23:00:00,31.75,117.0,-5.4,61.0
2024-01-23 00:00:00,31.75,117.0,-5.4,61.0
2024-01-23 01:00:00,31.75,117.0,-4.6,61.0
2024-01-23 02:00:00,31.75,117.0,-3.7,61.0
2024-01-23 03:00:00,31.75,117.0,-2.8,61.0
2024-01-23 04:00:00,31.75,117.0,-1.9,61.0
2024-01-23 05:00:00,31.75,117.0,-1.1,61.0
2024-01-23 06:00:00,31.75,117.0,-0.9,61.0
2024-01-23 07:00:00,31.75,117.0,-0.7,61.0
2024-01-23 08:00:00,31.75,117.0,-0.9,61.0
2024-01-23 09:00:00,31.75,117.0,-1.5,61.0
2024-01-23 10:00:00,31.75,117.0,-2.8,61.0
2024-01-23 11:00:00,31.75,117.0,-3.1,61.0
2024-01-23 12:00:00,31.75,117.0,-3.2,61.0
2024-01-23 13:00:00,31.75,117.0,-3.3,61.0
2024-01-23 14:00:00,31.75,117.0,-3.3,61.0
2024-01-23 15:00:00,31.75,117.0,-3.3,61.0
2024-01-23 16:00:00,31.75,117.0,-3.4,61.0
2024-01-23 17:00:00,31.75,117.0,-3.4,61.0
2024-01-23 18:00:00,31.75,117.0,-3.5,61.0
2024-01-23 19:00:00,31.75,117.0,-3.5,61.0
2024-01-23 20:00:00,31.75,117.0,-3.6,61.0
2024-01-23 21:00:00,31.75,117.0,-3.6,61.0
2024-01-23 22:00:00,31.75,117.0,-3.6,61.0
2024-01-23 23:00:00,31.75,117.0,-3.5,61.0
2024-01-24 00:00:00,31.75,117.0,-3.0,61.0
2024-01-24 01:00:00,31.75,117.0,-1.6,61.0
2024-01-24 02:00:00,31.75,117.0,-0.3,61.0
2024-01-24 03:00:00,31.75,117.0,0.7,61.0
2024-01-24 04:00:00,31.75,117.0,1.5,61.0
2024-01-24 05:00:00,31.75,117.0,2.1,61.0
2024-01-24 06:00:00,31.75,117.0,2.5,61.0
2024-01-24 07:00:00,31.75,117.0,2.8,61.0
2024-01-24 08:00:00,31.75,117.0,2.6,61.0
2024-01-24 09:00:00,31.75,117.0,1.4,61.0
2024-01-24 10:00:00,31.75,117.0,-0.1,61.0
2024-01-24 11:00:00,31.75,117.0,-0.4,61.0
2024-01-24 12:00:00,31.75,117.0,-0.7,61.0
2024-01-24 13:00:00,31.75,117.0,-0.9,61.0
2024-01-24 14:00:00,31.75,117.0,-0.9,61.0
2024-01-24 15:00:00,31.75,117.0,-1.0,61.0
2024-01-24 16:00:00,31.75,117.0,-1.0,61.0
2024-01-24 17:00:00,31.75,117.0,-1.0,61.0
2024-01-24 18:00:00,31.75,117.0,-1.1,61.0
2024-01-24 19:00:00,31.75,117.0,-1.3,61.0
2024-01-24 20:00:00,31.75,117.0,-1.4,61.0
2024-01-24 21:00:00,31.75,117.0,-1.6,61.0
2024-01-24 22:00:00,31.75,117.0,-1.6,61.0
2024-01-24 23:00:00,31.75,117.0,-1.6,61.0
2024-01-22 00:00:00,31.75,117.25,-2.6,31.0
2024-01-22 01:00:00,31.75,117.25,-2.4,31.0
2024-01-22 02:00:00,31.75,117.25,-1.6,31.0
2024-01-22 03:00:00,31.75,117.25,-1.4,31.0
2024-01-22 04:00:00,31.75,117.25,-1.1,31.0
2024-01-22 05:00:00,31.75,117.25,-1.0,31.0
2024-01-22 06:00:00,31.75,117.25,-0.9,31.0
2024-01-22 07:00:00,31.75,117.25,-1.0,31.0
2024-01-22 08:00:00,31.75,117.25,-1.4,31.0
2024-01-22 09:00:00,31.75,117.25,-1.9,31.0
2024-01-22 10:00:00,31.75,117.25,-2.2,31.0
2024-01-22 11:00:00,31.75,117.25,-2.1,31.0
2024-01-22 12:00:00,31.75,117.25,-2.3,31.0
2024-01-22 13:00:00,31.75,117.25,-2.5,31.0
2024-01-22 14:00:00,31.75,117.25,-3.0,31.0
2024-01-22 15:00:00,31.75,117.25,-3.2,31.0
2024-01-22 16:00:00,31.75,117.25,-3.5,31.0
2024-01-22 17:00:00,31.75,117.25,-3.7,31.0
2024-01-22 18:00:00,31.75,117.25,-4.1,31.0
2024-01-22 19:00:00,31.75,117.25,-4.3,31.0
2024-01-22 20:00:00,31.75,117.25,-4.6,31.0
2024-01-22 21:00:00,31.75,117.25,-4.8,31.0
2024-01-22 22:00:00,31.75,117.25,-5.0,31.0
2024-01-22 23:00:00,31.75,117.25,-5.2,31.0
2024-01-23 00:00:00,31.75,117.25,-5.1,31.0
2024-01-23 01:00:00,31.75,117.25,-4.5,31.0
2024-01-23 02:00:00,31.75,117.25,-3.5,31.0
2024-01-23 03:00:00,31.75,117.25,-2.6,31.0
2024-01-23 04:00:00,31.75,117.25,-1.8,31.0
2024-01-23 05:00:00,31.75,117.25,-1.1,31.0
2024-01-23 06:00:00,31.75,117.25,-0.8,31.0
2024-01-23 07:00:00,31.75,117.25,-0.5,31.0
2024-01-23 08:00:00,31.75,117.25,-0.7,31.0
2024-01-23 09:00:00,31.75,117.25,-1.3,31.0
2024-01-23 10:00:00,31.75,117.25,-2.7,31.0
2024-01-23 11:00:00,31.75,117.25,-3.0,31.0
2024-01-23 12:00:00,31.75,117.25,-3.1,31.0
2024-01-23 13:00:00,31.75,117.25,-3.2,31.0
2024-01-23 14:00:00,31.75,117.25,-3.2,31.0
2024-01-23 15:00:00,31.75,117.25,-3.3,31.0
2024-01-23 16:00:00,31.75,117.25,-3.3,31.0
2024-01-23 17:00:00,31.75,117.25,-3.4,31.0
2024-01-23 18:00:00,31.75,117.25,-3.4,31.0
2024-01-23 19:00:00,31.75,117.25,-3.4,31.0
2024-01-23 20:00:00,31.75,117.25,-3.5,31.0
2024-01-23 21:00:00,31.75,117.25,-3.5,31.0
2024-01-23 22:00:00,31.75,117.25,-3.4,31.0
2024-01-23 23:00:00,31.75,117.25,-3.4,31.0
2024-01-24 00:00:00,31.75,117.25,-2.8,31.0
2024-01-24 01:00:00,31.75,117.25,-1.4,31.0
2024-01-24 02:00:00,31.75,117.25,-0.2,31.0
2024-01-24 03:00:00,31.75,117.25,0.8,31.0
2024-01-24 04:00:00,31.75,117.25,1.7,31.0
2024-01-24 05:00:00,31.75,117.25,2.3,31.0
2024-01-24 06:00:00,31.75,117.25,2.7,31.0
2024-01-24 07:00:00,31.75,117.25,2.9,31.0
2024-01-24 08:00:00,31.75,117.25,2.8,31.0
2024-01-24 09:00:00,31.75,117.25,1.8,31.0
2024-01-24 10:00:00,31.75,117.25,0.3,31.0
2024-01-24 11:00:00,31.75,117.25,-0.0,31.0
2024-01-24 12:00:00,31.75,117.25,-0.3,31.0
2024-01-24 13:00:00,31.75,117.25,-0.6,31.0
2024-01-24 14:00:00,31.75,117.25,-0.7,31.0
2024-01-24 15:00:00,31.75,117.25,-0.8,31.0
2024-01-24 16:00:00,31.75,117.25,-0.8,31.0
2024-01-24 17:00:00,31.75,117.25,-0.7,31.0
2024-01-24 18:00:00,31.75,117.25,-0.6,31.0
2024-01-24 19:00:00,31.75,117.25,-0.9,31.0
2024-01-24 20:00:00,31.75,117.25,-1.0,31.0
2024-01-24 21:00:00,31.75,117.25,-1.2,31.0
2024-01-24 22:00:00,31.75,117.25,-1.2,31.0
2024-01-24 23:00:00,31.75,117.25,-1.2,31.0
2024-01-22 00:00:00,31.75,117.5,-2.6,21.0
2024-01-22 01:00:00,31.75,117.5,-2.2,21.0
2024-01-22 02:00:00,31.75,117.5,-1.7,21.0
2024-01-22 03:00:00,31.75,117.5,-1.4,21.0
2024-01-22 04:00:00,31.75,117.5,-1.0,21.0
2024-01-22 05:00:00,31.75,117.5,-0.8,21.0
2024-01-22 06:00:00,31.75,117.5,-0.9,21.0
2024-01-22 07:00:00,31.75,117.5,-1.2,21.0
2024-01-22 08:00:00,31.75,117.5,-1.4,21.0
2024-01-22 09:00:00,31.75,117.5,-1.8,21.0
2024-01-22 10:00:00,31.75,117.5,-2.0,21.0
2024-01-22 11:00:00,31.75,117.5,-2.1,21.0
2024-01-22 12:00:00,31.75,117.5,-2.4,21.0
2024-01-22 13:00:00,31.75,117.5,-2.8,21.0
2024-01-22 14:00:00,31.75,117.5,-3.2,21.0
2024-01-22 15:00:00,31.75,117.5,-3.3,21.0
2024-01-22 16:00:00,31.75,117.5,-3.6,21.0
2024-01-22 17:00:00,31.75,117.5,-3.7,21.0
2024-01-22 18:00:00,31.75,117.5,-4.1,21.0
2024-01-22 19:00:00,31.75,117.5,-4.3,21.0
2024-01-22 20:00:00,31.75,117.5,-4.7,21.0
2024-01-22 21:00:00,31.75,117.5,-5.0,21.0
2024-01-22 22:00:00,31.75,117.5,-5.1,21.0
2024-01-22 23:00:00,31.75,117.5,-5.3,21.0
2024-01-23 00:00:00,31.75,117.5,-5.2,21.0
2024-01-23 01:00:00,31.75,117.5,-4.4,21.0
2024-01-23 02:00:00,31.75,117.5,-3.5,21.0
2024-01-23 03:00:00,31.75,117.5,-2.6,21.0
2024-01-23 04:00:00,31.75,117.5,-1.9,21.0
2024-01-23 05:00:00,31.75,117.5,-1.2,21.0
2024-01-23 06:00:00,31.75,117.5,-0.9,21.0
2024-01-23 07:00:00,31.75,117.5,-0.7,21.0
2024-01-23 08:00:00,31.75,117.5,-0.8,21.0
2024-01-23 09:00:00,31.75,117.5,-1.4,21.0
2024-01-23 10:00:00,31.75,117.5,-2.8,21.0
2024-01-23 11:00:00,31.75,117.5,-3.0,21.0
2024-01-23 12:00:00,31.75,117.5,-3.1,21.0
2024-01-23 13:00:00,31.75,117.5,-3.1,21.0
2024-01-23 14:00:00,31.75,117.5,-3.2,21.0
2024-01-23 15:00:00,31.75,117.5,-3.2,21.0
2024-01-23 16:00:00,31.75,117.5,-3.3,21.0
2024-01-23 17:00:00,31.75,117.5,-3.3,21.0
2024-01-23 18:00:00,31.75,117.5,-3.3,21.0
2024-01-23 19:00:00,31.75,117.5,-3.3,21.0
2024-01-23 20:00:00,31.75,117.5,-3.4,21.0
2024-01-23 21:00:00,31.75,117.5,-3.4,21.0
2024-01-23 22:00:00,31.75,117.5,-3.3,21.0
2024-01-23 23:00:00,31.75,117.5,-3.3,21.0
2024-01-24 00:00:00,31.75,117.5,-2.7,21.0
2024-01-24 01:00:00,31.75,117.5,-1.5,21.0
2024-01-24 02:00:00,31.75,117.5,-0.2,21.0
2024-01-24 03:00:00,31.75,117.5,0.8,21.0
2024-01-24 04:00:00,31.75,117.5,1.6,21.0
2024-01-24 05:00:00,31.75,117.5,2.2,21.0
2024-01-24 06:00:00,31.75,117.5,2.7,21.0
2024-01-24 07:00:00,31.75,117.5,2.9,21.0
2024-01-24 08:00:00,31.75,117.5,2.8,21.0
2024-01-24 09:00:00,31.75,117.5,1.5,21.0
2024-01-24 10:00:00,31.75,117.5,0.1,21.0
2024-01-24 11:00:00,31.75,117.5,-0.2,21.0
2024-01-24 12:00:00,31.75,117.5,-0.5,21.0
2024-01-24 13:00:00,31.75,117.5,-0.7,21.0
2024-01-24 14:00:00,31.75,117.5,-0.8,21.0
2024-01-24 15:00:00,31.75,117.5,-1.0,21.0
2024-01-24 16:00:00,31.75,117.5,-1.1,21.0
2024-01-24 17:00:00,31.75,117.5,-1.0,21.0
2024-01-24 18:00:00,31.75,117.5,-0.8,21.0
2024-01-24 19:00:00,31.75,117.5,-1.0,21.0
2024-01-24 20:00:00,31.75,117.5,-1.2,21.0
2024-01-24 21:00:00,31.75,117.5,-1.3,21.0
2024-01-24 22:00:00,31.75,117.5,-1.3,21.0
2024-01-24 23:00:00,31.75,117.5,-1.3,21.0
2024-01-22 00:00:00,31.75,117.75,-2.5,12.0
2024-01-22 01:00:00,31.75,117.75,-2.2,12.0
2024-01-22 02:00:00,31.75,117.75,-1.7,12.0
2024-01-22 03:00:00,31.75,117.75,-1.4,12.0
2024-01-22 04:00:00,31.75,117.75,-1.2,12.0
2024-01-22 05:00:00,31.75,117.75,-0.8,12.0
2024-01-22 06:00:00,31.75,117.75,-0.9,12.0
2024-01-22 07:00:00,31.75,117.75,-1.2,12.0
2024-01-22 08:00:00,31.75,117.75,-1.7,12.0
2024-01-22 09:00:00,31.75,117.75,-2.1,12.0
2024-01-22 10:00:00,31.75,117.75,-2.2,12.0
2024-01-22 11:00:00,31.75,117.75,-2.2,12.0
2024-01-22 12:00:00,31.75,117.75,-2.4,12.0
2024-01-22 13:00:00,31.75,117.75,-2.7,12.0
2024-01-22 14:00:00,31.75,117.75,-3.0,12.0
2024-01-22 15:00:00,31.75,117.75,-3.1,12.0
2024-01-22 16:00:00,31.75,117.75,-3.4,12.0
2024-01-22 17:00:00,31.75,117.75,-3.6,12.0
2024-01-22 18:00:00,31.75,117.75,-4.1,12.0
2024-01-22 19:00:00,31.75,117.75,-4.4,12.0
2024-01-22 20:00:00,31.75,117.75,-4.7,12.0
2024-01-22 21:00:00,31.75,117.75,-5.0,12.0
2024-01-22 22:00:00,31.75,117.75,-5.2,12.0
2024-01-22 23:00:00,31.75,117.75,-5.3,12.0
2024-01-23 00:00:00,31.75,117.75,-5.2,12.0
2024-01-23 01:00:00,31.75,117.75,-4.5,12.0
2024-01-23 02:00:00,31.75,117.75,-3.5,12.0
2024-01-23 03:00:00,31.75,117.75,-2.8,12.0
2024-01-23 04:00:00,31.75,117.75,-1.9,12.0
2024-01-23 05:00:00,31.75,117.75,-1.2,12.0
2024-01-23 06:00:00,31.75,117.75,-0.9,12.0
2024-01-23 07:00:00,31.75,117.75,-0.7,12.0
2024-01-23 08:00:00,31.75,117.75,-0.9,12.0
2024-01-23 09:00:00,31.75,117.75,-1.5,12.0
2024-01-23 10:00:00,31.75,117.75,-2.7,12.0
2024-01-23 11:00:00,31.75,117.75,-2.9,12.0
2024-01-23 12:00:00,31.75,117.75,-2.9,12.0
2024-01-23 13:00:00,31.75,117.75,-3.0,12.0
2024-01-23 14:00:00,31.75,117.75,-2.9,12.0
2024-01-23 15:00:00,31.75,117.75,-3.0,12.0
2024-01-23 16:00:00,31.75,117.75,-3.1,12.0
2024-01-23 17:00:00,31.75,117.75,-3.1,12.0
2024-01-23 18:00:00,31.75,117.75,-3.2,12.0
2024-01-23 19:00:00,31.75,117.75,-3.2,12.0
2024-01-23 20:00:00,31.75,117.75,-3.2,12.0
2024-01-23 21:00:00,31.75,117.75,-3.2,12.0
2024-01-23 22:00:00,31.75,117.75,-3.1,12.0
2024-01-23 23:00:00,31.75,117.75,-3.1,12.0
2024-01-24 00:00:00,31.75,117.75,-2.6,12.0
2024-01-24 01:00:00,31.75,117.75,-1.4,12.0
2024-01-24 02:00:00,31.75,117.75,-0.2,12.0
2024-01-24 03:00:00,31.75,117.75,0.8,12.0
2024-01-24 04:00:00,31.75,117.75,1.7,12.0
2024-01-24 05:00:00,31.75,117.75,2.3,12.0
2024-01-24 06:00:00,31.75,117.75,2.8,12.0
2024-01-24 07:00:00,31.75,117.75,3.0,12.0
2024-01-24 08:00:00,31.75,117.75,2.8,12.0
2024-01-24 09:00:00,31.75,117.75,1.3,12.0
2024-01-24 10:00:00,31.75,117.75,-0.1,12.0
2024-01-24 11:00:00,31.75,117.75,-0.4,12.0
2024-01-24 12:00:00,31.75,117.75,-0.7,12.0
2024-01-24 13:00:00,31.75,117.75,-0.8,12.0
2024-01-24 14:00:00,31.75,117.75,-0.9,12.0
2024-01-24 15:00:00,31.75,117.75,-1.1,12.0
2024-01-24 16:00:00,31.75,117.75,-1.2,12.0
2024-01-24 17:00:00,31.75,117.75,-1.2,12.0
2024-01-24 18:00:00,31.75,117.75,-1.0,12.0
2024-01-24 19:00:00,31.75,117.75,-1.1,12.0
2024-01-24 20:00:00,31.75,117.75,-1.2,12.0
2024-01-24 21:00:00,31.75,117.75,-1.3,12.0
2024-01-24 22:00:00,31.75,117.75,-1.4,12.0
2024-01-24 23:00:00,31.75,117.75,-1.4,12.0
2024-01-22 00:00:00,31.75,118.0,-3.0,58.0
2024-01-22 01:00:00,31.75,118.0,-2.7,58.0
2024-01-22 02:00:00,31.75,118.0,-2.1,58.0
2024-01-22 03:00:00,31.75,118.0,-1.7,58.0
2024-01-22 04:00:00,31.75,118.0,-1.8,58.0
2024-01-22 05:00:00,31.75,118.0,-1.1,58.0
2024-01-22 06:00:00,31.75,118.0,-1.1,58.0
2024-01-22 07:00:00,31.75,118.0,-1.6,58.0
2024-01-22 08:00:00,31.75,118.0,-2.1,58.0
2024-01-22 09:00:00,31.75,118.0,-2.4,58.0
2024-01-22 10:00:00,31.75,118.0,-2.6,58.0
2024-01-22 11:00:00,31.75,118.0,-2.6,58.0
2024-01-22 12:00:00,31.75,118.0,-2.8,58.0
2024-01-22 13:00:00,31.75,118.0,-2.9,58.0
2024-01-22 14:00:00,31.75,118.0,-3.1,58.0
2024-01-22 15:00:00,31.75,118.0,-3.4,58.0
2024-01-22 16:00:00,31.75,118.0,-3.7,58.0
2024-01-22 17:00:00,31.75,118.0,-3.9,58.0
2024-01-22 18:00:00,31.75,118.0,-4.4,58.0
2024-01-22 19:00:00,31.75,118.0,-4.7,58.0
2024-01-22 20:00:00,31.75,118.0,-5.1,58.0
2024-01-22 21:00:00,31.75,118.0,-5.4,58.0
2024-01-22 22:00:00,31.75,118.0,-5.5,58.0
2024-01-22 23:00:00,31.75,118.0,-5.7,58.0
2024-01-23 00:00:00,31.75,118.0,-5.6,58.0
2024-01-23 01:00:00,31.75,118.0,-4.9,58.0
2024-01-23 02:00:00,31.75,118.0,-3.9,58.0
2024-01-23 03:00:00,31.75,118.0,-3.1,58.0
2024-01-23 04:00:00,31.75,118.0,-2.2,58.0
2024-01-23 05:00:00,31.75,118.0,-1.5,58.0
2024-01-23 06:00:00,31.75,118.0,-1.1,58.0
2024-01-23 07:00:00,31.75,118.0,-0.9,58.0
2024-01-23 08:00:00,31.75,118.0,-1.1,58.0
2024-01-23 09:00:00,31.75,118.0,-1.8,58.0
2024-01-23 10:00:00,31.75,118.0,-3.0,58.0
2024-01-23 11:00:00,31.75,118.0,-3.3,58.0
2024-01-23 12:00:00,31.75,118.0,-3.4,58.0
2024-01-23 13:00:00,31.75,118.0,-3.4,58.0
2024-01-23 14:00:00,31.75,118.0,-3.4,58.0
2024-01-23 15:00:00,31.75,118.0,-3.4,58.0
2024-01-23 16:00:00,31.75,118.0,-3.4,58.0
2024-01-23 17:00:00,31.75,118.0,-3.4,58.0
2024-01-23 18:00:00,31.75,118.0,-3.5,58.0
2024-01-23 19:00:00,31.75,118.0,-3.5,58.0
2024-01-23 20:00:00,31.75,118.0,-3.5,58.0
2024-01-23 21:00:00,31.75,118.0,-3.6,58.0
2024-01-23 22:00:00,31.75,118.0,-3.6,58.0
2024-01-23 23:00:00,31.75,118.0,-3.6,58.0
2024-01-24 00:00:00,31.75,118.0,-3.1,58.0
2024-01-24 01:00:00,31.75,118.0,-1.8,58.0
2024-01-24 02:00:00,31.75,118.0,-0.6,58.0
2024-01-24 03:00:00,31.75,118.0,0.5,58.0
2024-01-24 04:00:00,31.75,118.0,1.3,58.0
2024-01-24 05:00:00,31.75,118.0,2.0,58.0
2024-01-24 06:00:00,31.75,118.0,2.4,58.0
2024-01-24 07:00:00,31.75,118.0,2.6,58.0
2024-01-24 08:00:00,31.75,118.0,2.4,58.0
2024-01-24 09:00:00,31.75,118.0,0.9,58.0
2024-01-24 10:00:00,31.75,118.0,-0.5,58.0
2024-01-24 11:00:00,31.75,118.0,-0.9,58.0
2024-01-24 12:00:00,31.75,118.0,-1.1,58.0
2024-01-24 13:00:00,31.75,118.0,-1.3,58.0
2024-01-24 14:00:00,31.75,118.0,-1.5,58.0
2024-01-24 15:00:00,31.75,118.0,-1.6,58.0
2024-01-24 16:00:00,31.75,118.0,-1.8,58.0
2024-01-24 17:00:00,31.75,118.0,-1.8,58.0
2024-01-24 18:00:00,31.75,118.0,-1.5,58.0
2024-01-24 19:00:00,31.75,118.0,-1.6,58.0
2024-01-24 20:00:00,31.75,118.0,-1.6,58.0
2024-01-24 21:00:00,31.75,118.0,-1.7,58.0
2024-01-24 22:00:00,31.75,118.0,-1.9,58.0
2024-01-24 23:00:00,31.75,118.0,-1.9,58.0
2024-01-22 00:00:00,31.75,118.25,-2.8,15.0
2024-01-22 01:00:00,31.75,118.25,-2.2,15.0
2024-01-22 02:00:00,31.75,118.25,-1.8,15.0
2024-01-22 03:00:00,31.75,118.25,-1.5,15.0
2024-01-22 04:00:00,31.75,118.25,-1.6,15.0
2024-01-22 05:00:00,31.75,118.25,-0.9,15.0
2024-01-22 06:00:00,31.75,118.25,-0.9,15.0
2024-01-22 07:00:00,31.75,118.25,-1.2,15.0
2024-01-22 08:00:00,31.75,118.25,-1.9,15.0
2024-01-22 09:00:00,31.75,118.25,-2.2,15.0
2024-01-22 10:00:00,31.75,118.25,-2.5,15.0
2024-01-22 11:00:00,31.75,118.25,-2.5,15.0
2024-01-22 12:00:00,31.75,118.25,-2.7,15.0
2024-01-22 13:00:00,31.75,118.25,-2.7,15.0
2024-01-22 14:00:00,31.75,118.25,-2.8,15.0
2024-01-22 15:00:00,31.75,118.25,-3.1,15.0
2024-01-22 16:00:00,31.75,118.25,-3.2,15.0
2024-01-22 17:00:00,31.75,118.25,-3.7,15.0
2024-01-22 18:00:00,31.75,118.25,-4.1,15.0
2024-01-22 19:00:00,31.75,118.25,-4.4,15.0
2024-01-22 20:00:00,31.75,118.25,-4.7,15.0
2024-01-22 21:00:00,31.75,118.25,-5.0,15.0
2024-01-22 22:00:00,31.75,118.25,-5.3,15.0
2024-01-22 23:00:00,31.75,118.25,-5.5,15.0
2024-01-23 00:00:00,31.75,118.25,-5.4,15.0
2024-01-23 01:00:00,31.75,118.25,-4.6,15.0
2024-01-23 02:00:00,31.75,118.25,-3.6,15.0
2024-01-23 03:00:00,31.75,118.25,-2.7,15.0
2024-01-23 04:00:00,31.75,118.25,-1.9,15.0
2024-01-23 05:00:00,31.75,118.25,-1.2,15.0
2024-01-23 06:00:00,31.75,118.25,-0.8,15.0
2024-01-23 07:00:00,31.75,118.25,-0.7,15.0
2024-01-23 08:00:00,31.75,118.25,-0.9,15.0
2024-01-23 09:00:00,31.75,118.25,-1.7,15.0
2024-01-23 10:00:00,31.75,118.25,-2.9,15.0
2024-01-23 11:00:00,31.75,118.25,-3.1,15.0
2024-01-23 12:00:00,31.75,118.25,-3.2,15.0
2024-01-23 13:00:00,31.75,118.25,-3.2,15.0
2024-01-23 14:00:00,31.75,118.25,-3.3,15.0
2024-01-23 15:00:00,31.75,118.25,-3.3,15.0
2024-01-23 16:00:00,31.75,118.25,-3.3,15.0
2024-01-23 17:00:00,31.75,118.25,-3.3,15.0
2024-01-23 18:00:00,31.75,118.25,-3.3,15.0
2024-01-23 19:00:00,31.75,118.25,-3.4,15.0
2024-01-23 20:00:00,31.75,118.25,-3.4,15.0
2024-01-23 21:00:00,31.75,118.25,-3.4,15.0
2024-01-23 22:00:00,31.75,118.25,-3.4,15.0
2024-01-23 23:00:00,31.75,118.25,-3.5,15.0
2024-01-24 00:00:00,31.75,118.25,-2.9,15.0
2024-01-24 01:00:00,31.75,118.25,-1.6,15.0
2024-01-24 02:00:00,31.75,118.25,-0.3,15.0
2024-01-24 03:00:00,31.75,118.25,0.8,15.0
2024-01-24 04:00:00,31.75,118.25,1.6,15.0
2024-01-24 05:00:00,31.75,118.25,2.3,15.0
2024-01-24 06:00:00,31.75,118.25,2.7,15.0
2024-01-24 07:00:00,31.75,118.25,2.8,15.0
2024-01-24 08:00:00,31.75,118.25,2.7,15.0
2024-01-24 09:00:00,31.75,118.25,1.1,15.0
2024-01-24 10:00:00,31.75,118.25,-0.3,15.0
2024-01-24 11:00:00,31.75,118.25,-0.7,15.0
2024-01-24 12:00:00,31.75,118.25,-0.9,15.0
2024-01-24 13:00:00,31.75,118.25,-1.1,15.0
2024-01-24 14:00:00,31.75,118.25,-1.2,15.0
2024-01-24 15:00:00,31.75,118.25,-1.4,15.0
2024-01-24 16:00:00,31.75,118.25,-1.5,15.0
2024-01-24 17:00:00,31.75,118.25,-1.6,15.0
2024-01-24 18:00:00,31.75,118.25,-1.3,15.0
2024-01-24 19:00:00,31.75,118.25,-1.4,15.0
2024-01-24 20:00:00,31.75,118.25,-1.3,15.0
2024-01-24 21:00:00,31.75,118.25,-1.4,15.0
2024-01-24 22:00:00,31.75,118.25,-1.7,15.0
2024-01-24 23:00:00,31.75,118.25,-1.7,15.0
2024-01-22 00:00:00,31.75,118.5,-2.2,5.0
2024-01-22 01:00:00,31.75,118.5,-2.2,5.0
2024-01-22 02:00:00,31.75,118.5,-1.9,5.0
2024-01-22 03:00:00,31.75,118.5,-1.4,5.0
2024-01-22 04:00:00,31.75,118.5,-1.5,5.0
2024-01-22 05:00:00,31.75,118.5,-1.0,5.0
2024-01-22 06:00:00,31.75,118.5,-0.9,5.0
2024-01-22 07:00:00,31.75,118.5,-1.1,5.0
2024-01-22 08:00:00,31.75,118.5,-1.7,5.0
2024-01-22 09:00:00,31.75,118.5,-2.1,5.0
2024-01-22 10:00:00,31.75,118.5,-2.3,5.0
2024-01-22 11:00:00,31.75,118.5,-2.3,5.0
2024-01-22 12:00:00,31.75,118.5,-2.5,5.0
2024-01-22 13:00:00,31.75,118.5,-2.5,5.0
2024-01-22 14:00:00,31.75,118.5,-2.6,5.0
2024-01-22 15:00:00,31.75,118.5,-2.9,5.0
2024-01-22 16:00:00,31.75,118.5,-3.1,5.0
2024-01-22 17:00:00,31.75,118.5,-3.5,5.0
2024-01-22 18:00:00,31.75,118.5,-4.0,5.0
2024-01-22 19:00:00,31.75,118.5,-4.1,5.0
2024-01-22 20:00:00,31.75,118.5,-4.7,5.0
2024-01-22 21:00:00,31.75,118.5,-5.0,5.0
2024-01-22 22:00:00,31.75,118.5,-5.2,5.0
2024-01-22 23:00:00,31.75,118.5,-5.4,5.0
2024-01-23 00:00:00,31.75,118.5,-5.3,5.0
2024-01-23 01:00:00,31.75,118.5,-4.5,5.0
2024-01-23 02:00:00,31.75,118.5,-3.6,5.0
2024-01-23 03:00:00,31.75,118.5,-2.6,5.0
2024-01-23 04:00:00,31.75,118.5,-1.8,5.0
2024-01-23 05:00:00,31.75,118.5,-1.1,5.0
2024-01-23 06:00:00,31.75,118.5,-0.8,5.0
2024-01-23 07:00:00,31.75,118.5,-0.6,5.0
2024-01-23 08:00:00,31.75,118.5,-0.9,5.0
2024-01-23 09:00:00,31.75,118.5,-1.7,5.0
2024-01-23 10:00:00,31.75,118.5,-3.1,5.0
2024-01-23 11:00:00,31.75,118.5,-3.3,5.0
2024-01-23 12:00:00,31.75,118.5,-3.3,5.0
2024-01-23 13:00:00,31.75,118.5,-3.3,5.0
2024-01-23 14:00:00,31.75,118.5,-3.2,5.0
2024-01-23 15:00:00,31.75,118.5,-3.3,5.0
2024-01-23 16:00:00,31.75,118.5,-3.3,5.0
2024-01-23 17:00:00,31.75,118.5,-3.3,5.0
2024-01-23 18:00:00,31.75,118.5,-3.4,5.0
2024-01-23 19:00:00,31.75,118.5,-3.4,5.0
2024-01-23 20:00:00,31.75,118.5,-3.4,5.0
2024-01-23 21:00:00,31.75,118.5,-3.4,5.0
2024-01-23 22:00:00,31.75,118.5,-3.4,5.0
2024-01-23 23:00:00,31.75,118.5,-3.4,5.0
2024-01-24 00:00:00,31.75,118.5,-2.8,5.0
2024-01-24 01:00:00,31.75,118.5,-1.4,5.0
2024-01-24 02:00:00,31.75,118.5,-0.2,5.0
2024-01-24 03:00:00,31.75,118.5,0.9,5.0
2024-01-24 04:00:00,31.75,118.5,1.7,5.0
2024-01-24 05:00:00,31.75,118.5,2.4,5.0
2024-01-24 06:00:00,31.75,118.5,2.8,5.0
2024-01-24 07:00:00,31.75,118.5,2.9,5.0
2024-01-24 08:00:00,31.75,118.5,2.7,5.0
2024-01-24 09:00:00,31.75,118.5,1.2,5.0
2024-01-24 10:00:00,31.75,118.5,-0.2,5.0
2024-01-24 11:00:00,31.75,118.5,-0.7,5.0
2024-01-24 12:00:00,31.75,118.5,-1.0,5.0
2024-01-24 13:00:00,31.75,118.5,-1.1,5.0
2024-01-24 14:00:00,31.75,118.5,-1.2,5.0
2024-01-24 15:00:00,31.75,118.5,-1.3,5.0
2024-01-24 16:00:00,31.75,118.5,-1.4,5.0
2024-01-24 17:00:00,31.75,118.5,-1.5,5.0
2024-01-24 18:00:00,31.75,118.5,-1.3,5.0
2024-01-24 19:00:00,31.75,118.5,-1.2,5.0
2024-01-24 20:00:00,31.75,118.5,-1.3,5.0
2024-01-24 21:00:00,31.75,118.5,-1.2,5.0
2024-01-24 22:00:00,31.75,118.5,-1.4,5.0
2024-01-24 23:00:00,31.75,118.5,-1.6,5.0
2024-01-22 00:00:00,31.75,118.75,-2.8,36.0
2024-01-22 01:00:00,31.75,118.75,-2.5,36.0
2024-01-22 02:00:00,31.75,118.75,-2.1,36.0
2024-01-22 03:00:00,31.75,118.75,-1.4,36.0
2024-01-22 04:00:00,31.75,118.75,-1.3,36.0
2024-01-22 05:00:00,31.75,118.75,-1.2,36.0
2024-01-22 06:00:00,31.75,118.75,-1.2,36.0
2024-01-22 07:00:00,31.75,118.75,-1.3,36.0
2024-01-22 08:00:00,31.75,118.75,-1.8,36.0
2024-01-22 09:00:00,31.75,118.75,-2.2,36.0
2024-01-22 10:00:00,31.75,118.75,-2.4,36.0
2024-01-22 11:00:00,31.75,118.75,-2.5,36.0
2024-01-22 12:00:00,31.75,118.75,-2.7,36.0
2024-01-22 13:00:00,31.75,118.75,-2.8,36.0
2024-01-22 14:00:00,31.75,118.75,-2.8,36.0
2024-01-22 15:00:00,31.75,118.75,-2.9,36.0
2024-01-22 16:00:00,31.75,118.75,-3.0,36.0
2024-01-22 17:00:00,31.75,118.75,-3.3,36.0
2024-01-22 18:00:00,31.75,118.75,-3.8,36.0
2024-01-22 19:00:00,31.75,118.75,-4.2,36.0
2024-01-22 20:00:00,31.75,118.75,-4.5,36.0
2024-01-22 21:00:00,31.75,118.75,-4.8,36.0
2024-01-22 22:00:00,31.75,118.75,-5.1,36.0
2024-01-22 23:00:00,31.75,118.75,-5.3,36.0
2024-01-23 00:00:00,31.75,118.75,-5.3,36.0
2024-01-23 01:00:00,31.75,118.75,-4.6,36.0
2024-01-23 02:00:00,31.75,118.75,-3.7,36.0
2024-01-23 03:00:00,31.75,118.75,-2.9,36.0
2024-01-23 04:00:00,31.75,118.75,-2.5,36.0
2024-01-23 05:00:00,31.75,118.75,-1.7,36.0
2024-01-23 06:00:00,31.75,118.75,-1.3,36.0
2024-01-23 07:00:00,31.75,118.75,-1.1,36.0
2024-01-23 08:00:00,31.75,118.75,-1.4,36.0
2024-01-23 09:00:00,31.75,118.75,-2.1,36.0
2024-01-23 10:00:00,31.75,118.75,-3.2,36.0
2024-01-23 11:00:00,31.75,118.75,-3.4,36.0
2024-01-23 12:00:00,31.75,118.75,-3.5,36.0
2024-01-23 13:00:00,31.75,118.75,-3.5,36.0
2024-01-23 14:00:00,31.75,118.75,-3.6,36.0
2024-01-23 15:00:00,31.75,118.75,-3.6,36.0
2024-01-23 16:00:00,31.75,118.75,-3.6,36.0
2024-01-23 17:00:00,31.75,118.75,-3.6,36.0
2024-01-23 18:00:00,31.75,118.75,-3.6,36.0
2024-01-23 19:00:00,31.75,118.75,-3.6,36.0
2024-01-23 20:00:00,31.75,118.75,-3.7,36.0
2024-01-23 21:00:00,31.75,118.75,-3.7,36.0
2024-01-23 22:00:00,31.75,118.75,-3.7,36.0
2024-01-23 23:00:00,31.75,118.75,-3.8,36.0
2024-01-24 00:00:00,31.75,118.75,-3.1,36.0
2024-01-24 01:00:00,31.75,118.75,-1.7,36.0
2024-01-24 02:00:00,31.75,118.75,-0.5,36.0
2024-01-24 03:00:00,31.75,118.75,0.6,36.0
2024-01-24 04:00:00,31.75,118.75,1.5,36.0
2024-01-24 05:00:00,31.75,118.75,2.2,36.0
2024-01-24 06:00:00,31.75,118.75,2.6,36.0
2024-01-24 07:00:00,31.75,118.75,2.7,36.0
2024-01-24 08:00:00,31.75,118.75,2.4,36.0
2024-01-24 09:00:00,31.75,118.75,0.8,36.0
2024-01-24 10:00:00,31.75,118.75,-0.5,36.0
2024-01-24 11:00:00,31.75,118.75,-0.9,36.0
2024-01-24 12:00:00,31.75,118.75,-1.2,36.0
2024-01-24 13:00:00,31.75,118.75,-1.3,36.0
2024-01-24 14:00:00,31.75,118.75,-1.4,36.0
2024-01-24 15:00:00,31.75,118.75,-1.5,36.0
2024-01-24 16:00:00,31.75,118.75,-1.7,36.0
2024-01-24 17:00:00,31.75,118.75,-1.8,36.0
2024-01-24 18:00:00,31.75,118.75,-1.8,36.0
2024-01-24 19:00:00,31.75,118.75,-1.6,36.0
2024-01-24 20:00:00,31.75,118.75,-1.6,36.0
2024-01-24 21:00:00,31.75,118.75,-1.4,36.0
2024-01-24 22:00:00,31.75,118.75,-1.7,36.0
2024-01-24 23:00:00,31.75,118.75,-1.8,36.0
2024-01-22 00:00:00,31.75,119.0,-2.9,16.0
2024-01-22 01:00:00,31.75,119.0,-2.6,16.0
2024-01-22 02:00:00,31.75,119.0,-2.3,16.0
2024-01-22 03:00:00,31.75,119.0,-1.6,16.0
2024-01-22 04:00:00,31.75,119.0,-1.2,16.0
2024-01-22 05:00:00,31.75,119.0,-1.0,16.0
2024-01-22 06:00:00,31.75,119.0,-1.1,16.0
2024-01-22 07:00:00,31.75,119.0,-1.2,16.0
2024-01-22 08:00:00,31.75,119.0,-1.7,16.0
2024-01-22 09:00:00,31.75,119.0,-2.2,16.0
2024-01-22 10:00:00,31.75,119.0,-2.6,16.0
2024-01-22 11:00:00,31.75,119.0,-2.7,16.0
2024-01-22 12:00:00,31.75,119.0,-2.9,16.0
2024-01-22 13:00:00,31.75,119.0,-3.0,16.0
2024-01-22 14:00:00,31.75,119.0,-3.0,16.0
2024-01-22 15:00:00,31.75,119.0,-3.1,16.0
2024-01-22 16:00:00,31.75,119.0,-3.3,16.0
2024-01-22 17:00:00,31.75,119.0,-3.4,16.0
2024-01-22 18:00:00,31.75,119.0,-3.9,16.0
2024-01-22 19:00:00,31.75,119.0,-4.4,16.0
2024-01-22 20:00:00,31.75,119.0,-4.9,16.0
2024-01-22 21:00:00,31.75,119.0,-5.0,16.0
2024-01-22 22:00:00,31.75,119.0,-5.0,16.0
2024-01-22 23:00:00,31.75,119.0,-5.2,16.0
2024-01-23 00:00:00,31.75,119.0,-4.9,16.0
2024-01-23 01:00:00,31.75,119.0,-4.1,16.0
2024-01-23 02:00:00,31.75,119.0,-3.4,16.0
2024-01-23 03:00:00,31.75,119.0,-2.7,16.0
2024-01-23 04:00:00,31.75,119.0,-2.5,16.0
2024-01-23 05:00:00,31.75,119.0,-1.6,16.0
2024-01-23 06:00:00,31.75,119.0,-1.1,16.0
2024-01-23 07:00:00,31.75,119.0,-1.0,16.0
2024-01-23 08:00:00,31.75,119.0,-1.3,16.0
2024-01-23 09:00:00,31.75,119.0,-2.0,16.0
2024-01-23 10:00:00,31.75,119.0,-3.1,16.0
2024-01-23 11:00:00,31.75,119.0,-3.4,16.0
2024-01-23 12:00:00,31.75,119.0,-3.5,16.0
2024-01-23 13:00:00,31.75,119.0,-3.6,16.0
2024-01-23 14:00:00,31.75,119.0,-3.5,16.0
2024-01-23 15:00:00,31.75,119.0,-3.5,16.0
2024-01-23 16:00:00,31.75,119.0,-3.5,16.0
2024-01-23 17:00:00,31.75,119.0,-3.5,16.0
2024-01-23 18:00:00,31.75,119.0,-3.5,16.0
2024-01-23 19:00:00,31.75,119.0,-3.6,16.0
2024-01-23 20:00:00,31.75,119.0,-3.6,16.0
2024-01-23 21:00:00,31.75,119.0,-3.7,16.0
2024-01-23 22:00:00,31.75,119.0,-3.7,16.0
2024-01-23 23:00:00,31.75,119.0,-3.8,16.0
2024-01-24 00:00:00,31.75,119.0,-3.1,16.0
2024-01-24 01:00:00,31.75,119.0,-1.6,16.0
2024-01-24 02:00:00,31.75,119.0,-0.3,16.0
2024-01-24 03:00:00,31.75,119.0,0.7,16.0
2024-01-24 04:00:00,31.75,119.0,1.6,16.0
2024-01-24 05:00:00,31.75,119.0,2.3,16.0
2024-01-24 06:00:00,31.75,119.0,2.7,16.0
2024-01-24 07:00:00,31.75,119.0,2.7,16.0
2024-01-24 08:00:00,31.75,119.0,2.4,16.0
2024-01-24 09:00:00,31.75,119.0,0.8,16.0
2024-01-24 10:00:00,31.75,119.0,-0.5,16.0
2024-01-24 11:00:00,31.75,119.0,-0.9,16.0
2024-01-24 12:00:00,31.75,119.0,-1.2,16.0
2024-01-24 13:00:00,31.75,119.0,-1.4,16.0
2024-01-24 14:00:00,31.75,119.0,-1.5,16.0
2024-01-24 15:00:00,31.75,119.0,-1.5,16.0
2024-01-24 16:00:00,31.75,119.0,-1.7,16.0
2024-01-24 17:00:00,31.75,119.0,-1.8,16.0
2024-01-24 18:00:00,31.75,119.0,-1.8,16.0
2024-01-24 19:00:00,31.75,119.0,-1.6,16.0
2024-01-24 20:00:00,31.75,119.0,-1.5,16.0
2024-01-24 21:00:00,31.75,119.0,-1.4,16.0
2024-01-24 22:00:00,31.75,119.0,-1.6,16.0
2024-01-24 23:00:00,31.75,119.0,-1.8,16.0
2024-01-22 00:00:00,31.75,119.25,-2.7,29.0
2024-01-22 01:00:00,31.75,119.25,-2.7,29.0
2024-01-22 02:00:00,31.75,119.25,-2.2,29.0
2024-01-22 03:00:00,31.75,119.25,-1.7,29.0
2024-01-22 04:00:00,31.75,119.25,-1.5,29.0
2024-01-22 05:00:00,31.75,119.25,-1.4,29.0
2024-01-22 06:00:00,31.75,119.25,-1.4,29.0
2024-01-22 07:00:00,31.75,119.25,-1.6,29.0
2024-01-22 08:00:00,31.75,119.25,-2.1,29.0
2024-01-22 09:00:00,31.75,119.25,-2.5,29.0
2024-01-22 10:00:00,31.75,119.25,-2.7,29.0
2024-01-22 11:00:00,31.75,119.25,-2.8,29.0
2024-01-22 12:00:00,31.75,119.25,-3.0,29.0
2024-01-22 13:00:00,31.75,119.25,-3.2,29.0
2024-01-22 14:00:00,31.75,119.25,-3.2,29.0
2024-01-22 15:00:00,31.75,119.25,-3.4,29.0
2024-01-22 16:00:00,31.75,119.25,-3.6,29.0
2024-01-22 17:00:00,31.75,119.25,-3.8,29.0
2024-01-22 18:00:00,31.75,119.25,-4.4,29.0
2024-01-22 19:00:00,31.75,119.25,-4.9,29.0
2024-01-22 20:00:00,31.75,119.25,-5.4,29.0
2024-01-22 21:00:00,31.75,119.25,-5.8,29.0
2024-01-22 22:00:00,31.75,119.25,-6.0,29.0
2024-01-22 23:00:00,31.75,119.25,-6.2,29.0
2024-01-23 00:00:00,31.75,119.25,-6.0,29.0
2024-01-23 01:00:00,31.75,119.25,-5.0,29.0
2024-01-23 02:00:00,31.75,119.25,-4.0,29.0
2024-01-23 03:00:00,31.75,119.25,-2.9,29.0
2024-01-23 04:00:00,31.75,119.25,-2.0,29.0
2024-01-23 05:00:00,31.75,119.25,-1.1,29.0
2024-01-23 06:00:00,31.75,119.25,-1.0,29.0
2024-01-23 07:00:00,31.75,119.25,-1.2,29.0
2024-01-23 08:00:00,31.75,119.25,-1.5,29.0
2024-01-23 09:00:00,31.75,119.25,-2.2,29.0
2024-01-23 10:00:00,31.75,119.25,-3.2,29.0
2024-01-23 11:00:00,31.75,119.25,-3.5,29.0
2024-01-23 12:00:00,31.75,119.25,-3.5,29.0
2024-01-23 13:00:00,31.75,119.25,-3.6,29.0
2024-01-23 14:00:00,31.75,119.25,-3.6,29.0
2024-01-23 15:00:00,31.75,119.25,-3.6,29.0
2024-01-23 16:00:00,31.75,119.25,-3.6,29.0
2024-01-23 17:00:00,31.75,119.25,-3.6,29.0
2024-01-23 18:00:00,31.75,119.25,-3.6,29.0
2024-01-23 19:00:00,31.75,119.25,-3.6,29.0
2024-01-23 20:00:00,31.75,119.25,-3.7,29.0
2024-01-23 21:00:00,31.75,119.25,-3.8,29.0
2024-01-23 22:00:00,31.75,119.25,-3.9,29.0
2024-01-23 23:00:00,31.75,119.25,-4.0,29.0
2024-01-24 00:00:00,31.75,119.25,-3.2,29.0
2024-01-24 01:00:00,31.75,119.25,-1.7,29.0
2024-01-24 02:00:00,31.75,119.25,-0.4,29.0
2024-01-24 03:00:00,31.75,119.25,0.8,29.0
2024-01-24 04:00:00,31.75,119.25,1.8,29.0
2024-01-24 05:00:00,31.75,119.25,2.3,29.0
2024-01-24 06:00:00,31.75,119.25,2.6,29.0
2024-01-24 07:00:00,31.75,119.25,2.7,29.0
2024-01-24 08:00:00,31.75,119.25,2.2,29.0
2024-01-24 09:00:00,31.75,119.25,0.6,29.0
2024-01-24 10:00:00,31.75,119.25,-0.8,29.0
2024-01-24 11:00:00,31.75,119.25,-1.1,29.0
2024-01-24 12:00:00,31.75,119.25,-1.3,29.0
2024-01-24 13:00:00,31.75,119.25,-1.5,29.0
2024-01-24 14:00:00,31.75,119.25,-1.6,29.0
2024-01-24 15:00:00,31.75,119.25,-1.7,29.0
2024-01-24 16:00:00,31.75,119.25,-1.8,29.0
2024-01-24 17:00:00,31.75,119.25,-1.8,29.0
2024-01-24 18:00:00,31.75,119.25,-1.9,29.0
2024-01-24 19:00:00,31.75,119.25,-1.8,29.0
2024-01-24 20:00:00,31.75,119.25,-1.6,29.0
2024-01-24 21:00:00,31.75,119.25,-1.5,29.0
2024-01-24 22:00:00,31.75,119.25,-1.5,29.0
2024-01-24 23:00:00,31.75,119.25,-1.7,29.0
2024-01-22 00:00:00,31.75,119.5,-2.6,5.0
2024-01-22 01:00:00,31.75,119.5,-2.2,5.0
2024-01-22 02:00:00,31.75,119.5,-1.8,5.0
2024-01-22 03:00:00,31.75,119.5,-1.2,5.0
2024-01-22 04:00:00,31.75,119.5,-1.0,5.0
2024-01-22 05:00:00,31.75,119.5,-1.0,5.0
2024-01-22 06:00:00,31.75,119.5,-1.4,5.0
2024-01-22 07:00:00,31.75,119.5,-1.3,5.0
2024-01-22 08:00:00,31.75,119.5,-1.8,5.0
2024-01-22 09:00:00,31.75,119.5,-2.2,5.0
2024-01-22 10:00:00,31.75,119.5,-2.5,5.0
2024-01-22 11:00:00,31.75,119.5,-2.4,5.0
2024-01-22 12:00:00,31.75,119.5,-2.7,5.0
2024-01-22 13:00:00,31.75,119.5,-3.0,5.0
2024-01-22 14:00:00,31.75,119.5,-2.9,5.0
2024-01-22 15:00:00,31.75,119.5,-2.9,5.0
2024-01-22 16:00:00,31.75,119.5,-3.2,5.0
2024-01-22 17:00:00,31.75,119.5,-3.4,5.0
2024-01-22 18:00:00,31.75,119.5,-4.0,5.0
2024-01-22 19:00:00,31.75,119.5,-4.4,5.0
2024-01-22 20:00:00,31.75,119.5,-5.1,5.0
2024-01-22 21:00:00,31.75,119.5,-5.7,5.0
2024-01-22 22:00:00,31.75,119.5,-6.0,5.0
2024-01-22 23:00:00,31.75,119.5,-6.2,5.0
2024-01-23 00:00:00,31.75,119.5,-6.0,5.0
2024-01-23 01:00:00,31.75,119.5,-4.9,5.0
2024-01-23 02:00:00,31.75,119.5,-3.8,5.0
2024-01-23 03:00:00,31.75,119.5,-2.8,5.0
2024-01-23 04:00:00,31.75,119.5,-1.7,5.0
2024-01-23 05:00:00,31.75,119.5,-0.8,5.0
2024-01-23 06:00:00,31.75,119.5,-0.5,5.0
2024-01-23 07:00:00,31.75,119.5,-0.8,5.0
2024-01-23 08:00:00,31.75,119.5,-1.2,5.0
2024-01-23 09:00:00,31.75,119.5,-1.8,5.0
2024-01-23 10:00:00,31.75,119.5,-3.0,5.0
2024-01-23 11:00:00,31.75,119.5,-3.5,5.0
2024-01-23 12:00:00,31.75,119.5,-3.5,5.0
2024-01-23 13:00:00,31.75,119.5,-3.6,5.0
2024-01-23 14:00:00,31.75,119.5,-3.6,5.0
2024-01-23 15:00:00,31.75,119.5,-3.6,5.0
2024-01-23 16:00:00,31.75,119.5,-3.6,5.0
2024-01-23 17:00:00,31.75,119.5,-3.6,5.0
2024-01-23 18:00:00,31.75,119.5,-3.6,5.0
2024-01-23 19:00:00,31.75,119.5,-3.6,5.0
2024-01-23 20:00:00,31.75,119.5,-3.6,5.0
2024-01-23 21:00:00,31.75,119.5,-3.7,5.0
2024-01-23 22:00:00,31.75,119.5,-3.7,5.0
2024-01-23 23:00:00,31.75,119.5,-3.8,5.0
2024-01-24 00:00:00,31.75,119.5,-3.0,5.0
2024-01-24 01:00:00,31.75,119.5,-1.3,5.0
2024-01-24 02:00:00,31.75,119.5,0.0,5.0
2024-01-24 03:00:00,31.75,119.5,1.2,5.0
2024-01-24 04:00:00,31.75,119.5,2.0,5.0
2024-01-24 05:00:00,31.75,119.5,2.7,5.0
2024-01-24 06:00:00,31.75,119.5,3.0,5.0
2024-01-24 07:00:00,31.75,119.5,3.1,5.0
2024-01-24 08:00:00,31.75,119.5,2.6,5.0
2024-01-24 09:00:00,31.75,119.5,0.8,5.0
2024-01-24 10:00:00,31.75,119.5,-0.7,5.0
2024-01-24 11:00:00,31.75,119.5,-1.2,5.0
2024-01-24 12:00:00,31.75,119.5,-1.5,5.0
2024-01-24 13:00:00,31.75,119.5,-1.7,5.0
2024-01-24 14:00:00,31.75,119.5,-1.7,5.0
2024-01-24 15:00:00,31.75,119.5,-1.8,5.0
2024-01-24 16:00:00,31.75,119.5,-1.9,5.0
2024-01-24 17:00:00,31.75,119.5,-1.9,5.0
2024-01-24 18:00:00,31.75,119.5,-2.0,5.0
2024-01-24 19:00:00,31.75,119.5,-2.0,5.0
2024-01-24 20:00:00,31.75,119.5,-1.7,5.0
2024-01-24 21:00:00,31.75,119.5,-1.7,5.0
2024-01-24 22:00:00,31.75,119.5,-1.6,5.0
2024-01-24 23:00:00,31.75,119.5,-1.8,5.0
2024-01-22 00:00:00,31.75,119.75,-2.5,9.0
2024-01-22 01:00:00,31.75,119.75,-2.4,9.0
2024-01-22 02:00:00,31.75,119.75,-2.2,9.0
2024-01-22 03:00:00,31.75,119.75,-1.5,9.0
2024-01-22 04:00:00,31.75,119.75,-1.0,9.0
2024-01-22 05:00:00,31.75,119.75,-1.0,9.0
2024-01-22 06:00:00,31.75,119.75,-1.4,9.0
2024-01-22 07:00:00,31.75,119.75,-1.4,9.0
2024-01-22 08:00:00,31.75,119.75,-1.7,9.0
2024-01-22 09:00:00,31.75,119.75,-2.1,9.0
2024-01-22 10:00:00,31.75,119.75,-2.4,9.0
2024-01-22 11:00:00,31.75,119.75,-2.5,9.0
2024-01-22 12:00:00,31.75,119.75,-2.7,9.0
2024-01-22 13:00:00,31.75,119.75,-2.9,9.0
2024-01-22 14:00:00,31.75,119.75,-3.0,9.0
2024-01-22 15:00:00,31.75,119.75,-3.2,9.0
2024-01-22 16:00:00,31.75,119.75,-3.4,9.0
2024-01-22 17:00:00,31.75,119.75,-3.7,9.0
2024-01-22 18:00:00,31.75,119.75,-4.3,9.0
2024-01-22 19:00:00,31.75,119.75,-4.8,9.0
2024-01-22 20:00:00,31.75,119.75,-5.1,9.0
2024-01-22 21:00:00,31.75,119.75,-5.4,9.0
2024-01-22 22:00:00,31.75,119.75,-5.6,9.0
2024-01-22 23:00:00,31.75,119.75,-5.7,9.0
2024-01-23 00:00:00,31.75,119.75,-5.6,9.0
2024-01-23 01:00:00,31.75,119.75,-4.7,9.0
2024-01-23 02:00:00,31.75,119.75,-3.6,9.0
2024-01-23 03:00:00,31.75,119.75,-2.6,9.0
2024-01-23 04:00:00,31.75,119.75,-1.7,9.0
2024-01-23 05:00:00,31.75,119.75,-1.0,9.0
2024-01-23 06:00:00,31.75,119.75,-0.5,9.0
2024-01-23 07:00:00,31.75,119.75,-0.6,9.0
2024-01-23 08:00:00,31.75,119.75,-1.1,9.0
2024-01-23 09:00:00,31.75,119.75,-1.8,9.0
2024-01-23 10:00:00,31.75,119.75,-2.7,9.0
2024-01-23 11:00:00,31.75,119.75,-3.2,9.0
2024-01-23 12:00:00,31.75,119.75,-3.1,9.0
2024-01-23 13:00:00,31.75,119.75,-3.4,9.0
2024-01-23 14:00:00,31.75,119.75,-3.5,9.0
2024-01-23 15:00:00,31.75,119.75,-3.5,9.0
2024-01-23 16:00:00,31.75,119.75,-3.5,9.0
2024-01-23 17:00:00,31.75,119.75,-3.5,9.0
2024-01-23 18:00:00,31.75,119.75,-3.5,9.0
2024-01-23 19:00:00,31.75,119.75,-3.5,9.0
2024-01-23 20:00:00,31.75,119.75,-3.5,9.0
2024-01-23 21:00:00,31.75,119.75,-3.5,9.0
2024-01-23 22:00:00,31.75,119.75,-3.6,9.0
2024-01-23 23:00:00,31.75,119.75,-3.7,9.0
2024-01-24 00:00:00,31.75,119.75,-3.0,9.0
2024-01-24 01:00:00,31.75,119.75,-1.5,9.0
2024-01-24 02:00:00,31.75,119.75,-0.1,9.0
2024-01-24 03:00:00,31.75,119.75,1.0,9.0
2024-01-24 04:00:00,31.75,119.75,1.9,9.0
2024-01-24 05:00:00,31.75,119.75,2.6,9.0
2024-01-24 06:00:00,31.75,119.75,3.0,9.0
2024-01-24 07:00:00,31.75,119.75,3.1,9.0
2024-01-24 08:00:00,31.75,119.75,2.8,9.0
2024-01-24 09:00:00,31.75,119.75,1.3,9.0
2024-01-24 10:00:00,31.75,119.75,-0.0,9.0
2024-01-24 11:00:00,31.75,119.75,-0.7,9.0
2024-01-24 12:00:00,31.75,119.75,-1.0,9.0
2024-01-24 13:00:00,31.75,119.75,-1.3,9.0
2024-01-24 14:00:00,31.75,119.75,-1.4,9.0
2024-01-24 15:00:00,31.75,119.75,-1.4,9.0
2024-01-24 16:00:00,31.75,119.75,-1.5,9.0
2024-01-24 17:00:00,31.75,119.75,-1.6,9.0
2024-01-24 18:00:00,31.75,119.75,-1.7,9.0
2024-01-24 19:00:00,31.75,119.75,-1.7,9.0
2024-01-24 20:00:00,31.75,119.75,-1.6,9.0
2024-01-24 21:00:00,31.75,119.75,-1.5,9.0
2024-01-24 22:00:00,31.75,119.75,-1.4,9.0
2024-01-24 23:00:00,31.75,119.75,-1.5,9.0
2024-01-22 00:00:00,31.75,120.0,-2.3,7.0
2024-01-22 01:00:00,31.75,120.0,-2.2,7.0
2024-01-22 02:00:00,31.75,120.0,-1.9,7.0
2024-01-22 03:00:00,31.75,120.0,-1.5,7.0
2024-01-22 04:00:00,31.75,120.0,-1.0,7.0
2024-01-22 05:00:00,31.75,120.0,-1.0,7.0
2024-01-22 06:00:00,31.75,120.0,-1.3,7.0
2024-01-22 07:00:00,31.75,120.0,-1.2,7.0
2024-01-22 08:00:00,31.75,120.0,-1.4,7.0
2024-01-22 09:00:00,31.75,120.0,-1.7,7.0
2024-01-22 10:00:00,31.75,120.0,-1.9,7.0
2024-01-22 11:00:00,31.75,120.0,-2.1,7.0
2024-01-22 12:00:00,31.75,120.0,-2.2,7.0
2024-01-22 13:00:00,31.75,120.0,-2.5,7.0
2024-01-22 14:00:00,31.75,120.0,-2.6,7.0
2024-01-22 15:00:00,31.75,120.0,-2.8,7.0
2024-01-22 16:00:00,31.75,120.0,-3.0,7.0
2024-01-22 17:00:00,31.75,120.0,-3.2,7.0
2024-01-22 18:00:00,31.75,120.0,-3.7,7.0
2024-01-22 19:00:00,31.75,120.0,-4.0,7.0
2024-01-22 20:00:00,31.75,120.0,-4.4,7.0
2024-01-22 21:00:00,31.75,120.0,-4.9,7.0
2024-01-22 22:00:00,31.75,120.0,-5.1,7.0
2024-01-22 23:00:00,31.75,120.0,-5.2,7.0
2024-01-23 00:00:00,31.75,120.0,-5.2,7.0
2024-01-23 01:00:00,31.75,120.0,-4.5,7.0
2024-01-23 02:00:00,31.75,120.0,-3.7,7.0
2024-01-23 03:00:00,31.75,120.0,-2.8,7.0
2024-01-23 04:00:00,31.75,120.0,-2.0,7.0
2024-01-23 05:00:00,31.75,120.0,-1.3,7.0
2024-01-23 06:00:00,31.75,120.0,-1.0,7.0
2024-01-23 07:00:00,31.75,120.0,-1.0,7.0
2024-01-23 08:00:00,31.75,120.0,-0.8,7.0
2024-01-23 09:00:00,31.75,120.0,-1.3,7.0
2024-01-23 10:00:00,31.75,120.0,-1.9,7.0
2024-01-23 11:00:00,31.75,120.0,-2.1,7.0
2024-01-23 12:00:00,31.75,120.0,-2.2,7.0
2024-01-23 13:00:00,31.75,120.0,-2.2,7.0
2024-01-23 14:00:00,31.75,120.0,-2.3,7.0
2024-01-23 15:00:00,31.75,120.0,-2.4,7.0
2024-01-23 16:00:00,31.75,120.0,-2.4,7.0
2024-01-23 17:00:00,31.75,120.0,-2.4,7.0
2024-01-23 18:00:00,31.75,120.0,-2.4,7.0
2024-01-23 19:00:00,31.75,120.0,-2.4,7.0
2024-01-23 20:00:00,31.75,120.0,-2.4,7.0
2024-01-23 21:00:00,31.75,120.0,-2.5,7.0
2024-01-23 22:00:00,31.75,120.0,-2.5,7.0
2024-01-23 23:00:00,31.75,120.0,-2.5,7.0
2024-01-24 00:00:00,31.75,120.0,-2.1,7.0
2024-01-24 01:00:00,31.75,120.0,-1.2,7.0
2024-01-24 02:00:00,31.75,120.0,-0.1,7.0
2024-01-24 03:00:00,31.75,120.0,0.9,7.0
2024-01-24 04:00:00,31.75,120.0,1.8,7.0
2024-01-24 05:00:00,31.75,120.0,2.6,7.0
2024-01-24 06:00:00,31.75,120.0,3.1,7.0
2024-01-24 07:00:00,31.75,120.0,3.4,7.0
2024-01-24 08:00:00,31.75,120.0,3.2,7.0
2024-01-24 09:00:00,31.75,120.0,2.5,7.0
2024-01-24 10:00:00,31.75,120.0,1.5,7.0
2024-01-24 11:00:00,31.75,120.0,1.0,7.0
2024-01-24 12:00:00,31.75,120.0,0.5,7.0
2024-01-24 13:00:00,31.75,120.0,0.1,7.0
2024-01-24 14:00:00,31.75,120.0,-0.2,7.0
2024-01-24 15:00:00,31.75,120.0,-0.3,7.0
2024-01-24 16:00:00,31.75,120.0,-0.4,7.0
2024-01-24 17:00:00,31.75,120.0,-0.5,7.0
2024-01-24 18:00:00,31.75,120.0,-0.6,7.0
2024-01-24 19:00:00,31.75,120.0,-0.7,7.0
2024-01-24 20:00:00,31.75,120.0,-0.7,7.0
2024-01-24 21:00:00,31.75,120.0,-0.6,7.0
2024-01-24 22:00:00,31.75,120.0,-0.6,7.0
2024-01-24 23:00:00,31.75,120.0,-0.7,7.0
2024-01-22 00:00:00,31.75,120.25,-2.6,4.0
2024-01-22 01:00:00,31.75,120.25,-2.5,4.0
2024-01-22 02:00:00,31.75,120.25,-2.0,4.0
2024-01-22 03:00:00,31.75,120.25,-1.6,4.0
2024-01-22 04:00:00,31.75,120.25,-0.9,4.0
2024-01-22 05:00:00,31.75,120.25,-0.8,4.0
2024-01-22 06:00:00,31.75,120.25,-1.2,4.0
2024-01-22 07:00:00,31.75,120.25,-1.1,4.0
2024-01-22 08:00:00,31.75,120.25,-1.6,4.0
2024-01-22 09:00:00,31.75,120.25,-1.8,4.0
2024-01-22 10:00:00,31.75,120.25,-2.2,4.0
2024-01-22 11:00:00,31.75,120.25,-2.4,4.0
2024-01-22 12:00:00,31.75,120.25,-2.6,4.0
2024-01-22 13:00:00,31.75,120.25,-2.9,4.0
2024-01-22 14:00:00,31.75,120.25,-3.2,4.0
2024-01-22 15:00:00,31.75,120.25,-3.4,4.0
2024-01-22 16:00:00,31.75,120.25,-3.7,4.0
2024-01-22 17:00:00,31.75,120.25,-4.1,4.0
2024-01-22 18:00:00,31.75,120.25,-4.7,4.0
2024-01-22 19:00:00,31.75,120.25,-5.1,4.0
2024-01-22 20:00:00,31.75,120.25,-5.5,4.0
2024-01-22 21:00:00,31.75,120.25,-5.9,4.0
2024-01-22 22:00:00,31.75,120.25,-6.2,4.0
2024-01-22 23:00:00,31.75,120.25,-6.4,4.0
2024-01-23 00:00:00,31.75,120.25,-6.1,4.0
2024-01-23 01:00:00,31.75,120.25,-5.2,4.0
2024-01-23 02:00:00,31.75,120.25,-4.0,4.0
2024-01-23 03:00:00,31.75,120.25,-3.1,4.0
2024-01-23 04:00:00,31.75,120.25,-2.2,4.0
2024-01-23 05:00:00,31.75,120.25,-1.8,4.0
2024-01-23 06:00:00,31.75,120.25,-1.4,4.0
2024-01-23 07:00:00,31.75,120.25,-1.1,4.0
2024-01-23 08:00:00,31.75,120.25,-1.1,4.0
2024-01-23 09:00:00,31.75,120.25,-1.8,4.0
2024-01-23 10:00:00,31.75,120.25,-2.6,4.0
2024-01-23 11:00:00,31.75,120.25,-2.9,4.0
2024-01-23 12:00:00,31.75,120.25,-3.1,4.0
2024-01-23 13:00:00,31.75,120.25,-3.4,4.0
2024-01-23 14:00:00,31.75,120.25,-3.4,4.0
2024-01-23 15:00:00,31.75,120.25,-3.4,4.0
2024-01-23 16:00:00,31.75,120.25,-3.4,4.0
2024-01-23 17:00:00,31.75,120.25,-3.5,4.0
2024-01-23 18:00:00,31.75,120.25,-3.5,4.0
2024-01-23 19:00:00,31.75,120.25,-3.5,4.0
2024-01-23 20:00:00,31.75,120.25,-3.5,4.0
2024-01-23 21:00:00,31.75,120.25,-3.6,4.0
2024-01-23 22:00:00,31.75,120.25,-3.7,4.0
2024-01-23 23:00:00,31.75,120.25,-3.8,4.0
2024-01-24 00:00:00,31.75,120.25,-2.8,4.0
2024-01-24 01:00:00,31.75,120.25,-1.3,4.0
2024-01-24 02:00:00,31.75,120.25,0.1,4.0
2024-01-24 03:00:00,31.75,120.25,1.2,4.0
2024-01-24 04:00:00,31.75,120.25,2.1,4.0
2024-01-24 05:00:00,31.75,120.25,2.7,4.0
2024-01-24 06:00:00,31.75,120.25,3.0,4.0
2024-01-24 07:00:00,31.75,120.25,3.1,4.0
2024-01-24 08:00:00,31.75,120.25,2.6,4.0
2024-01-24 09:00:00,31.75,120.25,1.1,4.0
2024-01-24 10:00:00,31.75,120.25,-0.3,4.0
2024-01-24 11:00:00,31.75,120.25,-0.7,4.0
2024-01-24 12:00:00,31.75,120.25,-1.0,4.0
2024-01-24 13:00:00,31.75,120.25,-1.3,4.0
2024-01-24 14:00:00,31.75,120.25,-1.4,4.0
2024-01-24 15:00:00,31.75,120.25,-1.6,4.0
2024-01-24 16:00:00,31.75,120.25,-1.7,4.0
2024-01-24 17:00:00,31.75,120.25,-1.9,4.0
2024-01-24 18:00:00,31.75,120.25,-1.9,4.0
2024-01-24 19:00:00,31.75,120.25,-2.0,4.0
2024-01-24 20:00:00,31.75,120.25,-2.0,4.0
2024-01-24 21:00:00,31.75,120.25,-1.7,4.0
2024-01-24 22:00:00,31.75,120.25,-1.5,4.0
2024-01-24 23:00:00,31.75,120.25,-1.5,4.0
2024-01-22 00:00:00,31.75,120.5,-2.4,7.0
2024-01-22 01:00:00,31.75,120.5,-2.1,7.0
2024-01-22 02:00:00,31.75,120.5,-1.7,7.0
2024-01-22 03:00:00,31.75,120.5,-1.4,7.0
2024-01-22 04:00:00,31.75,120.5,-0.8,7.0
2024-01-22 05:00:00,31.75,120.5,-0.5,7.0
2024-01-22 06:00:00,31.75,120.5,-0.8,7.0
2024-01-22 07:00:00,31.75,120.5,-0.9,7.0
2024-01-22 08:00:00,31.75,120.5,-1.1,7.0
2024-01-22 09:00:00,31.75,120.5,-1.4,7.0
2024-01-22 10:00:00,31.75,120.5,-1.8,7.0
2024-01-22 11:00:00,31.75,120.5,-2.1,7.0
2024-01-22 12:00:00,31.75,120.5,-2.3,7.0
2024-01-22 13:00:00,31.75,120.5,-2.6,7.0
2024-01-22 14:00:00,31.75,120.5,-2.8,7.0
2024-01-22 15:00:00,31.75,120.5,-2.9,7.0
2024-01-22 16:00:00,31.75,120.5,-3.3,7.0
2024-01-22 17:00:00,31.75,120.5,-3.5,7.0
2024-01-22 18:00:00,31.75,120.5,-4.1,7.0
2024-01-22 19:00:00,31.75,120.5,-4.5,7.0
2024-01-22 20:00:00,31.75,120.5,-4.8,7.0
2024-01-22 21:00:00,31.75,120.5,-5.1,7.0
2024-01-22 22:00:00,31.75,120.5,-5.4,7.0
2024-01-22 23:00:00,31.75,120.5,-5.6,7.0
2024-01-23 00:00:00,31.75,120.5,-5.5,7.0
2024-01-23 01:00:00,31.75,120.5,-4.8,7.0
2024-01-23 02:00:00,31.75,120.5,-3.9,7.0
2024-01-23 03:00:00,31.75,120.5,-3.0,7.0
2024-01-23 04:00:00,31.75,120.5,-2.2,7.0
2024-01-23 05:00:00,31.75,120.5,-1.6,7.0
2024-01-23 06:00:00,31.75,120.5,-1.3,7.0
2024-01-23 07:00:00,31.75,120.5,-1.0,7.0
2024-01-23 08:00:00,31.75,120.5,-1.0,7.0
2024-01-23 09:00:00,31.75,120.5,-1.4,7.0
2024-01-23 10:00:00,31.75,120.5,-1.9,7.0
2024-01-23 11:00:00,31.75,120.5,-2.0,7.0
2024-01-23 12:00:00,31.75,120.5,-2.2,7.0
2024-01-23 13:00:00,31.75,120.5,-2.3,7.0
2024-01-23 14:00:00,31.75,120.5,-2.4,7.0
2024-01-23 15:00:00,31.75,120.5,-2.5,7.0
2024-01-23 16:00:00,31.75,120.5,-2.6,7.0
2024-01-23 17:00:00,31.75,120.5,-2.5,7.0
2024-01-23 18:00:00,31.75,120.5,-2.6,7.0
2024-01-23 19:00:00,31.75,120.5,-2.6,7.0
2024-01-23 20:00:00,31.75,120.5,-2.6,7.0
2024-01-23 21:00:00,31.75,120.5,-2.5,7.0
2024-01-23 22:00:00,31.75,120.5,-2.5,7.0
2024-01-23 23:00:00,31.75,120.5,-2.5,7.0
2024-01-24 00:00:00,31.75,120.5,-2.0,7.0
2024-01-24 01:00:00,31.75,120.5,-0.8,7.0
2024-01-24 02:00:00,31.75,120.5,0.4,7.0
2024-01-24 03:00:00,31.75,120.5,1.4,7.0
2024-01-24 04:00:00,31.75,120.5,2.2,7.0
2024-01-24 05:00:00,31.75,120.5,2.9,7.0
2024-01-24 06:00:00,31.75,120.5,3.2,7.0
2024-01-24 07:00:00,31.75,120.5,3.5,7.0
2024-01-24 08:00:00,31.75,120.5,3.4,7.0
2024-01-24 09:00:00,31.75,120.5,2.6,7.0
2024-01-24 10:00:00,31.75,120.5,1.5,7.0
2024-01-24 11:00:00,31.75,120.5,1.0,7.0
2024-01-24 12:00:00,31.75,120.5,0.7,7.0
2024-01-24 13:00:00,31.75,120.5,0.4,7.0
2024-01-24 14:00:00,31.75,120.5,0.1,7.0
2024-01-24 15:00:00,31.75,120.5,-0.3,7.0
2024-01-24 16:00:00,31.75,120.5,-0.5,7.0
2024-01-24 17:00:00,31.75,120.5,-0.6,7.0
2024-01-24 18:00:00,31.75,120.5,-0.7,7.0
2024-01-24 19:00:00,31.75,120.5,-0.8,7.0
2024-01-24 20:00:00,31.75,120.5,-0.8,7.0
2024-01-24 21:00:00,31.75,120.5,-0.7,7.0
2024-01-24 22:00:00,31.75,120.5,-0.7,7.0
2024-01-24 23:00:00,31.75,120.5,-0.7,7.0
2024-01-22 00:00:00,31.75,120.75,-2.6,6.0
2024-01-22 01:00:00,31.75,120.75,-2.3,6.0
2024-01-22 02:00:00,31.75,120.75,-1.6,6.0
2024-01-22 03:00:00,31.75,120.75,-1.2,6.0
2024-01-22 04:00:00,31.75,120.75,-0.7,6.0
2024-01-22 05:00:00,31.75,120.75,-0.5,6.0
2024-01-22 06:00:00,31.75,120.75,-0.8,6.0
2024-01-22 07:00:00,31.75,120.75,-1.1,6.0
2024-01-22 08:00:00,31.75,120.75,-1.3,6.0
2024-01-22 09:00:00,31.75,120.75,-1.7,6.0
2024-01-22 10:00:00,31.75,120.75,-2.3,6.0
2024-01-22 11:00:00,31.75,120.75,-2.4,6.0
2024-01-22 12:00:00,31.75,120.75,-2.6,6.0
2024-01-22 13:00:00,31.75,120.75,-2.9,6.0
2024-01-22 14:00:00,31.75,120.75,-3.4,6.0
2024-01-22 15:00:00,31.75,120.75,-3.7,6.0
2024-01-22 16:00:00,31.75,120.75,-4.1,6.0
2024-01-22 17:00:00,31.75,120.75,-4.2,6.0
2024-01-22 18:00:00,31.75,120.75,-4.8,6.0
2024-01-22 19:00:00,31.75,120.75,-5.2,6.0
2024-01-22 20:00:00,31.75,120.75,-5.6,6.0
2024-01-22 21:00:00,31.75,120.75,-6.0,6.0
2024-01-22 22:00:00,31.75,120.75,-6.2,6.0
2024-01-22 23:00:00,31.75,120.75,-6.5,6.0
2024-01-23 00:00:00,31.75,120.75,-6.3,6.0
2024-01-23 01:00:00,31.75,120.75,-5.2,6.0
2024-01-23 02:00:00,31.75,120.75,-4.0,6.0
2024-01-23 03:00:00,31.75,120.75,-2.9,6.0
2024-01-23 04:00:00,31.75,120.75,-1.9,6.0
2024-01-23 05:00:00,31.75,120.75,-1.5,6.0
2024-01-23 06:00:00,31.75,120.75,-1.0,6.0
2024-01-23 07:00:00,31.75,120.75,-1.1,6.0
2024-01-23 08:00:00,31.75,120.75,-1.2,6.0
2024-01-23 09:00:00,31.75,120.75,-2.0,6.0
2024-01-23 10:00:00,31.75,120.75,-3.0,6.0
2024-01-23 11:00:00,31.75,120.75,-3.5,6.0
2024-01-23 12:00:00,31.75,120.75,-3.8,6.0
2024-01-23 13:00:00,31.75,120.75,-3.8,6.0
2024-01-23 14:00:00,31.75,120.75,-3.8,6.0
2024-01-23 15:00:00,31.75,120.75,-3.5,6.0
2024-01-23 16:00:00,31.75,120.75,-3.4,6.0
2024-01-23 17:00:00,31.75,120.75,-3.3,6.0
2024-01-23 18:00:00,31.75,120.75,-3.4,6.0
2024-01-23 19:00:00,31.75,120.75,-3.5,6.0
2024-01-23 20:00:00,31.75,120.75,-3.5,6.0
2024-01-23 21:00:00,31.75,120.75,-3.5,6.0
2024-01-23 22:00:00,31.75,120.75,-3.6,6.0
2024-01-23 23:00:00,31.75,120.75,-3.8,6.0
2024-01-24 00:00:00,31.75,120.75,-2.8,6.0
2024-01-24 01:00:00,31.75,120.75,-1.1,6.0
2024-01-24 02:00:00,31.75,120.75,0.2,6.0
2024-01-24 03:00:00,31.75,120.75,1.5,6.0
2024-01-24 04:00:00,31.75,120.75,2.5,6.0
2024-01-24 05:00:00,31.75,120.75,3.2,6.0
2024-01-24 06:00:00,31.75,120.75,3.6,6.0
2024-01-24 07:00:00,31.75,120.75,3.8,6.0
2024-01-24 08:00:00,31.75,120.75,3.2,6.0
2024-01-24 09:00:00,31.75,120.75,1.1,6.0
2024-01-24 10:00:00,31.75,120.75,-0.6,6.0
2024-01-24 11:00:00,31.75,120.75,-1.2,6.0
2024-01-24 12:00:00,31.75,120.75,-1.4,6.0
2024-01-24 13:00:00,31.75,120.75,-1.8,6.0
2024-01-24 14:00:00,31.75,120.75,-2.0,6.0
2024-01-24 15:00:00,31.75,120.75,-2.2,6.0
2024-01-24 16:00:00,31.75,120.75,-2.5,6.0
2024-01-24 17:00:00,31.75,120.75,-2.7,6.0
2024-01-24 18:00:00,31.75,120.75,-2.8,6.0
2024-01-24 19:00:00,31.75,120.75,-2.8,6.0
2024-01-24 20:00:00,31.75,120.75,-2.8,6.0
2024-01-24 21:00:00,31.75,120.75,-2.7,6.0
2024-01-24 22:00:00,31.75,120.75,-2.5,6.0
2024-01-24 23:00:00,31.75,120.75,-2.3,6.0
2024-01-22 00:00:00,31.75,121.0,-1.6,4.0
2024-01-22 01:00:00,31.75,121.0,-1.4,4.0
2024-01-22 02:00:00,31.75,121.0,-1.2,4.0
2024-01-22 03:00:00,31.75,121.0,-0.8,4.0
2024-01-22 04:00:00,31.75,121.0,-0.4,4.0
2024-01-22 05:00:00,31.75,121.0,-0.2,4.0
2024-01-22 06:00:00,31.75,121.0,-0.3,4.0
2024-01-22 07:00:00,31.75,121.0,-0.7,4.0
2024-01-22 08:00:00,31.75,121.0,-0.6,4.0
2024-01-22 09:00:00,31.75,121.0,-1.1,4.0
2024-01-22 10:00:00,31.75,121.0,-1.6,4.0
2024-01-22 11:00:00,31.75,121.0,-1.8,4.0
2024-01-22 12:00:00,31.75,121.0,-2.1,4.0
2024-01-22 13:00:00,31.75,121.0,-2.3,4.0
2024-01-22 14:00:00,31.75,121.0,-2.6,4.0
2024-01-22 15:00:00,31.75,121.0,-2.9,4.0
2024-01-22 16:00:00,31.75,121.0,-3.0,4.0
2024-01-22 17:00:00,31.75,121.0,-3.2,4.0
2024-01-22 18:00:00,31.75,121.0,-3.7,4.0
2024-01-22 19:00:00,31.75,121.0,-4.1,4.0
2024-01-22 20:00:00,31.75,121.0,-4.3,4.0
2024-01-22 21:00:00,31.75,121.0,-4.6,4.0
2024-01-22 22:00:00,31.75,121.0,-4.8,4.0
2024-01-22 23:00:00,31.75,121.0,-5.0,4.0
2024-01-23 00:00:00,31.75,121.0,-4.7,4.0
2024-01-23 01:00:00,31.75,121.0,-4.1,4.0
2024-01-23 02:00:00,31.75,121.0,-3.4,4.0
2024-01-23 03:00:00,31.75,121.0,-2.8,4.0
2024-01-23 04:00:00,31.75,121.0,-2.0,4.0
2024-01-23 05:00:00,31.75,121.0,-1.5,4.0
2024-01-23 06:00:00,31.75,121.0,-1.0,4.0
2024-01-23 07:00:00,31.75,121.0,-1.1,4.0
2024-01-23 08:00:00,31.75,121.0,-0.9,4.0
2024-01-23 09:00:00,31.75,121.0,-1.6,4.0
2024-01-23 10:00:00,31.75,121.0,-2.0,4.0
2024-01-23 11:00:00,31.75,121.0,-2.1,4.0
2024-01-23 12:00:00,31.75,121.0,-2.2,4.0
2024-01-23 13:00:00,31.75,121.0,-2.5,4.0
2024-01-23 14:00:00,31.75,121.0,-2.7,4.0
2024-01-23 15:00:00,31.75,121.0,-2.7,4.0
2024-01-23 16:00:00,31.75,121.0,-2.8,4.0
2024-01-23 17:00:00,31.75,121.0,-2.7,4.0
2024-01-23 18:00:00,31.75,121.0,-2.7,4.0
2024-01-23 19:00:00,31.75,121.0,-2.6,4.0
2024-01-23 20:00:00,31.75,121.0,-2.6,4.0
2024-01-23 21:00:00,31.75,121.0,-2.6,4.0
2024-01-23 22:00:00,31.75,121.0,-2.6,4.0
2024-01-23 23:00:00,31.75,121.0,-2.6,4.0
2024-01-24 00:00:00,31.75,121.0,-1.8,4.0
2024-01-24 01:00:00,31.75,121.0,-0.9,4.0
2024-01-24 02:00:00,31.75,121.0,0.2,4.0
2024-01-24 03:00:00,31.75,121.0,1.2,4.0
2024-01-24 04:00:00,31.75,121.0,2.0,4.0
2024-01-24 05:00:00,31.75,121.0,2.7,4.0
2024-01-24 06:00:00,31.75,121.0,3.0,4.0
2024-01-24 07:00:00,31.75,121.0,3.0,4.0
2024-01-24 08:00:00,31.75,121.0,2.7,4.0
2024-01-24 09:00:00,31.75,121.0,1.2,4.0
2024-01-24 10:00:00,31.75,121.0,0.1,4.0
2024-01-24 11:00:00,31.75,121.0,-0.3,4.0
2024-01-24 12:00:00,31.75,121.0,-0.6,4.0
2024-01-24 13:00:00,31.75,121.0,-1.0,4.0
2024-01-24 14:00:00,31.75,121.0,-1.0,4.0
2024-01-24 15:00:00,31.75,121.0,-1.1,4.0
2024-01-24 16:00:00,31.75,121.0,-1.2,4.0
2024-01-24 17:00:00,31.75,121.0,-1.2,4.0
2024-01-24 18:00:00,31.75,121.0,-1.2,4.0
2024-01-24 19:00:00,31.75,121.0,-1.3,4.0
2024-01-24 20:00:00,31.75,121.0,-1.3,4.0
2024-01-24 21:00:00,31.75,121.0,-1.3,4.0
2024-01-24 22:00:00,31.75,121.0,-1.0,4.0
2024-01-24 23:00:00,31.75,121.0,-0.9,4.0
2024-01-22 00:00:00,31.75,121.25,-2.4,2.0
2024-01-22 01:00:00,31.75,121.25,-1.7,2.0
2024-01-22 02:00:00,31.75,121.25,-0.9,2.0
2024-01-22 03:00:00,31.75,121.25,-0.3,2.0
2024-01-22 04:00:00,31.75,121.25,-0.0,2.0
2024-01-22 05:00:00,31.75,121.25,0.1,2.0
2024-01-22 06:00:00,31.75,121.25,-0.1,2.0
2024-01-22 07:00:00,31.75,121.25,-0.6,2.0
2024-01-22 08:00:00,31.75,121.25,-0.7,2.0
2024-01-22 09:00:00,31.75,121.25,-1.5,2.0
2024-01-22 10:00:00,31.75,121.25,-2.0,2.0
2024-01-22 11:00:00,31.75,121.25,-2.5,2.0
2024-01-22 12:00:00,31.75,121.25,-2.6,2.0
2024-01-22 13:00:00,31.75,121.25,-3.0,2.0
2024-01-22 14:00:00,31.75,121.25,-3.4,2.0
2024-01-22 15:00:00,31.75,121.25,-3.7,2.0
2024-01-22 16:00:00,31.75,121.25,-4.1,2.0
2024-01-22 17:00:00,31.75,121.25,-4.2,2.0
2024-01-22 18:00:00,31.75,121.25,-4.7,2.0
2024-01-22 19:00:00,31.75,121.25,-5.1,2.0
2024-01-22 20:00:00,31.75,121.25,-5.5,2.0
2024-01-22 21:00:00,31.75,121.25,-5.8,2.0
2024-01-22 22:00:00,31.75,121.25,-6.1,2.0
2024-01-22 23:00:00,31.75,121.25,-6.3,2.0
2024-01-23 00:00:00,31.75,121.25,-6.0,2.0
2024-01-23 01:00:00,31.75,121.25,-4.9,2.0
2024-01-23 02:00:00,31.75,121.25,-3.6,2.0
2024-01-23 03:00:00,31.75,121.25,-2.4,2.0
2024-01-23 04:00:00,31.75,121.25,-1.3,2.0
2024-01-23 05:00:00,31.75,121.25,-0.6,2.0
2024-01-23 06:00:00,31.75,121.25,-0.5,2.0
2024-01-23 07:00:00,31.75,121.25,-0.8,2.0
2024-01-23 08:00:00,31.75,121.25,-1.0,2.0
2024-01-23 09:00:00,31.75,121.25,-2.0,2.0
2024-01-23 10:00:00,31.75,121.25,-3.0,2.0
2024-01-23 11:00:00,31.75,121.25,-3.5,2.0
2024-01-23 12:00:00,31.75,121.25,-4.0,2.0
2024-01-23 13:00:00,31.75,121.25,-4.4,2.0
2024-01-23 14:00:00,31.75,121.25,-4.4,2.0
2024-01-23 15:00:00,31.75,121.25,-4.2,2.0
2024-01-23 16:00:00,31.75,121.25,-3.8,2.0
2024-01-23 17:00:00,31.75,121.25,-3.6,2.0
2024-01-23 18:00:00,31.75,121.25,-3.7,2.0
2024-01-23 19:00:00,31.75,121.25,-4.0,2.0
2024-01-23 20:00:00,31.75,121.25,-4.1,2.0
2024-01-23 21:00:00,31.75,121.25,-4.3,2.0
2024-01-23 22:00:00,31.75,121.25,-4.4,2.0
2024-01-23 23:00:00,31.75,121.25,-4.6,2.0
2024-01-24 00:00:00,31.75,121.25,-3.8,2.0
2024-01-24 01:00:00,31.75,121.25,-1.7,2.0
2024-01-24 02:00:00,31.75,121.25,0.1,2.0
2024-01-24 03:00:00,31.75,121.25,1.4,2.0
2024-01-24 04:00:00,31.75,121.25,2.7,2.0
2024-01-24 05:00:00,31.75,121.25,3.4,2.0
2024-01-24 06:00:00,31.75,121.25,3.7,2.0
2024-01-24 07:00:00,31.75,121.25,3.7,2.0
2024-01-24 08:00:00,31.75,121.25,3.1,2.0
2024-01-24 09:00:00,31.75,121.25,0.6,2.0
2024-01-24 10:00:00,31.75,121.25,-1.2,2.0
2024-01-24 11:00:00,31.75,121.25,-1.8,2.0
2024-01-24 12:00:00,31.75,121.25,-1.8,2.0
2024-01-24 13:00:00,31.75,121.25,-1.9,2.0
2024-01-24 14:00:00,31.75,121.25,-2.1,2.0
2024-01-24 15:00:00,31.75,121.25,-2.5,2.0
2024-01-24 16:00:00,31.75,121.25,-2.7,2.0
2024-01-24 17:00:00,31.75,121.25,-2.7,2.0
2024-01-24 18:00:00,31.75,121.25,-2.7,2.0
2024-01-24 19:00:00,31.75,121.25,-2.7,2.0
2024-01-24 20:00:00,31.75,121.25,-2.8,2.0
2024-01-24 21:00:00,31.75,121.25,-2.8,2.0
2024-01-24 22:00:00,31.75,121.25,-2.6,2.0
2024-01-24 23:00:00,31.75,121.25,-2.4,2.0
2024-01-22 00:00:00,31.75,121.5,-2.2,3.0
2024-01-22 01:00:00,31.75,121.5,-1.5,3.0
2024-01-22 02:00:00,31.75,121.5,-0.8,3.0
2024-01-22 03:00:00,31.75,121.5,-0.3,3.0
2024-01-22 04:00:00,31.75,121.5,0.0,3.0
2024-01-22 05:00:00,31.75,121.5,0.3,3.0
2024-01-22 06:00:00,31.75,121.5,0.2,3.0
2024-01-22 07:00:00,31.75,121.5,-0.2,3.0
2024-01-22 08:00:00,31.75,121.5,-0.6,3.0
2024-01-22 09:00:00,31.75,121.5,-1.3,3.0
2024-01-22 10:00:00,31.75,121.5,-1.8,3.0
2024-01-22 11:00:00,31.75,121.5,-2.3,3.0
2024-01-22 12:00:00,31.75,121.5,-2.7,3.0
2024-01-22 13:00:00,31.75,121.5,-2.8,3.0
2024-01-22 14:00:00,31.75,121.5,-3.0,3.0
2024-01-22 15:00:00,31.75,121.5,-3.5,3.0
2024-01-22 16:00:00,31.75,121.5,-3.8,3.0
2024-01-22 17:00:00,31.75,121.5,-3.9,3.0
2024-01-22 18:00:00,31.75,121.5,-4.3,3.0
2024-01-22 19:00:00,31.75,121.5,-4.7,3.0
2024-01-22 20:00:00,31.75,121.5,-5.1,3.0
2024-01-22 21:00:00,31.75,121.5,-5.4,3.0
2024-01-22 22:00:00,31.75,121.5,-5.7,3.0
2024-01-22 23:00:00,31.75,121.5,-6.0,3.0
2024-01-23 00:00:00,31.75,121.5,-5.7,3.0
2024-01-23 01:00:00,31.75,121.5,-4.7,3.0
2024-01-23 02:00:00,31.75,121.5,-3.7,3.0
2024-01-23 03:00:00,31.75,121.5,-2.6,3.0
2024-01-23 04:00:00,31.75,121.5,-1.6,3.0
2024-01-23 05:00:00,31.75,121.5,-0.9,3.0
2024-01-23 06:00:00,31.75,121.5,-0.7,3.0
2024-01-23 07:00:00,31.75,121.5,-0.8,3.0
2024-01-23 08:00:00,31.75,121.5,-1.0,3.0
2024-01-23 09:00:00,31.75,121.5,-1.8,3.0
2024-01-23 10:00:00,31.75,121.5,-2.6,3.0
2024-01-23 11:00:00,31.75,121.5,-2.9,3.0
2024-01-23 12:00:00,31.75,121.5,-3.4,3.0
2024-01-23 13:00:00,31.75,121.5,-3.6,3.0
2024-01-23 14:00:00,31.75,121.5,-3.9,3.0
2024-01-23 15:00:00,31.75,121.5,-3.8,3.0
2024-01-23 16:00:00,31.75,121.5,-3.5,3.0
2024-01-23 17:00:00,31.75,121.5,-3.4,3.0
2024-01-23 18:00:00,31.75,121.5,-3.4,3.0
2024-01-23 19:00:00,31.75,121.5,-3.5,3.0
2024-01-23 20:00:00,31.75,121.5,-3.6,3.0
2024-01-23 21:00:00,31.75,121.5,-3.7,3.0
2024-01-23 22:00:00,31.75,121.5,-3.8,3.0
2024-01-23 23:00:00,31.75,121.5,-4.0,3.0
2024-01-24 00:00:00,31.75,121.5,-3.3,3.0
2024-01-24 01:00:00,31.75,121.5,-1.7,3.0
2024-01-24 02:00:00,31.75,121.5,-0.2,3.0
2024-01-24 03:00:00,31.75,121.5,1.1,3.0
2024-01-24 04:00:00,31.75,121.5,2.3,3.0
2024-01-24 05:00:00,31.75,121.5,3.1,3.0
2024-01-24 06:00:00,31.75,121.5,3.5,3.0
2024-01-24 07:00:00,31.75,121.5,3.5,3.0
2024-01-24 08:00:00,31.75,121.5,3.0,3.0
2024-01-24 09:00:00,31.75,121.5,1.1,3.0
2024-01-24 10:00:00,31.75,121.5,-0.4,3.0
2024-01-24 11:00:00,31.75,121.5,-0.8,3.0
2024-01-24 12:00:00,31.75,121.5,-1.0,3.0
2024-01-24 13:00:00,31.75,121.5,-1.1,3.0
2024-01-24 14:00:00,31.75,121.5,-1.3,3.0
2024-01-24 15:00:00,31.75,121.5,-1.6,3.0
2024-01-24 16:00:00,31.75,121.5,-1.8,3.0
2024-01-24 17:00:00,31.75,121.5,-1.9,3.0
2024-01-24 18:00:00,31.75,121.5,-1.9,3.0
2024-01-24 19:00:00,31.75,121.5,-2.0,3.0
2024-01-24 20:00:00,31.75,121.5,-2.0,3.0
2024-01-24 21:00:00,31.75,121.5,-2.1,3.0
2024-01-24 22:00:00,31.75,121.5,-2.0,3.0
2024-01-24 23:00:00,31.75,121.5,-1.8,3.0
2024-01-22 00:00:00,31.75,121.75,0.4,2.0
2024-01-22 01:00:00,31.75,121.75,0.9,2.0
2024-01-22 02:00:00,31.75,121.75,0.9,2.0
2024-01-22 03:00:00,31.75,121.75,1.1,2.0
2024-01-22 04:00:00,31.75,121.75,1.0,2.0
2024-01-22 05:00:00,31.75,121.75,0.9,2.0
2024-01-22 06:00:00,31.75,121.75,0.6,2.0
2024-01-22 07:00:00,31.75,121.75,0.2,2.0
2024-01-22 08:00:00,31.75,121.75,0.0,2.0
2024-01-22 09:00:00,31.75,121.75,-0.7,2.0
2024-01-22 10:00:00,31.75,121.75,-1.2,2.0
2024-01-22 11:00:00,31.75,121.75,-0.9,2.0
2024-01-22 12:00:00,31.75,121.75,-0.9,2.0
2024-01-22 13:00:00,31.75,121.75,-1.7,2.0
2024-01-22 14:00:00,31.75,121.75,-3.4,2.0
2024-01-22 15:00:00,31.75,121.75,-3.5,2.0
2024-01-22 16:00:00,31.75,121.75,-3.3,2.0
2024-01-22 17:00:00,31.75,121.75,-3.8,2.0
2024-01-22 18:00:00,31.75,121.75,-3.9,2.0
2024-01-22 19:00:00,31.75,121.75,-3.9,2.0
2024-01-22 20:00:00,31.75,121.75,-4.1,2.0
2024-01-22 21:00:00,31.75,121.75,-4.4,2.0
2024-01-22 22:00:00,31.75,121.75,-4.8,2.0
2024-01-22 23:00:00,31.75,121.75,-5.3,2.0
2024-01-23 00:00:00,31.75,121.75,-4.9,2.0
2024-01-23 01:00:00,31.75,121.75,-3.8,2.0
2024-01-23 02:00:00,31.75,121.75,-2.6,2.0
2024-01-23 03:00:00,31.75,121.75,-1.8,2.0
2024-01-23 04:00:00,31.75,121.75,-1.2,2.0
2024-01-23 05:00:00,31.75,121.75,-0.6,2.0
2024-01-23 06:00:00,31.75,121.75,-0.7,2.0
2024-01-23 07:00:00,31.75,121.75,-1.0,2.0
2024-01-23 08:00:00,31.75,121.75,-1.2,2.0
2024-01-23 09:00:00,31.75,121.75,-1.8,2.0
2024-01-23 10:00:00,31.75,121.75,-2.5,2.0
2024-01-23 11:00:00,31.75,121.75,-2.8,2.0
2024-01-23 12:00:00,31.75,121.75,-3.2,2.0
2024-01-23 13:00:00,31.75,121.75,-3.3,2.0
2024-01-23 14:00:00,31.75,121.75,-3.4,2.0
2024-01-23 15:00:00,31.75,121.75,-3.6,2.0
2024-01-23 16:00:00,31.75,121.75,-3.7,2.0
2024-01-23 17:00:00,31.75,121.75,-3.8,2.0
2024-01-23 18:00:00,31.75,121.75,-3.9,2.0
2024-01-23 19:00:00,31.75,121.75,-3.9,2.0
2024-01-23 20:00:00,31.75,121.75,-3.9,2.0
2024-01-23 21:00:00,31.75,121.75,-4.0,2.0
2024-01-23 22:00:00,31.75,121.75,-4.1,2.0
2024-01-23 23:00:00,31.75,121.75,-4.1,2.0
2024-01-24 00:00:00,31.75,121.75,-3.4,2.0
2024-01-24 01:00:00,31.75,121.75,-1.8,2.0
2024-01-24 02:00:00,31.75,121.75,-0.2,2.0
2024-01-24 03:00:00,31.75,121.75,1.1,2.0
2024-01-24 04:00:00,31.75,121.75,2.0,2.0
2024-01-24 05:00:00,31.75,121.75,2.6,2.0
2024-01-24 06:00:00,31.75,121.75,2.7,2.0
2024-01-24 07:00:00,31.75,121.75,2.4,2.0
2024-01-24 08:00:00,31.75,121.75,1.8,2.0
2024-01-24 09:00:00,31.75,121.75,0.5,2.0
2024-01-24 10:00:00,31.75,121.75,-1.2,2.0
2024-01-24 11:00:00,31.75,121.75,-1.5,2.0
2024-01-24 12:00:00,31.75,121.75,-1.5,2.0
2024-01-24 13:00:00,31.75,121.75,-1.5,2.0
2024-01-24 14:00:00,31.75,121.75,-1.6,2.0
2024-01-24 15:00:00,31.75,121.75,-1.8,2.0
2024-01-24 16:00:00,31.75,121.75,-2.0,2.0
2024-01-24 17:00:00,31.75,121.75,-2.1,2.0
2024-01-24 18:00:00,31.75,121.75,-2.1,2.0
2024-01-24 19:00:00,31.75,121.75,-2.2,2.0
2024-01-24 20:00:00,31.75,121.75,-2.2,2.0
2024-01-24 21:00:00,31.75,121.75,-2.2,2.0
2024-01-24 22:00:00,31.75,121.75,-2.3,2.0
2024-01-24 23:00:00,31.75,121.75,-2.0,2.0
2024-01-22 00:00:00,31.75,122.0,1.8,0.0
2024-01-22 01:00:00,31.75,122.0,1.8,0.0
2024-01-22 02:00:00,31.75,122.0,1.7,0.0
2024-01-22 03:00:00,31.75,122.0,1.4,0.0
2024-01-22 04:00:00,31.75,122.0,1.3,0.0
2024-01-22 05:00:00,31.75,122.0,1.1,0.0
2024-01-22 06:00:00,31.75,122.0,1.0,0.0
2024-01-22 07:00:00,31.75,122.0,0.9,0.0
2024-01-22 08:00:00,31.75,122.0,1.0,0.0
2024-01-22 09:00:00,31.75,122.0,0.8,0.0
2024-01-22 10:00:00,31.75,122.0,0.8,0.0
2024-01-22 11:00:00,31.75,122.0,0.8,0.0
2024-01-22 12:00:00,31.75,122.0,0.7,0.0
2024-01-22 13:00:00,31.75,122.0,0.7,0.0
2024-01-22 14:00:00,31.75,122.0,0.6,0.0
2024-01-22 15:00:00,31.75,122.0,-0.2,0.0
2024-01-22 16:00:00,31.75,122.0,-0.5,0.0
2024-01-22 17:00:00,31.75,122.0,-0.4,0.0
2024-01-22 18:00:00,31.75,122.0,-0.5,0.0
2024-01-22 19:00:00,31.75,122.0,-0.3,0.0
2024-01-22 20:00:00,31.75,122.0,-0.5,0.0
2024-01-22 21:00:00,31.75,122.0,-0.7,0.0
2024-01-22 22:00:00,31.75,122.0,-0.4,0.0
2024-01-22 23:00:00,31.75,122.0,-0.8,0.0
2024-01-23 00:00:00,31.75,122.0,-1.9,0.0
2024-01-23 01:00:00,31.75,122.0,-1.7,0.0
2024-01-23 02:00:00,31.75,122.0,-1.0,0.0
2024-01-23 03:00:00,31.75,122.0,-0.8,0.0
2024-01-23 04:00:00,31.75,122.0,-1.3,0.0
2024-01-23 05:00:00,31.75,122.0,-1.2,0.0
2024-01-23 06:00:00,31.75,122.0,-1.0,0.0
2024-01-23 07:00:00,31.75,122.0,-0.8,0.0
2024-01-23 08:00:00,31.75,122.0,-0.6,0.0
2024-01-23 09:00:00,31.75,122.0,-0.1,0.0
2024-01-23 10:00:00,31.75,122.0,0.4,0.0
2024-01-23 11:00:00,31.75,122.0,0.6,0.0
2024-01-23 12:00:00,31.75,122.0,0.4,0.0
2024-01-23 13:00:00,31.75,122.0,-0.2,0.0
2024-01-23 14:00:00,31.75,122.0,-0.3,0.0
2024-01-23 15:00:00,31.75,122.0,-0.6,0.0
2024-01-23 16:00:00,31.75,122.0,-0.8,0.0
2024-01-23 17:00:00,31.75,122.0,-0.6,0.0
2024-01-23 18:00:00,31.75,122.0,-1.0,0.0
2024-01-23 19:00:00,31.75,122.0,-0.8,0.0
2024-01-23 20:00:00,31.75,122.0,-0.8,0.0
2024-01-23 21:00:00,31.75,122.0,-0.5,0.0
2024-01-23 22:00:00,31.75,122.0,-0.5,0.0
2024-01-23 23:00:00,31.75,122.0,-0.5,0.0
2024-01-24 00:00:00,31.75,122.0,-0.2,0.0
2024-01-24 01:00:00,31.75,122.0,-0.1,0.0
2024-01-24 02:00:00,31.75,122.0,1.0,0.0
2024-01-24 03:00:00,31.75,122.0,1.7,0.0
2024-01-24 04:00:00,31.75,122.0,1.7,0.0
2024-01-24 05:00:00,31.75,122.0,1.4,0.0
2024-01-24 06:00:00,31.75,122.0,1.4,0.0
2024-01-24 07:00:00,31.75,122.0,1.8,0.0
2024-01-24 08:00:00,31.75,122.0,2.2,0.0
2024-01-24 09:00:00,31.75,122.0,2.5,0.0
2024-01-24 10:00:00,31.75,122.0,2.8,0.0
2024-01-24 11:00:00,31.75,122.0,3.0,0.0
2024-01-24 12:00:00,31.75,122.0,3.1,0.0
2024-01-24 13:00:00,31.75,122.0,3.1,0.0
2024-01-24 14:00:00,31.75,122.0,3.2,0.0
2024-01-24 15:00:00,31.75,122.0,3.3,0.0
2024-01-24 16:00:00,31.75,122.0,3.3,0.0
2024-01-24 17:00:00,31.75,122.0,3.3,0.0
2024-01-24 18:00:00,31.75,122.0,3.4,0.0
2024-01-24 19:00:00,31.75,122.0,3.4,0.0
2024-01-24 20:00:00,31.75,122.0,3.4,0.0
2024-01-24 21:00:00,31.75,122.0,3.4,0.0
2024-01-24 22:00:00,31.75,122.0,3.3,0.0
2024-01-24 23:00:00,31.75,122.0,3.2,0.0
2024-01-22 00:00:00,32.0,116.5,-2.9,30.0
2024-01-22 01:00:00,32.0,116.5,-2.8,30.0
2024-01-22 02:00:00,32.0,116.5,-2.3,30.0
2024-01-22 03:00:00,32.0,116.5,-1.7,30.0
2024-01-22 04:00:00,32.0,116.5,-1.4,30.0
2024-01-22 05:00:00,32.0,116.5,-0.9,30.0
2024-01-22 06:00:00,32.0,116.5,-1.1,30.0
2024-01-22 07:00:00,32.0,116.5,-1.4,30.0
2024-01-22 08:00:00,32.0,116.5,-1.7,30.0
2024-01-22 09:00:00,32.0,116.5,-2.1,30.0
2024-01-22 10:00:00,32.0,116.5,-2.4,30.0
2024-01-22 11:00:00,32.0,116.5,-2.5,30.0
2024-01-22 12:00:00,32.0,116.5,-3.0,30.0
2024-01-22 13:00:00,32.0,116.5,-3.2,30.0
2024-01-22 14:00:00,32.0,116.5,-3.5,30.0
2024-01-22 15:00:00,32.0,116.5,-3.7,30.0
2024-01-22 16:00:00,32.0,116.5,-3.9,30.0
2024-01-22 17:00:00,32.0,116.5,-4.1,30.0
2024-01-22 18:00:00,32.0,116.5,-4.5,30.0
2024-01-22 19:00:00,32.0,116.5,-4.8,30.0
2024-01-22 20:00:00,32.0,116.5,-5.1,30.0
2024-01-22 21:00:00,32.0,116.5,-5.4,30.0
2024-01-22 22:00:00,32.0,116.5,-5.6,30.0
2024-01-22 23:00:00,32.0,116.5,-5.8,30.0
2024-01-23 00:00:00,32.0,116.5,-5.6,30.0
2024-01-23 01:00:00,32.0,116.5,-4.7,30.0
2024-01-23 02:00:00,32.0,116.5,-3.8,30.0
2024-01-23 03:00:00,32.0,116.5,-2.9,30.0
2024-01-23 04:00:00,32.0,116.5,-1.8,30.0
2024-01-23 05:00:00,32.0,116.5,-1.1,30.0
2024-01-23 06:00:00,32.0,116.5,-0.8,30.0
2024-01-23 07:00:00,32.0,116.5,-0.5,30.0
2024-01-23 08:00:00,32.0,116.5,-0.6,30.0
2024-01-23 09:00:00,32.0,116.5,-1.2,30.0
2024-01-23 10:00:00,32.0,116.5,-2.5,30.0
2024-01-23 11:00:00,32.0,116.5,-2.8,30.0
2024-01-23 12:00:00,32.0,116.5,-2.9,30.0
2024-01-23 13:00:00,32.0,116.5,-3.0,30.0
2024-01-23 14:00:00,32.0,116.5,-3.1,30.0
2024-01-23 15:00:00,32.0,116.5,-3.1,30.0
2024-01-23 16:00:00,32.0,116.5,-3.1,30.0
2024-01-23 17:00:00,32.0,116.5,-3.1,30.0
2024-01-23 18:00:00,32.0,116.5,-3.2,30.0
2024-01-23 19:00:00,32.0,116.5,-3.3,30.0
2024-01-23 20:00:00,32.0,116.5,-3.3,30.0
2024-01-23 21:00:00,32.0,116.5,-3.3,30.0
2024-01-23 22:00:00,32.0,116.5,-3.3,30.0
2024-01-23 23:00:00,32.0,116.5,-3.3,30.0
2024-01-24 00:00:00,32.0,116.5,-2.9,30.0
2024-01-24 01:00:00,32.0,116.5,-1.5,30.0
2024-01-24 02:00:00,32.0,116.5,-0.2,30.0
2024-01-24 03:00:00,32.0,116.5,0.9,30.0
2024-01-24 04:00:00,32.0,116.5,1.7,30.0
2024-01-24 05:00:00,32.0,116.5,2.4,30.0
2024-01-24 06:00:00,32.0,116.5,2.9,30.0
2024-01-24 07:00:00,32.0,116.5,3.2,30.0
2024-01-24 08:00:00,32.0,116.5,3.1,30.0
2024-01-24 09:00:00,32.0,116.5,1.9,30.0
2024-01-24 10:00:00,32.0,116.5,0.2,30.0
2024-01-24 11:00:00,32.0,116.5,-0.1,30.0
2024-01-24 12:00:00,32.0,116.5,-0.3,30.0
2024-01-24 13:00:00,32.0,116.5,-0.6,30.0
2024-01-24 14:00:00,32.0,116.5,-0.7,30.0
2024-01-24 15:00:00,32.0,116.5,-0.8,30.0
2024-01-24 16:00:00,32.0,116.5,-0.8,30.0
2024-01-24 17:00:00,32.0,116.5,-0.8,30.0
2024-01-24 18:00:00,32.0,116.5,-1.1,30.0
2024-01-24 19:00:00,32.0,116.5,-1.1,30.0
2024-01-24 20:00:00,32.0,116.5,-1.2,30.0
2024-01-24 21:00:00,32.0,116.5,-1.4,30.0
2024-01-24 22:00:00,32.0,116.5,-1.4,30.0
2024-01-24 23:00:00,32.0,116.5,-1.5,30.0
2024-01-22 00:00:00,32.0,116.75,-2.8,41.0
2024-01-22 01:00:00,32.0,116.75,-2.7,41.0
2024-01-22 02:00:00,32.0,116.75,-2.2,41.0
2024-01-22 03:00:00,32.0,116.75,-1.9,41.0
2024-01-22 04:00:00,32.0,116.75,-1.5,41.0
2024-01-22 05:00:00,32.0,116.75,-1.1,41.0
2024-01-22 06:00:00,32.0,116.75,-1.2,41.0
2024-01-22 07:00:00,32.0,116.75,-1.4,41.0
2024-01-22 08:00:00,32.0,116.75,-1.8,41.0
2024-01-22 09:00:00,32.0,116.75,-2.3,41.0
2024-01-22 10:00:00,32.0,116.75,-2.5,41.0
2024-01-22 11:00:00,32.0,116.75,-2.5,41.0
2024-01-22 12:00:00,32.0,116.75,-2.9,41.0
2024-01-22 13:00:00,32.0,116.75,-3.2,41.0
2024-01-22 14:00:00,32.0,116.75,-3.4,41.0
2024-01-22 15:00:00,32.0,116.75,-3.7,41.0
2024-01-22 16:00:00,32.0,116.75,-3.8,41.0
2024-01-22 17:00:00,32.0,116.75,-4.0,41.0
2024-01-22 18:00:00,32.0,116.75,-4.4,41.0
2024-01-22 19:00:00,32.0,116.75,-4.7,41.0
2024-01-22 20:00:00,32.0,116.75,-5.1,41.0
2024-01-22 21:00:00,32.0,116.75,-5.4,41.0
2024-01-22 22:00:00,32.0,116.75,-5.7,41.0
2024-01-22 23:00:00,32.0,116.75,-5.8,41.0
2024-01-23 00:00:00,32.0,116.75,-5.7,41.0
2024-01-23 01:00:00,32.0,116.75,-4.8,41.0
2024-01-23 02:00:00,32.0,116.75,-3.8,41.0
2024-01-23 03:00:00,32.0,116.75,-2.8,41.0
2024-01-23 04:00:00,32.0,116.75,-1.9,41.0
2024-01-23 05:00:00,32.0,116.75,-1.1,41.0
2024-01-23 06:00:00,32.0,116.75,-0.8,41.0
2024-01-23 07:00:00,32.0,116.75,-0.6,41.0
2024-01-23 08:00:00,32.0,116.75,-0.6,41.0
2024-01-23 09:00:00,32.0,116.75,-1.2,41.0
2024-01-23 10:00:00,32.0,116.75,-2.6,41.0
2024-01-23 11:00:00,32.0,116.75,-3.0,41.0
2024-01-23 12:00:00,32.0,116.75,-3.1,41.0
2024-01-23 13:00:00,32.0,116.75,-3.2,41.0
2024-01-23 14:00:00,32.0,116.75,-3.2,41.0
2024-01-23 15:00:00,32.0,116.75,-3.3,41.0
2024-01-23 16:00:00,32.0,116.75,-3.3,41.0
2024-01-23 17:00:00,32.0,116.75,-3.3,41.0
2024-01-23 18:00:00,32.0,116.75,-3.4,41.0
2024-01-23 19:00:00,32.0,116.75,-3.4,41.0
2024-01-23 20:00:00,32.0,116.75,-3.5,41.0
2024-01-23 21:00:00,32.0,116.75,-3.5,41.0
2024-01-23 22:00:00,32.0,116.75,-3.5,41.0
2024-01-23 23:00:00,32.0,116.75,-3.5,41.0
2024-01-24 00:00:00,32.0,116.75,-3.0,41.0
2024-01-24 01:00:00,32.0,116.75,-1.6,41.0
2024-01-24 02:00:00,32.0,116.75,-0.3,41.0
2024-01-24 03:00:00,32.0,116.75,0.7,41.0
2024-01-24 04:00:00,32.0,116.75,1.5,41.0
2024-01-24 05:00:00,32.0,116.75,2.2,41.0
2024-01-24 06:00:00,32.0,116.75,2.7,41.0
2024-01-24 07:00:00,32.0,116.75,3.0,41.0
2024-01-24 08:00:00,32.0,116.75,2.8,41.0
2024-01-24 09:00:00,32.0,116.75,1.6,41.0
2024-01-24 10:00:00,32.0,116.75,0.0,41.0
2024-01-24 11:00:00,32.0,116.75,-0.4,41.0
2024-01-24 12:00:00,32.0,116.75,-0.6,41.0
2024-01-24 13:00:00,32.0,116.75,-0.8,41.0
2024-01-24 14:00:00,32.0,116.75,-0.9,41.0
2024-01-24 15:00:00,32.0,116.75,-1.0,41.0
2024-01-24 16:00:00,32.0,116.75,-1.0,41.0
2024-01-24 17:00:00,32.0,116.75,-1.0,41.0
2024-01-24 18:00:00,32.0,116.75,-1.3,41.0
2024-01-24 19:00:00,32.0,116.75,-1.4,41.0
2024-01-24 20:00:00,32.0,116.75,-1.5,41.0
2024-01-24 21:00:00,32.0,116.75,-1.6,41.0
2024-01-24 22:00:00,32.0,116.75,-1.6,41.0
2024-01-24 23:00:00,32.0,116.75,-1.6,41.0
2024-01-22 00:00:00,32.0,117.0,-3.4,59.0
2024-01-22 01:00:00,32.0,117.0,-3.2,59.0
2024-01-22 02:00:00,32.0,117.0,-2.7,59.0
2024-01-22 03:00:00,32.0,117.0,-2.2,59.0
2024-01-22 04:00:00,32.0,117.0,-1.6,59.0
2024-01-22 05:00:00,32.0,117.0,-1.3,59.0
2024-01-22 06:00:00,32.0,117.0,-1.4,59.0
2024-01-22 07:00:00,32.0,117.0,-1.5,59.0
2024-01-22 08:00:00,32.0,117.0,-2.0,59.0
2024-01-22 09:00:00,32.0,117.0,-2.4,59.0
2024-01-22 10:00:00,32.0,117.0,-2.6,59.0
2024-01-22 11:00:00,32.0,117.0,-2.6,59.0
2024-01-22 12:00:00,32.0,117.0,-2.9,59.0
2024-01-22 13:00:00,32.0,117.0,-3.2,59.0
2024-01-22 14:00:00,32.0,117.0,-3.3,59.0
2024-01-22 15:00:00,32.0,117.0,-3.6,59.0
2024-01-22 16:00:00,32.0,117.0,-3.7,59.0
2024-01-22 17:00:00,32.0,117.0,-4.1,59.0
2024-01-22 18:00:00,32.0,117.0,-4.7,59.0
2024-01-22 19:00:00,32.0,117.0,-5.0,59.0
2024-01-22 20:00:00,32.0,117.0,-5.3,59.0
2024-01-22 21:00:00,32.0,117.0,-5.5,59.0
2024-01-22 22:00:00,32.0,117.0,-5.7,59.0
2024-01-22 23:00:00,32.0,117.0,-5.8,59.0
2024-01-23 00:00:00,32.0,117.0,-5.6,59.0
2024-01-23 01:00:00,32.0,117.0,-4.8,59.0
2024-01-23 02:00:00,32.0,117.0,-3.8,59.0
2024-01-23 03:00:00,32.0,117.0,-2.9,59.0
2024-01-23 04:00:00,32.0,117.0,-1.9,59.0
2024-01-23 05:00:00,32.0,117.0,-1.3,59.0
2024-01-23 06:00:00,32.0,117.0,-1.1,59.0
2024-01-23 07:00:00,32.0,117.0,-0.7,59.0
2024-01-23 08:00:00,32.0,117.0,-0.8,59.0
2024-01-23 09:00:00,32.0,117.0,-1.4,59.0
2024-01-23 10:00:00,32.0,117.0,-2.7,59.0
2024-01-23 11:00:00,32.0,117.0,-3.1,59.0
2024-01-23 12:00:00,32.0,117.0,-3.2,59.0
2024-01-23 13:00:00,32.0,117.0,-3.3,59.0
2024-01-23 14:00:00,32.0,117.0,-3.4,59.0
2024-01-23 15:00:00,32.0,117.0,-3.4,59.0
2024-01-23 16:00:00,32.0,117.0,-3.5,59.0
2024-01-23 17:00:00,32.0,117.0,-3.5,59.0
2024-01-23 18:00:00,32.0,117.0,-3.5,59.0
2024-01-23 19:00:00,32.0,117.0,-3.5,59.0
2024-01-23 20:00:00,32.0,117.0,-3.6,59.0
2024-01-23 21:00:00,32.0,117.0,-3.6,59.0
2024-01-23 22:00:00,32.0,117.0,-3.6,59.0
2024-01-23 23:00:00,32.0,117.0,-3.7,59.0
2024-01-24 00:00:00,32.0,117.0,-3.2,59.0
2024-01-24 01:00:00,32.0,117.0,-1.8,59.0
2024-01-24 02:00:00,32.0,117.0,-0.5,59.0
2024-01-24 03:00:00,32.0,117.0,0.6,59.0
2024-01-24 04:00:00,32.0,117.0,1.4,59.0
2024-01-24 05:00:00,32.0,117.0,2.0,59.0
2024-01-24 06:00:00,32.0,117.0,2.5,59.0
2024-01-24 07:00:00,32.0,117.0,2.7,59.0
2024-01-24 08:00:00,32.0,117.0,2.6,59.0
2024-01-24 09:00:00,32.0,117.0,1.3,59.0
2024-01-24 10:00:00,32.0,117.0,-0.2,59.0
2024-01-24 11:00:00,32.0,117.0,-0.6,59.0
2024-01-24 12:00:00,32.0,117.0,-0.8,59.0
2024-01-24 13:00:00,32.0,117.0,-1.0,59.0
2024-01-24 14:00:00,32.0,117.0,-1.1,59.0
2024-01-24 15:00:00,32.0,117.0,-1.2,59.0
2024-01-24 16:00:00,32.0,117.0,-1.2,59.0
2024-01-24 17:00:00,32.0,117.0,-1.2,59.0
2024-01-24 18:00:00,32.0,117.0,-1.4,59.0
2024-01-24 19:00:00,32.0,117.0,-1.5,59.0
2024-01-24 20:00:00,32.0,117.0,-1.6,59.0
2024-01-24 21:00:00,32.0,117.0,-1.8,59.0
2024-01-24 22:00:00,32.0,117.0,-1.8,59.0
2024-01-24 23:00:00,32.0,117.0,-1.8,59.0
2024-01-22 00:00:00,32.0,117.25,-3.2,54.0
2024-01-22 01:00:00,32.0,117.25,-2.8,54.0
2024-01-22 02:00:00,32.0,117.25,-2.2,54.0
2024-01-22 03:00:00,32.0,117.25,-2.0,54.0
2024-01-22 04:00:00,32.0,117.25,-1.8,54.0
2024-01-22 05:00:00,32.0,117.25,-1.5,54.0
2024-01-22 06:00:00,32.0,117.25,-1.3,54.0
2024-01-22 07:00:00,32.0,117.25,-1.3,54.0
2024-01-22 08:00:00,32.0,117.25,-1.7,54.0
2024-01-22 09:00:00,32.0,117.25,-2.2,54.0
2024-01-22 10:00:00,32.0,117.25,-2.4,54.0
2024-01-22 11:00:00,32.0,117.25,-2.4,54.0
2024-01-22 12:00:00,32.0,117.25,-2.7,54.0
2024-01-22 13:00:00,32.0,117.25,-3.1,54.0
2024-01-22 14:00:00,32.0,117.25,-3.3,54.0
2024-01-22 15:00:00,32.0,117.25,-3.6,54.0
2024-01-22 16:00:00,32.0,117.25,-3.9,54.0
2024-01-22 17:00:00,32.0,117.25,-4.1,54.0
2024-01-22 18:00:00,32.0,117.25,-4.5,54.0
2024-01-22 19:00:00,32.0,117.25,-4.8,54.0
2024-01-22 20:00:00,32.0,117.25,-5.1,54.0
2024-01-22 21:00:00,32.0,117.25,-5.4,54.0
2024-01-22 22:00:00,32.0,117.25,-5.6,54.0
2024-01-22 23:00:00,32.0,117.25,-5.7,54.0
2024-01-23 00:00:00,32.0,117.25,-5.7,54.0
2024-01-23 01:00:00,32.0,117.25,-4.9,54.0
2024-01-23 02:00:00,32.0,117.25,-3.8,54.0
2024-01-23 03:00:00,32.0,117.25,-3.0,54.0
2024-01-23 04:00:00,32.0,117.25,-2.2,54.0
2024-01-23 05:00:00,32.0,117.25,-1.7,54.0
2024-01-23 06:00:00,32.0,117.25,-1.2,54.0
2024-01-23 07:00:00,32.0,117.25,-0.9,54.0
2024-01-23 08:00:00,32.0,117.25,-1.0,54.0
2024-01-23 09:00:00,32.0,117.25,-1.6,54.0
2024-01-23 10:00:00,32.0,117.25,-2.9,54.0
2024-01-23 11:00:00,32.0,117.25,-3.2,54.0
2024-01-23 12:00:00,32.0,117.25,-3.2,54.0
2024-01-23 13:00:00,32.0,117.25,-3.3,54.0
2024-01-23 14:00:00,32.0,117.25,-3.3,54.0
2024-01-23 15:00:00,32.0,117.25,-3.4,54.0
2024-01-23 16:00:00,32.0,117.25,-3.4,54.0
2024-01-23 17:00:00,32.0,117.25,-3.4,54.0
2024-01-23 18:00:00,32.0,117.25,-3.5,54.0
2024-01-23 19:00:00,32.0,117.25,-3.5,54.0
2024-01-23 20:00:00,32.0,117.25,-3.5,54.0
2024-01-23 21:00:00,32.0,117.25,-3.6,54.0
2024-01-23 22:00:00,32.0,117.25,-3.6,54.0
2024-01-23 23:00:00,32.0,117.25,-3.6,54.0
2024-01-24 00:00:00,32.0,117.25,-3.1,54.0
2024-01-24 01:00:00,32.0,117.25,-1.8,54.0
2024-01-24 02:00:00,32.0,117.25,-0.4,54.0
2024-01-24 03:00:00,32.0,117.25,0.7,54.0
2024-01-24 04:00:00,32.0,117.25,1.5,54.0
2024-01-24 05:00:00,32.0,117.25,2.1,54.0
2024-01-24 06:00:00,32.0,117.25,2.6,54.0
2024-01-24 07:00:00,32.0,117.25,2.8,54.0
2024-01-24 08:00:00,32.0,117.25,2.6,54.0
2024-01-24 09:00:00,32.0,117.25,1.3,54.0
2024-01-24 10:00:00,32.0,117.25,-0.3,54.0
2024-01-24 11:00:00,32.0,117.25,-0.7,54.0
2024-01-24 12:00:00,32.0,117.25,-1.0,54.0
2024-01-24 13:00:00,32.0,117.25,-1.2,54.0
2024-01-24 14:00:00,32.0,117.25,-1.2,54.0
2024-01-24 15:00:00,32.0,117.25,-1.3,54.0
2024-01-24 16:00:00,32.0,117.25,-1.4,54.0
2024-01-24 17:00:00,32.0,117.25,-1.3,54.0
2024-01-24 18:00:00,32.0,117.25,-1.2,54.0
2024-01-24 19:00:00,32.0,117.25,-1.4,54.0
2024-01-24 20:00:00,32.0,117.25,-1.5,54.0
2024-01-24 21:00:00,32.0,117.25,-1.7,54.0
2024-01-24 22:00:00,32.0,117.25,-1.7,54.0
2024-01-24 23:00:00,32.0,117.25,-1.7,54.0
2024-01-22 00:00:00,32.0,117.5,-3.2,53.0
2024-01-22 01:00:00,32.0,117.5,-2.9,53.0
2024-01-22 02:00:00,32.0,117.5,-2.3,53.0
2024-01-22 03:00:00,32.0,117.5,-1.9,53.0
2024-01-22 04:00:00,32.0,117.5,-1.5,53.0
2024-01-22 05:00:00,32.0,117.5,-1.3,53.0
2024-01-22 06:00:00,32.0,117.5,-1.6,53.0
2024-01-22 07:00:00,32.0,117.5,-1.5,53.0
2024-01-22 08:00:00,32.0,117.5,-1.7,53.0
2024-01-22 09:00:00,32.0,117.5,-2.2,53.0
2024-01-22 10:00:00,32.0,117.5,-2.4,53.0
2024-01-22 11:00:00,32.0,117.5,-2.5,53.0
2024-01-22 12:00:00,32.0,117.5,-2.9,53.0
2024-01-22 13:00:00,32.0,117.5,-3.3,53.0
2024-01-22 14:00:00,32.0,117.5,-3.5,53.0
2024-01-22 15:00:00,32.0,117.5,-3.8,53.0
2024-01-22 16:00:00,32.0,117.5,-4.0,53.0
2024-01-22 17:00:00,32.0,117.5,-4.2,53.0
2024-01-22 18:00:00,32.0,117.5,-4.6,53.0
2024-01-22 19:00:00,32.0,117.5,-5.0,53.0
2024-01-22 20:00:00,32.0,117.5,-5.3,53.0
2024-01-22 21:00:00,32.0,117.5,-5.6,53.0
2024-01-22 22:00:00,32.0,117.5,-5.7,53.0
2024-01-22 23:00:00,32.0,117.5,-5.9,53.0
2024-01-23 00:00:00,32.0,117.5,-5.7,53.0
2024-01-23 01:00:00,32.0,117.5,-5.0,53.0
2024-01-23 02:00:00,32.0,117.5,-3.9,53.0
2024-01-23 03:00:00,32.0,117.5,-3.3,53.0
2024-01-23 04:00:00,32.0,117.5,-2.3,53.0
2024-01-23 05:00:00,32.0,117.5,-1.7,53.0
2024-01-23 06:00:00,32.0,117.5,-1.3,53.0
2024-01-23 07:00:00,32.0,117.5,-1.1,53.0
2024-01-23 08:00:00,32.0,117.5,-1.1,53.0
2024-01-23 09:00:00,32.0,117.5,-1.8,53.0
2024-01-23 10:00:00,32.0,117.5,-3.0,53.0
2024-01-23 11:00:00,32.0,117.5,-3.3,53.0
2024-01-23 12:00:00,32.0,117.5,-3.3,53.0
2024-01-23 13:00:00,32.0,117.5,-3.3,53.0
2024-01-23 14:00:00,32.0,117.5,-3.4,53.0
2024-01-23 15:00:00,32.0,117.5,-3.4,53.0
2024-01-23 16:00:00,32.0,117.5,-3.5,53.0
2024-01-23 17:00:00,32.0,117.5,-3.5,53.0
2024-01-23 18:00:00,32.0,117.5,-3.6,53.0
2024-01-23 19:00:00,32.0,117.5,-3.6,53.0
2024-01-23 20:00:00,32.0,117.5,-3.6,53.0
2024-01-23 21:00:00,32.0,117.5,-3.6,53.0
2024-01-23 22:00:00,32.0,117.5,-3.6,53.0
2024-01-23 23:00:00,32.0,117.5,-3.7,53.0
2024-01-24 00:00:00,32.0,117.5,-3.2,53.0
2024-01-24 01:00:00,32.0,117.5,-1.9,53.0
2024-01-24 02:00:00,32.0,117.5,-0.5,53.0
2024-01-24 03:00:00,32.0,117.5,0.6,53.0
2024-01-24 04:00:00,32.0,117.5,1.4,53.0
2024-01-24 05:00:00,32.0,117.5,2.1,53.0
2024-01-24 06:00:00,32.0,117.5,2.5,53.0
2024-01-24 07:00:00,32.0,117.5,2.8,53.0
2024-01-24 08:00:00,32.0,117.5,2.6,53.0
2024-01-24 09:00:00,32.0,117.5,1.1,53.0
2024-01-24 10:00:00,32.0,117.5,-0.4,53.0
2024-01-24 11:00:00,32.0,117.5,-0.8,53.0
2024-01-24 12:00:00,32.0,117.5,-1.2,53.0
2024-01-24 13:00:00,32.0,117.5,-1.4,53.0
2024-01-24 14:00:00,32.0,117.5,-1.5,53.0
2024-01-24 15:00:00,32.0,117.5,-1.6,53.0
2024-01-24 16:00:00,32.0,117.5,-1.7,53.0
2024-01-24 17:00:00,32.0,117.5,-1.6,53.0
2024-01-24 18:00:00,32.0,117.5,-1.5,53.0
2024-01-24 19:00:00,32.0,117.5,-1.5,53.0
2024-01-24 20:00:00,32.0,117.5,-1.7,53.0
2024-01-24 21:00:00,32.0,117.5,-1.8,53.0
2024-01-24 22:00:00,32.0,117.5,-1.9,53.0
2024-01-24 23:00:00,32.0,117.5,-1.9,53.0
2024-01-22 00:00:00,32.0,117.75,-3.0,46.0
2024-01-22 01:00:00,32.0,117.75,-2.8,46.0
2024-01-22 02:00:00,32.0,117.75,-2.3,46.0
2024-01-22 03:00:00,32.0,117.75,-1.9,46.0
2024-01-22 04:00:00,32.0,117.75,-1.5,46.0
2024-01-22 05:00:00,32.0,117.75,-1.3,46.0
2024-01-22 06:00:00,32.0,117.75,-1.7,46.0
2024-01-22 07:00:00,32.0,117.75,-1.7,46.0
2024-01-22 08:00:00,32.0,117.75,-2.0,46.0
2024-01-22 09:00:00,32.0,117.75,-2.4,46.0
2024-01-22 10:00:00,32.0,117.75,-2.5,46.0
2024-01-22 11:00:00,32.0,117.75,-2.5,46.0
2024-01-22 12:00:00,32.0,117.75,-2.9,46.0
2024-01-22 13:00:00,32.0,117.75,-3.1,46.0
2024-01-22 14:00:00,32.0,117.75,-3.3,46.0
2024-01-22 15:00:00,32.0,117.75,-3.6,46.0
2024-01-22 16:00:00,32.0,117.75,-3.9,46.0
2024-01-22 17:00:00,32.0,117.75,-4.1,46.0
2024-01-22 18:00:00,32.0,117.75,-4.7,46.0
2024-01-22 19:00:00,32.0,117.75,-5.0,46.0
2024-01-22 20:00:00,32.0,117.75,-5.3,46.0
2024-01-22 21:00:00,32.0,117.75,-5.5,46.0
2024-01-22 22:00:00,32.0,117.75,-5.7,46.0
2024-01-22 23:00:00,32.0,117.75,-5.8,46.0
2024-01-23 00:00:00,32.0,117.75,-5.7,46.0
2024-01-23 01:00:00,32.0,117.75,-4.9,46.0
2024-01-23 02:00:00,32.0,117.75,-4.0,46.0
2024-01-23 03:00:00,32.0,117.75,-3.2,46.0
2024-01-23 04:00:00,32.0,117.75,-2.3,46.0
2024-01-23 05:00:00,32.0,117.75,-1.5,46.0
2024-01-23 06:00:00,32.0,117.75,-1.1,46.0
2024-01-23 07:00:00,32.0,117.75,-0.9,46.0
2024-01-23 08:00:00,32.0,117.75,-1.1,46.0
2024-01-23 09:00:00,32.0,117.75,-1.8,46.0
2024-01-23 10:00:00,32.0,117.75,-3.1,46.0
2024-01-23 11:00:00,32.0,117.75,-3.3,46.0
2024-01-23 12:00:00,32.0,117.75,-3.4,46.0
2024-01-23 13:00:00,32.0,117.75,-3.4,46.0
2024-01-23 14:00:00,32.0,117.75,-3.4,46.0
2024-01-23 15:00:00,32.0,117.75,-3.4,46.0
2024-01-23 16:00:00,32.0,117.75,-3.5,46.0
2024-01-23 17:00:00,32.0,117.75,-3.5,46.0
2024-01-23 18:00:00,32.0,117.75,-3.6,46.0
2024-01-23 19:00:00,32.0,117.75,-3.6,46.0
2024-01-23 20:00:00,32.0,117.75,-3.6,46.0
2024-01-23 21:00:00,32.0,117.75,-3.6,46.0
2024-01-23 22:00:00,32.0,117.75,-3.7,46.0
2024-01-23 23:00:00,32.0,117.75,-3.8,46.0
2024-01-24 00:00:00,32.0,117.75,-3.2,46.0
2024-01-24 01:00:00,32.0,117.75,-1.9,46.0
2024-01-24 02:00:00,32.0,117.75,-0.4,46.0
2024-01-24 03:00:00,32.0,117.75,0.6,46.0
2024-01-24 04:00:00,32.0,117.75,1.5,46.0
2024-01-24 05:00:00,32.0,117.75,2.2,46.0
2024-01-24 06:00:00,32.0,117.75,2.6,46.0
2024-01-24 07:00:00,32.0,117.75,2.8,46.0
2024-01-24 08:00:00,32.0,117.75,2.6,46.0
2024-01-24 09:00:00,32.0,117.75,1.0,46.0
2024-01-24 10:00:00,32.0,117.75,-0.5,46.0
2024-01-24 11:00:00,32.0,117.75,-0.8,46.0
2024-01-24 12:00:00,32.0,117.75,-1.2,46.0
2024-01-24 13:00:00,32.0,117.75,-1.5,46.0
2024-01-24 14:00:00,32.0,117.75,-1.6,46.0
2024-01-24 15:00:00,32.0,117.75,-1.7,46.0
2024-01-24 16:00:00,32.0,117.75,-1.8,46.0
2024-01-24 17:00:00,32.0,117.75,-1.9,46.0
2024-01-24 18:00:00,32.0,117.75,-1.6,46.0
2024-01-24 19:00:00,32.0,117.75,-1.6,46.0
2024-01-24 20:00:00,32.0,117.75,-1.7,46.0
2024-01-24 21:00:00,32.0,117.75,-1.8,46.0
2024-01-24 22:00:00,32.0,117.75,-2.0,46.0
2024-01-24 23:00:00,32.0,117.75,-2.0,46.0
2024-01-22 00:00:00,32.0,118.0,-3.4,45.0
2024-01-22 01:00:00,32.0,118.0,-2.9,45.0
2024-01-22 02:00:00,32.0,118.0,-2.4,45.0
2024-01-22 03:00:00,32.0,118.0,-1.9,45.0
2024-01-22 04:00:00,32.0,118.0,-1.7,45.0
2024-01-22 05:00:00,32.0,118.0,-1.2,45.0
2024-01-22 06:00:00,32.0,118.0,-1.6,45.0
2024-01-22 07:00:00,32.0,118.0,-1.8,45.0
2024-01-22 08:00:00,32.0,118.0,-2.1,45.0
2024-01-22 09:00:00,32.0,118.0,-2.4,45.0
2024-01-22 10:00:00,32.0,118.0,-2.6,45.0
2024-01-22 11:00:00,32.0,118.0,-2.6,45.0
2024-01-22 12:00:00,32.0,118.0,-2.8,45.0
2024-01-22 13:00:00,32.0,118.0,-3.0,45.0
2024-01-22 14:00:00,32.0,118.0,-3.2,45.0
2024-01-22 15:00:00,32.0,118.0,-3.5,45.0
2024-01-22 16:00:00,32.0,118.0,-3.9,45.0
2024-01-22 17:00:00,32.0,118.0,-4.2,45.0
2024-01-22 18:00:00,32.0,118.0,-4.7,45.0
2024-01-22 19:00:00,32.0,118.0,-5.0,45.0
2024-01-22 20:00:00,32.0,118.0,-5.4,45.0
2024-01-22 21:00:00,32.0,118.0,-5.6,45.0
2024-01-22 22:00:00,32.0,118.0,-5.8,45.0
2024-01-22 23:00:00,32.0,118.0,-5.9,45.0
2024-01-23 00:00:00,32.0,118.0,-5.8,45.0
2024-01-23 01:00:00,32.0,118.0,-5.0,45.0
2024-01-23 02:00:00,32.0,118.0,-4.0,45.0
2024-01-23 03:00:00,32.0,118.0,-3.1,45.0
2024-01-23 04:00:00,32.0,118.0,-2.2,45.0
2024-01-23 05:00:00,32.0,118.0,-1.5,45.0
2024-01-23 06:00:00,32.0,118.0,-1.2,45.0
2024-01-23 07:00:00,32.0,118.0,-1.1,45.0
2024-01-23 08:00:00,32.0,118.0,-1.3,45.0
2024-01-23 09:00:00,32.0,118.0,-1.9,45.0
2024-01-23 10:00:00,32.0,118.0,-3.1,45.0
2024-01-23 11:00:00,32.0,118.0,-3.2,45.0
2024-01-23 12:00:00,32.0,118.0,-3.3,45.0
2024-01-23 13:00:00,32.0,118.0,-3.4,45.0
2024-01-23 14:00:00,32.0,118.0,-3.4,45.0
2024-01-23 15:00:00,32.0,118.0,-3.5,45.0
2024-01-23 16:00:00,32.0,118.0,-3.5,45.0
2024-01-23 17:00:00,32.0,118.0,-3.5,45.0
2024-01-23 18:00:00,32.0,118.0,-3.5,45.0
2024-01-23 19:00:00,32.0,118.0,-3.6,45.0
2024-01-23 20:00:00,32.0,118.0,-3.6,45.0
2024-01-23 21:00:00,32.0,118.0,-3.7,45.0
2024-01-23 22:00:00,32.0,118.0,-3.8,45.0
2024-01-23 23:00:00,32.0,118.0,-3.9,45.0
2024-01-24 00:00:00,32.0,118.0,-3.4,45.0
2024-01-24 01:00:00,32.0,118.0,-2.0,45.0
2024-01-24 02:00:00,32.0,118.0,-0.6,45.0
2024-01-24 03:00:00,32.0,118.0,0.6,45.0
2024-01-24 04:00:00,32.0,118.0,1.5,45.0
2024-01-24 05:00:00,32.0,118.0,2.2,45.0
2024-01-24 06:00:00,32.0,118.0,2.6,45.0
2024-01-24 07:00:00,32.0,118.0,2.8,45.0
2024-01-24 08:00:00,32.0,118.0,2.5,45.0
2024-01-24 09:00:00,32.0,118.0,1.0,45.0
2024-01-24 10:00:00,32.0,118.0,-0.5,45.0
2024-01-24 11:00:00,32.0,118.0,-0.8,45.0
2024-01-24 12:00:00,32.0,118.0,-1.1,45.0
2024-01-24 13:00:00,32.0,118.0,-1.3,45.0
2024-01-24 14:00:00,32.0,118.0,-1.5,45.0
2024-01-24 15:00:00,32.0,118.0,-1.6,45.0
2024-01-24 16:00:00,32.0,118.0,-1.7,45.0
2024-01-24 17:00:00,32.0,118.0,-1.8,45.0
2024-01-24 18:00:00,32.0,118.0,-1.7,45.0
2024-01-24 19:00:00,32.0,118.0,-1.6,45.0
2024-01-24 20:00:00,32.0,118.0,-1.7,45.0
2024-01-24 21:00:00,32.0,118.0,-1.7,45.0
2024-01-24 22:00:00,32.0,118.0,-1.9,45.0
2024-01-24 23:00:00,32.0,118.0,-1.9,45.0
2024-01-22 00:00:00,32.0,118.25,-3.0,12.0
2024-01-22 01:00:00,32.0,118.25,-2.6,12.0
2024-01-22 02:00:00,32.0,118.25,-2.3,12.0
2024-01-22 03:00:00,32.0,118.25,-1.8,12.0
2024-01-22 04:00:00,32.0,118.25,-1.7,12.0
2024-01-22 05:00:00,32.0,118.25,-1.1,12.0
2024-01-22 06:00:00,32.0,118.25,-1.2,12.0
2024-01-22 07:00:00,32.0,118.25,-1.5,12.0
2024-01-22 08:00:00,32.0,118.25,-1.9,12.0
2024-01-22 09:00:00,32.0,118.25,-2.3,12.0
2024-01-22 10:00:00,32.0,118.25,-2.5,12.0
2024-01-22 11:00:00,32.0,118.25,-2.5,12.0
2024-01-22 12:00:00,32.0,118.25,-2.7,12.0
2024-01-22 13:00:00,32.0,118.25,-2.7,12.0
2024-01-22 14:00:00,32.0,118.25,-2.9,12.0
2024-01-22 15:00:00,32.0,118.25,-3.2,12.0
2024-01-22 16:00:00,32.0,118.25,-3.6,12.0
2024-01-22 17:00:00,32.0,118.25,-3.9,12.0
2024-01-22 18:00:00,32.0,118.25,-4.3,12.0
2024-01-22 19:00:00,32.0,118.25,-4.7,12.0
2024-01-22 20:00:00,32.0,118.25,-5.0,12.0
2024-01-22 21:00:00,32.0,118.25,-5.4,12.0
2024-01-22 22:00:00,32.0,118.25,-5.6,12.0
2024-01-22 23:00:00,32.0,118.25,-5.7,12.0
2024-01-23 00:00:00,32.0,118.25,-5.6,12.0
2024-01-23 01:00:00,32.0,118.25,-4.7,12.0
2024-01-23 02:00:00,32.0,118.25,-3.8,12.0
2024-01-23 03:00:00,32.0,118.25,-2.8,12.0
2024-01-23 04:00:00,32.0,118.25,-1.9,12.0
2024-01-23 05:00:00,32.0,118.25,-1.2,12.0
2024-01-23 06:00:00,32.0,118.25,-0.9,12.0
2024-01-23 07:00:00,32.0,118.25,-0.9,12.0
2024-01-23 08:00:00,32.0,118.25,-1.1,12.0
2024-01-23 09:00:00,32.0,118.25,-1.8,12.0
2024-01-23 10:00:00,32.0,118.25,-2.9,12.0
2024-01-23 11:00:00,32.0,118.25,-3.1,12.0
2024-01-23 12:00:00,32.0,118.25,-3.1,12.0
2024-01-23 13:00:00,32.0,118.25,-3.2,12.0
2024-01-23 14:00:00,32.0,118.25,-3.2,12.0
2024-01-23 15:00:00,32.0,118.25,-3.3,12.0
2024-01-23 16:00:00,32.0,118.25,-3.3,12.0
2024-01-23 17:00:00,32.0,118.25,-3.3,12.0
2024-01-23 18:00:00,32.0,118.25,-3.3,12.0
2024-01-23 19:00:00,32.0,118.25,-3.3,12.0
2024-01-23 20:00:00,32.0,118.25,-3.4,12.0
2024-01-23 21:00:00,32.0,118.25,-3.5,12.0
2024-01-23 22:00:00,32.0,118.25,-3.5,12.0
2024-01-23 23:00:00,32.0,118.25,-3.6,12.0
2024-01-24 00:00:00,32.0,118.25,-3.1,12.0
2024-01-24 01:00:00,32.0,118.25,-1.7,12.0
2024-01-24 02:00:00,32.0,118.25,-0.4,12.0
2024-01-24 03:00:00,32.0,118.25,0.9,12.0
2024-01-24 04:00:00,32.0,118.25,1.8,12.0
2024-01-24 05:00:00,32.0,118.25,2.4,12.0
2024-01-24 06:00:00,32.0,118.25,2.9,12.0
2024-01-24 07:00:00,32.0,118.25,3.0,12.0
2024-01-24 08:00:00,32.0,118.25,2.8,12.0
2024-01-24 09:00:00,32.0,118.25,1.1,12.0
2024-01-24 10:00:00,32.0,118.25,-0.3,12.0
2024-01-24 11:00:00,32.0,118.25,-0.7,12.0
2024-01-24 12:00:00,32.0,118.25,-1.0,12.0
2024-01-24 13:00:00,32.0,118.25,-1.1,12.0
2024-01-24 14:00:00,32.0,118.25,-1.2,12.0
2024-01-24 15:00:00,32.0,118.25,-1.4,12.0
2024-01-24 16:00:00,32.0,118.25,-1.5,12.0
2024-01-24 17:00:00,32.0,118.25,-1.6,12.0
2024-01-24 18:00:00,32.0,118.25,-1.5,12.0
2024-01-24 19:00:00,32.0,118.25,-1.4,12.0
2024-01-24 20:00:00,32.0,118.25,-1.4,12.0
2024-01-24 21:00:00,32.0,118.25,-1.5,12.0
2024-01-24 22:00:00,32.0,118.25,-1.6,12.0
2024-01-24 23:00:00,32.0,118.25,-1.7,12.0
2024-01-22 00:00:00,32.0,118.5,-2.8,30.0
2024-01-22 01:00:00,32.0,118.5,-2.9,30.0
2024-01-22 02:00:00,32.0,118.5,-2.4,30.0
2024-01-22 03:00:00,32.0,118.5,-1.9,30.0
2024-01-22 04:00:00,32.0,118.5,-1.9,30.0
2024-01-22 05:00:00,32.0,118.5,-1.2,30.0
2024-01-22 06:00:00,32.0,118.5,-1.3,30.0
2024-01-22 07:00:00,32.0,118.5,-1.4,30.0
2024-01-22 08:00:00,32.0,118.5,-1.9,30.0
2024-01-22 09:00:00,32.0,118.5,-2.3,30.0
2024-01-22 10:00:00,32.0,118.5,-2.5,30.0
2024-01-22 11:00:00,32.0,118.5,-2.5,30.0
2024-01-22 12:00:00,32.0,118.5,-2.6,30.0
2024-01-22 13:00:00,32.0,118.5,-2.8,30.0
2024-01-22 14:00:00,32.0,118.5,-2.8,30.0
2024-01-22 15:00:00,32.0,118.5,-3.1,30.0
2024-01-22 16:00:00,32.0,118.5,-3.3,30.0
2024-01-22 17:00:00,32.0,118.5,-3.7,30.0
2024-01-22 18:00:00,32.0,118.5,-4.1,30.0
2024-01-22 19:00:00,32.0,118.5,-4.8,30.0
2024-01-22 20:00:00,32.0,118.5,-5.2,30.0
2024-01-22 21:00:00,32.0,118.5,-5.5,30.0
2024-01-22 22:00:00,32.0,118.5,-5.7,30.0
2024-01-22 23:00:00,32.0,118.5,-5.9,30.0
2024-01-23 00:00:00,32.0,118.5,-5.7,30.0
2024-01-23 01:00:00,32.0,118.5,-4.9,30.0
2024-01-23 02:00:00,32.0,118.5,-4.1,30.0
2024-01-23 03:00:00,32.0,118.5,-3.1,30.0
2024-01-23 04:00:00,32.0,118.5,-2.6,30.0
2024-01-23 05:00:00,32.0,118.5,-1.7,30.0
2024-01-23 06:00:00,32.0,118.5,-1.3,30.0
2024-01-23 07:00:00,32.0,118.5,-1.2,30.0
2024-01-23 08:00:00,32.0,118.5,-1.4,30.0
2024-01-23 09:00:00,32.0,118.5,-2.0,30.0
2024-01-23 10:00:00,32.0,118.5,-3.1,30.0
2024-01-23 11:00:00,32.0,118.5,-3.3,30.0
2024-01-23 12:00:00,32.0,118.5,-3.4,30.0
2024-01-23 13:00:00,32.0,118.5,-3.4,30.0
2024-01-23 14:00:00,32.0,118.5,-3.4,30.0
2024-01-23 15:00:00,32.0,118.5,-3.4,30.0
2024-01-23 16:00:00,32.0,118.5,-3.4,30.0
2024-01-23 17:00:00,32.0,118.5,-3.4,30.0
2024-01-23 18:00:00,32.0,118.5,-3.5,30.0
2024-01-23 19:00:00,32.0,118.5,-3.5,30.0
2024-01-23 20:00:00,32.0,118.5,-3.5,30.0
2024-01-23 21:00:00,32.0,118.5,-3.6,30.0
2024-01-23 22:00:00,32.0,118.5,-3.7,30.0
2024-01-23 23:00:00,32.0,118.5,-3.8,30.0
2024-01-24 00:00:00,32.0,118.5,-3.2,30.0
2024-01-24 01:00:00,32.0,118.5,-1.8,30.0
2024-01-24 02:00:00,32.0,118.5,-0.6,30.0
2024-01-24 03:00:00,32.0,118.5,0.6,30.0
2024-01-24 04:00:00,32.0,118.5,1.6,30.0
2024-01-24 05:00:00,32.0,118.5,2.2,30.0
2024-01-24 06:00:00,32.0,118.5,2.7,30.0
2024-01-24 07:00:00,32.0,118.5,2.8,30.0
2024-01-24 08:00:00,32.0,118.5,2.6,30.0
2024-01-24 09:00:00,32.0,118.5,0.9,30.0
2024-01-24 10:00:00,32.0,118.5,-0.5,30.0
2024-01-24 11:00:00,32.0,118.5,-0.8,30.0
2024-01-24 12:00:00,32.0,118.5,-1.1,30.0
2024-01-24 13:00:00,32.0,118.5,-1.2,30.0
2024-01-24 14:00:00,32.0,118.5,-1.3,30.0
2024-01-24 15:00:00,32.0,118.5,-1.4,30.0
2024-01-24 16:00:00,32.0,118.5,-1.6,30.0
2024-01-24 17:00:00,32.0,118.5,-1.7,30.0
2024-01-24 18:00:00,32.0,118.5,-1.7,30.0
2024-01-24 19:00:00,32.0,118.5,-1.6,30.0
2024-01-24 20:00:00,32.0,118.5,-1.5,30.0
2024-01-24 21:00:00,32.0,118.5,-1.5,30.0
2024-01-24 22:00:00,32.0,118.5,-1.7,30.0
2024-01-24 23:00:00,32.0,118.5,-1.8,30.0
2024-01-22 00:00:00,32.0,118.75,-2.8,11.0
2024-01-22 01:00:00,32.0,118.75,-2.6,11.0
2024-01-22 02:00:00,32.0,118.75,-2.2,11.0
2024-01-22 03:00:00,32.0,118.75,-1.5,11.0
2024-01-22 04:00:00,32.0,118.75,-1.5,11.0
2024-01-22 05:00:00,32.0,118.75,-1.0,11.0
2024-01-22 06:00:00,32.0,118.75,-1.0,11.0
2024-01-22 07:00:00,32.0,118.75,-1.2,11.0
2024-01-22 08:00:00,32.0,118.75,-1.5,11.0
2024-01-22 09:00:00,32.0,118.75,-1.8,11.0
2024-01-22 10:00:00,32.0,118.75,-2.2,11.0
2024-01-22 11:00:00,32.0,118.75,-2.2,11.0
2024-01-22 12:00:00,32.0,118.75,-2.4,11.0
2024-01-22 13:00:00,32.0,118.75,-2.4,11.0
2024-01-22 14:00:00,32.0,118.75,-2.4,11.0
2024-01-22 15:00:00,32.0,118.75,-2.7,11.0
2024-01-22 16:00:00,32.0,118.75,-2.8,11.0
2024-01-22 17:00:00,32.0,118.75,-3.2,11.0
2024-01-22 18:00:00,32.0,118.75,-3.7,11.0
2024-01-22 19:00:00,32.0,118.75,-4.0,11.0
2024-01-22 20:00:00,32.0,118.75,-4.3,11.0
2024-01-22 21:00:00,32.0,118.75,-4.6,11.0
2024-01-22 22:00:00,32.0,118.75,-4.8,11.0
2024-01-22 23:00:00,32.0,118.75,-5.0,11.0
2024-01-23 00:00:00,32.0,118.75,-5.1,11.0
2024-01-23 01:00:00,32.0,118.75,-4.5,11.0
2024-01-23 02:00:00,32.0,118.75,-3.7,11.0
2024-01-23 03:00:00,32.0,118.75,-3.1,11.0
2024-01-23 04:00:00,32.0,118.75,-2.5,11.0
2024-01-23 05:00:00,32.0,118.75,-1.7,11.0
2024-01-23 06:00:00,32.0,118.75,-1.3,11.0
2024-01-23 07:00:00,32.0,118.75,-1.2,11.0
2024-01-23 08:00:00,32.0,118.75,-1.3,11.0
2024-01-23 09:00:00,32.0,118.75,-1.7,11.0
2024-01-23 10:00:00,32.0,118.75,-2.4,11.0
2024-01-23 11:00:00,32.0,118.75,-2.6,11.0
2024-01-23 12:00:00,32.0,118.75,-2.7,11.0
2024-01-23 13:00:00,32.0,118.75,-2.8,11.0
2024-01-23 14:00:00,32.0,118.75,-2.8,11.0
2024-01-23 15:00:00,32.0,118.75,-2.9,11.0
2024-01-23 16:00:00,32.0,118.75,-2.8,11.0
2024-01-23 17:00:00,32.0,118.75,-2.8,11.0
2024-01-23 18:00:00,32.0,118.75,-2.9,11.0
2024-01-23 19:00:00,32.0,118.75,-2.9,11.0
2024-01-23 20:00:00,32.0,118.75,-2.9,11.0
2024-01-23 21:00:00,32.0,118.75,-3.0,11.0
2024-01-23 22:00:00,32.0,118.75,-3.0,11.0
2024-01-23 23:00:00,32.0,118.75,-3.1,11.0
2024-01-24 00:00:00,32.0,118.75,-2.7,11.0
2024-01-24 01:00:00,32.0,118.75,-1.5,11.0
2024-01-24 02:00:00,32.0,118.75,-0.3,11.0
2024-01-24 03:00:00,32.0,118.75,0.7,11.0
2024-01-24 04:00:00,32.0,118.75,1.5,11.0
2024-01-24 05:00:00,32.0,118.75,2.1,11.0
2024-01-24 06:00:00,32.0,118.75,2.6,11.0
2024-01-24 07:00:00,32.0,118.75,2.8,11.0
2024-01-24 08:00:00,32.0,118.75,2.7,11.0
2024-01-24 09:00:00,32.0,118.75,1.6,11.0
2024-01-24 10:00:00,32.0,118.75,0.5,11.0
2024-01-24 11:00:00,32.0,118.75,0.1,11.0
2024-01-24 12:00:00,32.0,118.75,-0.1,11.0
2024-01-24 13:00:00,32.0,118.75,-0.4,11.0
2024-01-24 14:00:00,32.0,118.75,-0.6,11.0
2024-01-24 15:00:00,32.0,118.75,-0.7,11.0
2024-01-24 16:00:00,32.0,118.75,-0.9,11.0
2024-01-24 17:00:00,32.0,118.75,-1.0,11.0
2024-01-24 18:00:00,32.0,118.75,-1.0,11.0
2024-01-24 19:00:00,32.0,118.75,-0.9,11.0
2024-01-24 20:00:00,32.0,118.75,-0.9,11.0
2024-01-24 21:00:00,32.0,118.75,-0.9,11.0
2024-01-24 22:00:00,32.0,118.75,-0.9,11.0
2024-01-24 23:00:00,32.0,118.75,-1.2,11.0
2024-01-22 00:00:00,32.0,119.0,-3.6,72.0
2024-01-22 01:00:00,32.0,119.0,-3.5,72.0
2024-01-22 02:00:00,32.0,119.0,-3.1,72.0
2024-01-22 03:00:00,32.0,119.0,-2.3,72.0
2024-01-22 04:00:00,32.0,119.0,-2.1,72.0
2024-01-22 05:00:00,32.0,119.0,-1.6,72.0
2024-01-22 06:00:00,32.0,119.0,-1.9,72.0
2024-01-22 07:00:00,32.0,119.0,-1.9,72.0
2024-01-22 08:00:00,32.0,119.0,-2.3,72.0
2024-01-22 09:00:00,32.0,119.0,-2.8,72.0
2024-01-22 10:00:00,32.0,119.0,-3.1,72.0
2024-01-22 11:00:00,32.0,119.0,-3.1,72.0
2024-01-22 12:00:00,32.0,119.0,-3.3,72.0
2024-01-22 13:00:00,32.0,119.0,-3.3,72.0
2024-01-22 14:00:00,32.0,119.0,-3.4,72.0
2024-01-22 15:00:00,32.0,119.0,-3.6,72.0
2024-01-22 16:00:00,32.0,119.0,-3.8,72.0
2024-01-22 17:00:00,32.0,119.0,-4.1,72.0
2024-01-22 18:00:00,32.0,119.0,-4.8,72.0
2024-01-22 19:00:00,32.0,119.0,-5.4,72.0
2024-01-22 20:00:00,32.0,119.0,-5.6,72.0
2024-01-22 21:00:00,32.0,119.0,-5.8,72.0
2024-01-22 22:00:00,32.0,119.0,-5.9,72.0
2024-01-22 23:00:00,32.0,119.0,-5.9,72.0
2024-01-23 00:00:00,32.0,119.0,-5.6,72.0
2024-01-23 01:00:00,32.0,119.0,-4.8,72.0
2024-01-23 02:00:00,32.0,119.0,-4.0,72.0
2024-01-23 03:00:00,32.0,119.0,-3.4,72.0
2024-01-23 04:00:00,32.0,119.0,-2.4,72.0
2024-01-23 05:00:00,32.0,119.0,-1.9,72.0
2024-01-23 06:00:00,32.0,119.0,-1.7,72.0
2024-01-23 07:00:00,32.0,119.0,-1.7,72.0
2024-01-23 08:00:00,32.0,119.0,-1.7,72.0
2024-01-23 09:00:00,32.0,119.0,-2.1,72.0
2024-01-23 10:00:00,32.0,119.0,-2.9,72.0
2024-01-23 11:00:00,32.0,119.0,-3.0,72.0
2024-01-23 12:00:00,32.0,119.0,-3.0,72.0
2024-01-23 13:00:00,32.0,119.0,-3.1,72.0
2024-01-23 14:00:00,32.0,119.0,-3.1,72.0
2024-01-23 15:00:00,32.0,119.0,-3.1,72.0
2024-01-23 16:00:00,32.0,119.0,-3.1,72.0
2024-01-23 17:00:00,32.0,119.0,-3.0,72.0
2024-01-23 18:00:00,32.0,119.0,-3.1,72.0
2024-01-23 19:00:00,32.0,119.0,-3.1,72.0
2024-01-23 20:00:00,32.0,119.0,-3.2,72.0
2024-01-23 21:00:00,32.0,119.0,-3.3,72.0
2024-01-23 22:00:00,32.0,119.0,-3.4,72.0
2024-01-23 23:00:00,32.0,119.0,-3.4,72.0
2024-01-24 00:00:00,32.0,119.0,-2.8,72.0
2024-01-24 01:00:00,32.0,119.0,-1.6,72.0
2024-01-24 02:00:00,32.0,119.0,-0.5,72.0
2024-01-24 03:00:00,32.0,119.0,0.3,72.0
2024-01-24 04:00:00,32.0,119.0,1.1,72.0
2024-01-24 05:00:00,32.0,119.0,1.6,72.0
2024-01-24 06:00:00,32.0,119.0,2.0,72.0
2024-01-24 07:00:00,32.0,119.0,2.2,72.0
2024-01-24 08:00:00,32.0,119.0,2.2,72.0
2024-01-24 09:00:00,32.0,119.0,0.8,72.0
2024-01-24 10:00:00,32.0,119.0,-0.3,72.0
2024-01-24 11:00:00,32.0,119.0,-0.6,72.0
2024-01-24 12:00:00,32.0,119.0,-0.8,72.0
2024-01-24 13:00:00,32.0,119.0,-1.0,72.0
2024-01-24 14:00:00,32.0,119.0,-1.1,72.0
2024-01-24 15:00:00,32.0,119.0,-1.2,72.0
2024-01-24 16:00:00,32.0,119.0,-1.3,72.0
2024-01-24 17:00:00,32.0,119.0,-1.4,72.0
2024-01-24 18:00:00,32.0,119.0,-1.5,72.0
2024-01-24 19:00:00,32.0,119.0,-1.4,72.0
2024-01-24 20:00:00,32.0,119.0,-1.3,72.0
2024-01-24 21:00:00,32.0,119.0,-1.3,72.0
2024-01-24 22:00:00,32.0,119.0,-1.4,72.0
2024-01-24 23:00:00,32.0,119.0,-1.6,72.0
2024-01-22 00:00:00,32.0,119.25,-3.3,24.0
2024-01-22 01:00:00,32.0,119.25,-3.1,24.0
2024-01-22 02:00:00,32.0,119.25,-2.6,24.0
2024-01-22 03:00:00,32.0,119.25,-2.1,24.0
2024-01-22 04:00:00,32.0,119.25,-2.0,24.0
2024-01-22 05:00:00,32.0,119.25,-1.5,24.0
2024-01-22 06:00:00,32.0,119.25,-1.7,24.0
2024-01-22 07:00:00,32.0,119.25,-1.9,24.0
2024-01-22 08:00:00,32.0,119.25,-2.3,24.0
2024-01-22 09:00:00,32.0,119.25,-2.7,24.0
2024-01-22 10:00:00,32.0,119.25,-2.8,24.0
2024-01-22 11:00:00,32.0,119.25,-2.9,24.0
2024-01-22 12:00:00,32.0,119.25,-3.1,24.0
2024-01-22 13:00:00,32.0,119.25,-3.2,24.0
2024-01-22 14:00:00,32.0,119.25,-3.3,24.0
2024-01-22 15:00:00,32.0,119.25,-3.6,24.0
2024-01-22 16:00:00,32.0,119.25,-3.8,24.0
2024-01-22 17:00:00,32.0,119.25,-4.2,24.0
2024-01-22 18:00:00,32.0,119.25,-5.0,24.0
2024-01-22 19:00:00,32.0,119.25,-5.5,24.0
2024-01-22 20:00:00,32.0,119.25,-5.8,24.0
2024-01-22 21:00:00,32.0,119.25,-6.1,24.0
2024-01-22 22:00:00,32.0,119.25,-6.3,24.0
2024-01-22 23:00:00,32.0,119.25,-6.4,24.0
2024-01-23 00:00:00,32.0,119.25,-6.1,24.0
2024-01-23 01:00:00,32.0,119.25,-5.1,24.0
2024-01-23 02:00:00,32.0,119.25,-4.1,24.0
2024-01-23 03:00:00,32.0,119.25,-2.9,24.0
2024-01-23 04:00:00,32.0,119.25,-1.9,24.0
2024-01-23 05:00:00,32.0,119.25,-1.2,24.0
2024-01-23 06:00:00,32.0,119.25,-1.3,24.0
2024-01-23 07:00:00,32.0,119.25,-1.3,24.0
2024-01-23 08:00:00,32.0,119.25,-1.3,24.0
2024-01-23 09:00:00,32.0,119.25,-2.0,24.0
2024-01-23 10:00:00,32.0,119.25,-3.1,24.0
2024-01-23 11:00:00,32.0,119.25,-3.4,24.0
2024-01-23 12:00:00,32.0,119.25,-3.1,24.0
2024-01-23 13:00:00,32.0,119.25,-3.4,24.0
2024-01-23 14:00:00,32.0,119.25,-3.4,24.0
2024-01-23 15:00:00,32.0,119.25,-3.3,24.0
2024-01-23 16:00:00,32.0,119.25,-3.2,24.0
2024-01-23 17:00:00,32.0,119.25,-3.2,24.0
2024-01-23 18:00:00,32.0,119.25,-3.3,24.0
2024-01-23 19:00:00,32.0,119.25,-3.4,24.0
2024-01-23 20:00:00,32.0,119.25,-3.5,24.0
2024-01-23 21:00:00,32.0,119.25,-3.6,24.0
2024-01-23 22:00:00,32.0,119.25,-3.7,24.0
2024-01-23 23:00:00,32.0,119.25,-3.9,24.0
2024-01-24 00:00:00,32.0,119.25,-3.1,24.0
2024-01-24 01:00:00,32.0,119.25,-1.7,24.0
2024-01-24 02:00:00,32.0,119.25,-0.3,24.0
2024-01-24 03:00:00,32.0,119.25,0.7,24.0
2024-01-24 04:00:00,32.0,119.25,1.6,24.0
2024-01-24 05:00:00,32.0,119.25,2.3,24.0
2024-01-24 06:00:00,32.0,119.25,2.7,24.0
2024-01-24 07:00:00,32.0,119.25,2.8,24.0
2024-01-24 08:00:00,32.0,119.25,2.5,24.0
2024-01-24 09:00:00,32.0,119.25,0.7,24.0
2024-01-24 10:00:00,32.0,119.25,-0.7,24.0
2024-01-24 11:00:00,32.0,119.25,-1.0,24.0
2024-01-24 12:00:00,32.0,119.25,-1.2,24.0
2024-01-24 13:00:00,32.0,119.25,-1.3,24.0
2024-01-24 14:00:00,32.0,119.25,-1.4,24.0
2024-01-24 15:00:00,32.0,119.25,-1.5,24.0
2024-01-24 16:00:00,32.0,119.25,-1.6,24.0
2024-01-24 17:00:00,32.0,119.25,-1.7,24.0
2024-01-24 18:00:00,32.0,119.25,-1.7,24.0
2024-01-24 19:00:00,32.0,119.25,-1.8,24.0
2024-01-24 20:00:00,32.0,119.25,-1.6,24.0
2024-01-24 21:00:00,32.0,119.25,-1.5,24.0
2024-01-24 22:00:00,32.0,119.25,-1.5,24.0
2024-01-24 23:00:00,32.0,119.25,-1.7,24.0
2024-01-22 00:00:00,32.0,119.5,-3.1,7.0
2024-01-22 01:00:00,32.0,119.5,-2.8,7.0
2024-01-22 02:00:00,32.0,119.5,-2.4,7.0
2024-01-22 03:00:00,32.0,119.5,-1.7,7.0
2024-01-22 04:00:00,32.0,119.5,-1.7,7.0
2024-01-22 05:00:00,32.0,119.5,-1.4,7.0
2024-01-22 06:00:00,32.0,119.5,-1.7,7.0
2024-01-22 07:00:00,32.0,119.5,-1.6,7.0
2024-01-22 08:00:00,32.0,119.5,-2.1,7.0
2024-01-22 09:00:00,32.0,119.5,-2.4,7.0
2024-01-22 10:00:00,32.0,119.5,-2.6,7.0
2024-01-22 11:00:00,32.0,119.5,-2.7,7.0
2024-01-22 12:00:00,32.0,119.5,-3.1,7.0
2024-01-22 13:00:00,32.0,119.5,-3.1,7.0
2024-01-22 14:00:00,32.0,119.5,-3.2,7.0
2024-01-22 15:00:00,32.0,119.5,-3.3,7.0
2024-01-22 16:00:00,32.0,119.5,-3.6,7.0
2024-01-22 17:00:00,32.0,119.5,-3.9,7.0
2024-01-22 18:00:00,32.0,119.5,-4.4,7.0
2024-01-22 19:00:00,32.0,119.5,-4.8,7.0
2024-01-22 20:00:00,32.0,119.5,-5.4,7.0
2024-01-22 21:00:00,32.0,119.5,-5.8,7.0
2024-01-22 22:00:00,32.0,119.5,-6.1,7.0
2024-01-22 23:00:00,32.0,119.5,-6.3,7.0
2024-01-23 00:00:00,32.0,119.5,-6.0,7.0
2024-01-23 01:00:00,32.0,119.5,-4.9,7.0
2024-01-23 02:00:00,32.0,119.5,-3.8,7.0
2024-01-23 03:00:00,32.0,119.5,-2.8,7.0
2024-01-23 04:00:00,32.0,119.5,-1.8,7.0
2024-01-23 05:00:00,32.0,119.5,-0.8,7.0
2024-01-23 06:00:00,32.0,119.5,-1.0,7.0
2024-01-23 07:00:00,32.0,119.5,-1.1,7.0
2024-01-23 08:00:00,32.0,119.5,-1.2,7.0
2024-01-23 09:00:00,32.0,119.5,-1.9,7.0
2024-01-23 10:00:00,32.0,119.5,-3.0,7.0
2024-01-23 11:00:00,32.0,119.5,-3.5,7.0
2024-01-23 12:00:00,32.0,119.5,-3.0,7.0
2024-01-23 13:00:00,32.0,119.5,-3.3,7.0
2024-01-23 14:00:00,32.0,119.5,-3.4,7.0
2024-01-23 15:00:00,32.0,119.5,-3.5,7.0
2024-01-23 16:00:00,32.0,119.5,-3.3,7.0
2024-01-23 17:00:00,32.0,119.5,-3.3,7.0
2024-01-23 18:00:00,32.0,119.5,-3.3,7.0
2024-01-23 19:00:00,32.0,119.5,-3.4,7.0
2024-01-23 20:00:00,32.0,119.5,-3.5,7.0
2024-01-23 21:00:00,32.0,119.5,-3.6,7.0
2024-01-23 22:00:00,32.0,119.5,-3.8,7.0
2024-01-23 23:00:00,32.0,119.5,-3.9,7.0
2024-01-24 00:00:00,32.0,119.5,-3.1,7.0
2024-01-24 01:00:00,32.0,119.5,-1.5,7.0
2024-01-24 02:00:00,32.0,119.5,-0.1,7.0
2024-01-24 03:00:00,32.0,119.5,1.0,7.0
2024-01-24 04:00:00,32.0,119.5,1.9,7.0
2024-01-24 05:00:00,32.0,119.5,2.6,7.0
2024-01-24 06:00:00,32.0,119.5,2.9,7.0
2024-01-24 07:00:00,32.0,119.5,3.0,7.0
2024-01-24 08:00:00,32.0,119.5,2.6,7.0
2024-01-24 09:00:00,32.0,119.5,0.7,7.0
2024-01-24 10:00:00,32.0,119.5,-0.7,7.0
2024-01-24 11:00:00,32.0,119.5,-1.2,7.0
2024-01-24 12:00:00,32.0,119.5,-1.4,7.0
2024-01-24 13:00:00,32.0,119.5,-1.5,7.0
2024-01-24 14:00:00,32.0,119.5,-1.6,7.0
2024-01-24 15:00:00,32.0,119.5,-1.6,7.0
2024-01-24 16:00:00,32.0,119.5,-1.7,7.0
2024-01-24 17:00:00,32.0,119.5,-1.8,7.0
2024-01-24 18:00:00,32.0,119.5,-1.9,7.0
2024-01-24 19:00:00,32.0,119.5,-1.9,7.0
2024-01-24 20:00:00,32.0,119.5,-1.9,7.0
2024-01-24 21:00:00,32.0,119.5,-1.8,7.0
2024-01-24 22:00:00,32.0,119.5,-1.7,7.0
2024-01-24 23:00:00,32.0,119.5,-1.8,7.0
2024-01-22 00:00:00,32.0,119.75,-3.1,6.0
2024-01-22 01:00:00,32.0,119.75,-2.9,6.0
2024-01-22 02:00:00,32.0,119.75,-2.6,6.0
2024-01-22 03:00:00,32.0,119.75,-2.0,6.0
2024-01-22 04:00:00,32.0,119.75,-1.6,6.0
2024-01-22 05:00:00,32.0,119.75,-1.4,6.0
2024-01-22 06:00:00,32.0,119.75,-1.7,6.0
2024-01-22 07:00:00,32.0,119.75,-1.7,6.0
2024-01-22 08:00:00,32.0,119.75,-2.0,6.0
2024-01-22 09:00:00,32.0,119.75,-2.3,6.0
2024-01-22 10:00:00,32.0,119.75,-2.7,6.0
2024-01-22 11:00:00,32.0,119.75,-2.7,6.0
2024-01-22 12:00:00,32.0,119.75,-2.9,6.0
2024-01-22 13:00:00,32.0,119.75,-3.1,6.0
2024-01-22 14:00:00,32.0,119.75,-3.3,6.0
2024-01-22 15:00:00,32.0,119.75,-3.5,6.0
2024-01-22 16:00:00,32.0,119.75,-3.8,6.0
2024-01-22 17:00:00,32.0,119.75,-4.2,6.0
2024-01-22 18:00:00,32.0,119.75,-4.8,6.0
2024-01-22 19:00:00,32.0,119.75,-5.3,6.0
2024-01-22 20:00:00,32.0,119.75,-5.8,6.0
2024-01-22 21:00:00,32.0,119.75,-6.2,6.0
2024-01-22 22:00:00,32.0,119.75,-6.2,6.0
2024-01-22 23:00:00,32.0,119.75,-6.3,6.0
2024-01-23 00:00:00,32.0,119.75,-6.2,6.0
2024-01-23 01:00:00,32.0,119.75,-5.2,6.0
2024-01-23 02:00:00,32.0,119.75,-3.9,6.0
2024-01-23 03:00:00,32.0,119.75,-2.7,6.0
2024-01-23 04:00:00,32.0,119.75,-1.8,6.0
2024-01-23 05:00:00,32.0,119.75,-1.1,6.0
2024-01-23 06:00:00,32.0,119.75,-1.2,6.0
2024-01-23 07:00:00,32.0,119.75,-1.0,6.0
2024-01-23 08:00:00,32.0,119.75,-1.1,6.0
2024-01-23 09:00:00,32.0,119.75,-1.9,6.0
2024-01-23 10:00:00,32.0,119.75,-2.9,6.0
2024-01-23 11:00:00,32.0,119.75,-3.4,6.0
2024-01-23 12:00:00,32.0,119.75,-3.5,6.0
2024-01-23 13:00:00,32.0,119.75,-3.5,6.0
2024-01-23 14:00:00,32.0,119.75,-3.4,6.0
2024-01-23 15:00:00,32.0,119.75,-3.5,6.0
2024-01-23 16:00:00,32.0,119.75,-3.6,6.0
2024-01-23 17:00:00,32.0,119.75,-3.5,6.0
2024-01-23 18:00:00,32.0,119.75,-3.5,6.0
2024-01-23 19:00:00,32.0,119.75,-3.6,6.0
2024-01-23 20:00:00,32.0,119.75,-3.8,6.0
2024-01-23 21:00:00,32.0,119.75,-3.9,6.0
2024-01-23 22:00:00,32.0,119.75,-4.1,6.0
2024-01-23 23:00:00,32.0,119.75,-4.2,6.0
2024-01-24 00:00:00,32.0,119.75,-3.3,6.0
2024-01-24 01:00:00,32.0,119.75,-1.5,6.0
2024-01-24 02:00:00,32.0,119.75,0.0,6.0
2024-01-24 03:00:00,32.0,119.75,1.2,6.0
2024-01-24 04:00:00,32.0,119.75,2.1,6.0
2024-01-24 05:00:00,32.0,119.75,2.7,6.0
2024-01-24 06:00:00,32.0,119.75,3.0,6.0
2024-01-24 07:00:00,32.0,119.75,3.1,6.0
2024-01-24 08:00:00,32.0,119.75,2.6,6.0
2024-01-24 09:00:00,32.0,119.75,0.7,6.0
2024-01-24 10:00:00,32.0,119.75,-0.8,6.0
2024-01-24 11:00:00,32.0,119.75,-1.3,6.0
2024-01-24 12:00:00,32.0,119.75,-1.5,6.0
2024-01-24 13:00:00,32.0,119.75,-1.6,6.0
2024-01-24 14:00:00,32.0,119.75,-1.7,6.0
2024-01-24 15:00:00,32.0,119.75,-1.8,6.0
2024-01-24 16:00:00,32.0,119.75,-2.0,6.0
2024-01-24 17:00:00,32.0,119.75,-2.1,6.0
2024-01-24 18:00:00,32.0,119.75,-2.2,6.0
2024-01-24 19:00:00,32.0,119.75,-2.2,6.0
2024-01-24 20:00:00,32.0,119.75,-2.3,6.0
2024-01-24 21:00:00,32.0,119.75,-2.0,6.0
2024-01-24 22:00:00,32.0,119.75,-1.9,6.0
2024-01-24 23:00:00,32.0,119.75,-2.0,6.0
2024-01-22 00:00:00,32.0,120.0,-2.9,4.0
2024-01-22 01:00:00,32.0,120.0,-2.6,4.0
2024-01-22 02:00:00,32.0,120.0,-2.3,4.0
2024-01-22 03:00:00,32.0,120.0,-1.7,4.0
2024-01-22 04:00:00,32.0,120.0,-1.2,4.0
2024-01-22 05:00:00,32.0,120.0,-1.3,4.0
2024-01-22 06:00:00,32.0,120.0,-1.6,4.0
2024-01-22 07:00:00,32.0,120.0,-1.6,4.0
2024-01-22 08:00:00,32.0,120.0,-1.9,4.0
2024-01-22 09:00:00,32.0,120.0,-2.0,4.0
2024-01-22 10:00:00,32.0,120.0,-2.5,4.0
2024-01-22 11:00:00,32.0,120.0,-2.6,4.0
2024-01-22 12:00:00,32.0,120.0,-2.8,4.0
2024-01-22 13:00:00,32.0,120.0,-3.0,4.0
2024-01-22 14:00:00,32.0,120.0,-3.2,4.0
2024-01-22 15:00:00,32.0,120.0,-3.5,4.0
2024-01-22 16:00:00,32.0,120.0,-3.7,4.0
2024-01-22 17:00:00,32.0,120.0,-4.0,4.0
2024-01-22 18:00:00,32.0,120.0,-4.6,4.0
2024-01-22 19:00:00,32.0,120.0,-5.0,4.0
2024-01-22 20:00:00,32.0,120.0,-5.3,4.0
2024-01-22 21:00:00,32.0,120.0,-5.6,4.0
2024-01-22 22:00:00,32.0,120.0,-5.8,4.0
2024-01-22 23:00:00,32.0,120.0,-5.8,4.0
2024-01-23 00:00:00,32.0,120.0,-5.6,4.0
2024-01-23 01:00:00,32.0,120.0,-4.9,4.0
2024-01-23 02:00:00,32.0,120.0,-3.9,4.0
2024-01-23 03:00:00,32.0,120.0,-3.1,4.0
2024-01-23 04:00:00,32.0,120.0,-2.2,4.0
2024-01-23 05:00:00,32.0,120.0,-1.5,4.0
2024-01-23 06:00:00,32.0,120.0,-1.2,4.0
2024-01-23 07:00:00,32.0,120.0,-1.1,4.0
2024-01-23 08:00:00,32.0,120.0,-1.0,4.0
2024-01-23 09:00:00,32.0,120.0,-1.6,4.0
2024-01-23 10:00:00,32.0,120.0,-2.4,4.0
2024-01-23 11:00:00,32.0,120.0,-2.9,4.0
2024-01-23 12:00:00,32.0,120.0,-3.2,4.0
2024-01-23 13:00:00,32.0,120.0,-3.4,4.0
2024-01-23 14:00:00,32.0,120.0,-3.3,4.0
2024-01-23 15:00:00,32.0,120.0,-3.3,4.0
2024-01-23 16:00:00,32.0,120.0,-3.5,4.0
2024-01-23 17:00:00,32.0,120.0,-3.4,4.0
2024-01-23 18:00:00,32.0,120.0,-3.4,4.0
2024-01-23 19:00:00,32.0,120.0,-3.4,4.0
2024-01-23 20:00:00,32.0,120.0,-3.5,4.0
2024-01-23 21:00:00,32.0,120.0,-3.6,4.0
2024-01-23 22:00:00,32.0,120.0,-3.8,4.0
2024-01-23 23:00:00,32.0,120.0,-3.9,4.0
2024-01-24 00:00:00,32.0,120.0,-3.0,4.0
2024-01-24 01:00:00,32.0,120.0,-1.5,4.0
2024-01-24 02:00:00,32.0,120.0,-0.0,4.0
2024-01-24 03:00:00,32.0,120.0,1.1,4.0
2024-01-24 04:00:00,32.0,120.0,1.9,4.0
2024-01-24 05:00:00,32.0,120.0,2.7,4.0
2024-01-24 06:00:00,32.0,120.0,3.1,4.0
2024-01-24 07:00:00,32.0,120.0,3.1,4.0
2024-01-24 08:00:00,32.0,120.0,2.6,4.0
2024-01-24 09:00:00,32.0,120.0,0.9,4.0
2024-01-24 10:00:00,32.0,120.0,-0.4,4.0
2024-01-24 11:00:00,32.0,120.0,-0.8,4.0
2024-01-24 12:00:00,32.0,120.0,-1.1,4.0
2024-01-24 13:00:00,32.0,120.0,-1.3,4.0
2024-01-24 14:00:00,32.0,120.0,-1.5,4.0
2024-01-24 15:00:00,32.0,120.0,-1.7,4.0
2024-01-24 16:00:00,32.0,120.0,-1.8,4.0
2024-01-24 17:00:00,32.0,120.0,-1.9,4.0
2024-01-24 18:00:00,32.0,120.0,-1.9,4.0
2024-01-24 19:00:00,32.0,120.0,-1.9,4.0
2024-01-24 20:00:00,32.0,120.0,-1.9,4.0
2024-01-24 21:00:00,32.0,120.0,-1.7,4.0
2024-01-24 22:00:00,32.0,120.0,-1.6,4.0
2024-01-24 23:00:00,32.0,120.0,-1.8,4.0
2024-01-22 00:00:00,32.0,120.25,-3.3,6.0
2024-01-22 01:00:00,32.0,120.25,-2.8,6.0
2024-01-22 02:00:00,32.0,120.25,-2.4,6.0
2024-01-22 03:00:00,32.0,120.25,-1.7,6.0
2024-01-22 04:00:00,32.0,120.25,-1.1,6.0
2024-01-22 05:00:00,32.0,120.25,-1.1,6.0
2024-01-22 06:00:00,32.0,120.25,-1.3,6.0
2024-01-22 07:00:00,32.0,120.25,-1.4,6.0
2024-01-22 08:00:00,32.0,120.25,-1.8,6.0
2024-01-22 09:00:00,32.0,120.25,-2.2,6.0
2024-01-22 10:00:00,32.0,120.25,-2.8,6.0
2024-01-22 11:00:00,32.0,120.25,-2.8,6.0
2024-01-22 12:00:00,32.0,120.25,-3.0,6.0
2024-01-22 13:00:00,32.0,120.25,-3.4,6.0
2024-01-22 14:00:00,32.0,120.25,-3.7,6.0
2024-01-22 15:00:00,32.0,120.25,-4.0,6.0
2024-01-22 16:00:00,32.0,120.25,-4.3,6.0
2024-01-22 17:00:00,32.0,120.25,-4.7,6.0
2024-01-22 18:00:00,32.0,120.25,-5.3,6.0
2024-01-22 19:00:00,32.0,120.25,-5.8,6.0
2024-01-22 20:00:00,32.0,120.25,-6.1,6.0
2024-01-22 21:00:00,32.0,120.25,-6.5,6.0
2024-01-22 22:00:00,32.0,120.25,-6.8,6.0
2024-01-22 23:00:00,32.0,120.25,-7.0,6.0
2024-01-23 00:00:00,32.0,120.25,-6.7,6.0
2024-01-23 01:00:00,32.0,120.25,-5.6,6.0
2024-01-23 02:00:00,32.0,120.25,-4.2,6.0
2024-01-23 03:00:00,32.0,120.25,-3.1,6.0
2024-01-23 04:00:00,32.0,120.25,-2.1,6.0
2024-01-23 05:00:00,32.0,120.25,-1.7,6.0
2024-01-23 06:00:00,32.0,120.25,-1.2,6.0
2024-01-23 07:00:00,32.0,120.25,-1.1,6.0
2024-01-23 08:00:00,32.0,120.25,-1.3,6.0
2024-01-23 09:00:00,32.0,120.25,-2.0,6.0
2024-01-23 10:00:00,32.0,120.25,-3.2,6.0
2024-01-23 11:00:00,32.0,120.25,-3.7,6.0
2024-01-23 12:00:00,32.0,120.25,-3.8,6.0
2024-01-23 13:00:00,32.0,120.25,-3.7,6.0
2024-01-23 14:00:00,32.0,120.25,-3.5,6.0
2024-01-23 15:00:00,32.0,120.25,-3.3,6.0
2024-01-23 16:00:00,32.0,120.25,-3.5,6.0
2024-01-23 17:00:00,32.0,120.25,-3.5,6.0
2024-01-23 18:00:00,32.0,120.25,-3.6,6.0
2024-01-23 19:00:00,32.0,120.25,-3.6,6.0
2024-01-23 20:00:00,32.0,120.25,-3.6,6.0
2024-01-23 21:00:00,32.0,120.25,-3.8,6.0
2024-01-23 22:00:00,32.0,120.25,-3.9,6.0
2024-01-23 23:00:00,32.0,120.25,-4.0,6.0
2024-01-24 00:00:00,32.0,120.25,-2.9,6.0
2024-01-24 01:00:00,32.0,120.25,-1.0,6.0
2024-01-24 02:00:00,32.0,120.25,0.5,6.0
2024-01-24 03:00:00,32.0,120.25,1.6,6.0
2024-01-24 04:00:00,32.0,120.25,2.5,6.0
2024-01-24 05:00:00,32.0,120.25,3.2,6.0
2024-01-24 06:00:00,32.0,120.25,3.4,6.0
2024-01-24 07:00:00,32.0,120.25,3.4,6.0
2024-01-24 08:00:00,32.0,120.25,2.9,6.0
2024-01-24 09:00:00,32.0,120.25,0.7,6.0
2024-01-24 10:00:00,32.0,120.25,-1.0,6.0
2024-01-24 11:00:00,32.0,120.25,-1.6,6.0
2024-01-24 12:00:00,32.0,120.25,-1.8,6.0
2024-01-24 13:00:00,32.0,120.25,-1.9,6.0
2024-01-24 14:00:00,32.0,120.25,-2.1,6.0
2024-01-24 15:00:00,32.0,120.25,-2.2,6.0
2024-01-24 16:00:00,32.0,120.25,-2.4,6.0
2024-01-24 17:00:00,32.0,120.25,-2.5,6.0
2024-01-24 18:00:00,32.0,120.25,-2.6,6.0
2024-01-24 19:00:00,32.0,120.25,-2.7,6.0
2024-01-24 20:00:00,32.0,120.25,-2.7,6.0
2024-01-24 21:00:00,32.0,120.25,-2.5,6.0
2024-01-24 22:00:00,32.0,120.25,-2.4,6.0
2024-01-24 23:00:00,32.0,120.25,-2.3,6.0
2024-01-22 00:00:00,32.0,120.5,-3.1,6.0
2024-01-22 01:00:00,32.0,120.5,-2.5,6.0
2024-01-22 02:00:00,32.0,120.5,-2.1,6.0
2024-01-22 03:00:00,32.0,120.5,-1.5,6.0
2024-01-22 04:00:00,32.0,120.5,-0.9,6.0
2024-01-22 05:00:00,32.0,120.5,-0.8,6.0
2024-01-22 06:00:00,32.0,120.5,-1.3,6.0
2024-01-22 07:00:00,32.0,120.5,-1.2,6.0
2024-01-22 08:00:00,32.0,120.5,-1.5,6.0
2024-01-22 09:00:00,32.0,120.5,-2.0,6.0
2024-01-22 10:00:00,32.0,120.5,-2.7,6.0
2024-01-22 11:00:00,32.0,120.5,-2.6,6.0
2024-01-22 12:00:00,32.0,120.5,-2.8,6.0
2024-01-22 13:00:00,32.0,120.5,-3.3,6.0
2024-01-22 14:00:00,32.0,120.5,-3.6,6.0
2024-01-22 15:00:00,32.0,120.5,-3.8,6.0
2024-01-22 16:00:00,32.0,120.5,-4.2,6.0
2024-01-22 17:00:00,32.0,120.5,-4.5,6.0
2024-01-22 18:00:00,32.0,120.5,-5.1,6.0
2024-01-22 19:00:00,32.0,120.5,-5.5,6.0
2024-01-22 20:00:00,32.0,120.5,-5.9,6.0
2024-01-22 21:00:00,32.0,120.5,-6.3,6.0
2024-01-22 22:00:00,32.0,120.5,-6.5,6.0
2024-01-22 23:00:00,32.0,120.5,-6.8,6.0
2024-01-23 00:00:00,32.0,120.5,-6.5,6.0
2024-01-23 01:00:00,32.0,120.5,-5.4,6.0
2024-01-23 02:00:00,32.0,120.5,-4.1,6.0
2024-01-23 03:00:00,32.0,120.5,-3.0,6.0
2024-01-23 04:00:00,32.0,120.5,-2.0,6.0
2024-01-23 05:00:00,32.0,120.5,-1.6,6.0
2024-01-23 06:00:00,32.0,120.5,-1.2,6.0
2024-01-23 07:00:00,32.0,120.5,-1.2,6.0
2024-01-23 08:00:00,32.0,120.5,-1.1,6.0
2024-01-23 09:00:00,32.0,120.5,-1.9,6.0
2024-01-23 10:00:00,32.0,120.5,-3.0,6.0
2024-01-23 11:00:00,32.0,120.5,-3.6,6.0
2024-01-23 12:00:00,32.0,120.5,-3.9,6.0
2024-01-23 13:00:00,32.0,120.5,-4.0,6.0
2024-01-23 14:00:00,32.0,120.5,-4.0,6.0
2024-01-23 15:00:00,32.0,120.5,-3.7,6.0
2024-01-23 16:00:00,32.0,120.5,-3.7,6.0
2024-01-23 17:00:00,32.0,120.5,-3.7,6.0
2024-01-23 18:00:00,32.0,120.5,-3.7,6.0
2024-01-23 19:00:00,32.0,120.5,-3.8,6.0
2024-01-23 20:00:00,32.0,120.5,-3.8,6.0
2024-01-23 21:00:00,32.0,120.5,-3.9,6.0
2024-01-23 22:00:00,32.0,120.5,-4.0,6.0
2024-01-23 23:00:00,32.0,120.5,-4.2,6.0
2024-01-24 00:00:00,32.0,120.5,-3.1,6.0
2024-01-24 01:00:00,32.0,120.5,-1.3,6.0
2024-01-24 02:00:00,32.0,120.5,0.3,6.0
2024-01-24 03:00:00,32.0,120.5,1.5,6.0
2024-01-24 04:00:00,32.0,120.5,2.6,6.0
2024-01-24 05:00:00,32.0,120.5,3.3,6.0
2024-01-24 06:00:00,32.0,120.5,3.7,6.0
2024-01-24 07:00:00,32.0,120.5,3.7,6.0
2024-01-24 08:00:00,32.0,120.5,3.1,6.0
2024-01-24 09:00:00,32.0,120.5,0.9,6.0
2024-01-24 10:00:00,32.0,120.5,-0.8,6.0
2024-01-24 11:00:00,32.0,120.5,-1.5,6.0
2024-01-24 12:00:00,32.0,120.5,-1.8,6.0
2024-01-24 13:00:00,32.0,120.5,-2.0,6.0
2024-01-24 14:00:00,32.0,120.5,-2.2,6.0
2024-01-24 15:00:00,32.0,120.5,-2.4,6.0
2024-01-24 16:00:00,32.0,120.5,-2.6,6.0
2024-01-24 17:00:00,32.0,120.5,-2.7,6.0
2024-01-24 18:00:00,32.0,120.5,-2.7,6.0
2024-01-24 19:00:00,32.0,120.5,-2.7,6.0
2024-01-24 20:00:00,32.0,120.5,-2.8,6.0
2024-01-24 21:00:00,32.0,120.5,-2.8,6.0
2024-01-24 22:00:00,32.0,120.5,-2.5,6.0
2024-01-24 23:00:00,32.0,120.5,-2.4,6.0
2024-01-22 00:00:00,32.0,120.75,-2.3,0.0
2024-01-22 01:00:00,32.0,120.75,-2.1,0.0
2024-01-22 02:00:00,32.0,120.75,-1.6,0.0
2024-01-22 03:00:00,32.0,120.75,-1.2,0.0
2024-01-22 04:00:00,32.0,120.75,-0.9,0.0
2024-01-22 05:00:00,32.0,120.75,-0.5,0.0
2024-01-22 06:00:00,32.0,120.75,-0.6,0.0
2024-01-22 07:00:00,32.0,120.75,-0.5,0.0
2024-01-22 08:00:00,32.0,120.75,-0.6,0.0
2024-01-22 09:00:00,32.0,120.75,-0.8,0.0
2024-01-22 10:00:00,32.0,120.75,-1.3,0.0
2024-01-22 11:00:00,32.0,120.75,-1.5,0.0
2024-01-22 12:00:00,32.0,120.75,-2.0,0.0
2024-01-22 13:00:00,32.0,120.75,-2.5,0.0
2024-01-22 14:00:00,32.0,120.75,-2.9,0.0
2024-01-22 15:00:00,32.0,120.75,-3.1,0.0
2024-01-22 16:00:00,32.0,120.75,-3.3,0.0
2024-01-22 17:00:00,32.0,120.75,-3.5,0.0
2024-01-22 18:00:00,32.0,120.75,-4.0,0.0
2024-01-22 19:00:00,32.0,120.75,-4.5,0.0
2024-01-22 20:00:00,32.0,120.75,-4.9,0.0
2024-01-22 21:00:00,32.0,120.75,-5.2,0.0
2024-01-22 22:00:00,32.0,120.75,-5.4,0.0
2024-01-22 23:00:00,32.0,120.75,-5.6,0.0
2024-01-23 00:00:00,32.0,120.75,-5.5,0.0
2024-01-23 01:00:00,32.0,120.75,-4.9,0.0
2024-01-23 02:00:00,32.0,120.75,-4.0,0.0
2024-01-23 03:00:00,32.0,120.75,-3.0,0.0
2024-01-23 04:00:00,32.0,120.75,-2.2,0.0
2024-01-23 05:00:00,32.0,120.75,-1.5,0.0
2024-01-23 06:00:00,32.0,120.75,-1.2,0.0
2024-01-23 07:00:00,32.0,120.75,-0.8,0.0
2024-01-23 08:00:00,32.0,120.75,-0.5,0.0
2024-01-23 09:00:00,32.0,120.75,-0.8,0.0
2024-01-23 10:00:00,32.0,120.75,-1.2,0.0
2024-01-23 11:00:00,32.0,120.75,-1.5,0.0
2024-01-23 12:00:00,32.0,120.75,-1.7,0.0
2024-01-23 13:00:00,32.0,120.75,-1.7,0.0
2024-01-23 14:00:00,32.0,120.75,-1.7,0.0
2024-01-23 15:00:00,32.0,120.75,-1.8,0.0
2024-01-23 16:00:00,32.0,120.75,-1.8,0.0
2024-01-23 17:00:00,32.0,120.75,-1.8,0.0
2024-01-23 18:00:00,32.0,120.75,-2.0,0.0
2024-01-23 19:00:00,32.0,120.75,-2.0,0.0
2024-01-23 20:00:00,32.0,120.75,-2.2,0.0
2024-01-23 21:00:00,32.0,120.75,-2.2,0.0
2024-01-23 22:00:00,32.0,120.75,-2.2,0.0
2024-01-23 23:00:00,32.0,120.75,-2.3,0.0
2024-01-24 00:00:00,32.0,120.75,-2.1,0.0
2024-01-24 01:00:00,32.0,120.75,-1.2,0.0
2024-01-24 02:00:00,32.0,120.75,-0.2,0.0
2024-01-24 03:00:00,32.0,120.75,1.0,0.0
2024-01-24 04:00:00,32.0,120.75,1.9,0.0
2024-01-24 05:00:00,32.0,120.75,2.7,0.0
2024-01-24 06:00:00,32.0,120.75,3.3,0.0
2024-01-24 07:00:00,32.0,120.75,3.7,0.0
2024-01-24 08:00:00,32.0,120.75,3.6,0.0
2024-01-24 09:00:00,32.0,120.75,3.2,0.0
2024-01-24 10:00:00,32.0,120.75,2.5,0.0
2024-01-24 11:00:00,32.0,120.75,1.8,0.0
2024-01-24 12:00:00,32.0,120.75,1.4,0.0
2024-01-24 13:00:00,32.0,120.75,1.0,0.0
2024-01-24 14:00:00,32.0,120.75,0.5,0.0
2024-01-24 15:00:00,32.0,120.75,0.1,0.0
2024-01-24 16:00:00,32.0,120.75,0.0,0.0
2024-01-24 17:00:00,32.0,120.75,-0.0,0.0
2024-01-24 18:00:00,32.0,120.75,-0.1,0.0
2024-01-24 19:00:00,32.0,120.75,-0.2,0.0
2024-01-24 20:00:00,32.0,120.75,-0.4,0.0
2024-01-24 21:00:00,32.0,120.75,-0.5,0.0
2024-01-24 22:00:00,32.0,120.75,-0.4,0.0
2024-01-24 23:00:00,32.0,120.75,-0.4,0.0
2024-01-22 00:00:00,32.0,121.0,-2.6,3.0
2024-01-22 01:00:00,32.0,121.0,-2.0,3.0
2024-01-22 02:00:00,32.0,121.0,-1.4,3.0
2024-01-22 03:00:00,32.0,121.0,-0.7,3.0
2024-01-22 04:00:00,32.0,121.0,-0.3,3.0
2024-01-22 05:00:00,32.0,121.0,-0.2,3.0
2024-01-22 06:00:00,32.0,121.0,-0.6,3.0
2024-01-22 07:00:00,32.0,121.0,-0.6,3.0
2024-01-22 08:00:00,32.0,121.0,-0.9,3.0
2024-01-22 09:00:00,32.0,121.0,-1.5,3.0
2024-01-22 10:00:00,32.0,121.0,-2.2,3.0
2024-01-22 11:00:00,32.0,121.0,-2.7,3.0
2024-01-22 12:00:00,32.0,121.0,-2.8,3.0
2024-01-22 13:00:00,32.0,121.0,-3.1,3.0
2024-01-22 14:00:00,32.0,121.0,-3.5,3.0
2024-01-22 15:00:00,32.0,121.0,-3.8,3.0
2024-01-22 16:00:00,32.0,121.0,-4.1,3.0
2024-01-22 17:00:00,32.0,121.0,-4.3,3.0
2024-01-22 18:00:00,32.0,121.0,-4.9,3.0
2024-01-22 19:00:00,32.0,121.0,-5.3,3.0
2024-01-22 20:00:00,32.0,121.0,-5.6,3.0
2024-01-22 21:00:00,32.0,121.0,-5.9,3.0
2024-01-22 22:00:00,32.0,121.0,-6.1,3.0
2024-01-22 23:00:00,32.0,121.0,-6.2,3.0
2024-01-23 00:00:00,32.0,121.0,-6.0,3.0
2024-01-23 01:00:00,32.0,121.0,-5.0,3.0
2024-01-23 02:00:00,32.0,121.0,-3.7,3.0
2024-01-23 03:00:00,32.0,121.0,-2.5,3.0
2024-01-23 04:00:00,32.0,121.0,-1.5,3.0
2024-01-23 05:00:00,32.0,121.0,-0.9,3.0
2024-01-23 06:00:00,32.0,121.0,-0.8,3.0
2024-01-23 07:00:00,32.0,121.0,-0.9,3.0
2024-01-23 08:00:00,32.0,121.0,-1.1,3.0
2024-01-23 09:00:00,32.0,121.0,-1.9,3.0
2024-01-23 10:00:00,32.0,121.0,-2.9,3.0
2024-01-23 11:00:00,32.0,121.0,-3.4,3.0
2024-01-23 12:00:00,32.0,121.0,-3.9,3.0
2024-01-23 13:00:00,32.0,121.0,-4.0,3.0
2024-01-23 14:00:00,32.0,121.0,-3.9,3.0
2024-01-23 15:00:00,32.0,121.0,-3.6,3.0
2024-01-23 16:00:00,32.0,121.0,-3.8,3.0
2024-01-23 17:00:00,32.0,121.0,-3.7,3.0
2024-01-23 18:00:00,32.0,121.0,-3.7,3.0
2024-01-23 19:00:00,32.0,121.0,-3.7,3.0
2024-01-23 20:00:00,32.0,121.0,-3.7,3.0
2024-01-23 21:00:00,32.0,121.0,-3.8,3.0
2024-01-23 22:00:00,32.0,121.0,-3.9,3.0
2024-01-23 23:00:00,32.0,121.0,-4.0,3.0
2024-01-24 00:00:00,32.0,121.0,-3.1,3.0
2024-01-24 01:00:00,32.0,121.0,-1.4,3.0
2024-01-24 02:00:00,32.0,121.0,0.2,3.0
2024-01-24 03:00:00,32.0,121.0,1.6,3.0
2024-01-24 04:00:00,32.0,121.0,2.6,3.0
2024-01-24 05:00:00,32.0,121.0,3.3,3.0
2024-01-24 06:00:00,32.0,121.0,3.7,3.0
2024-01-24 07:00:00,32.0,121.0,3.6,3.0
2024-01-24 08:00:00,32.0,121.0,3.1,3.0
2024-01-24 09:00:00,32.0,121.0,0.8,3.0
2024-01-24 10:00:00,32.0,121.0,-0.8,3.0
2024-01-24 11:00:00,32.0,121.0,-1.4,3.0
2024-01-24 12:00:00,32.0,121.0,-1.6,3.0
2024-01-24 13:00:00,32.0,121.0,-1.8,3.0
2024-01-24 14:00:00,32.0,121.0,-2.1,3.0
2024-01-24 15:00:00,32.0,121.0,-2.3,3.0
2024-01-24 16:00:00,32.0,121.0,-2.4,3.0
2024-01-24 17:00:00,32.0,121.0,-2.5,3.0
2024-01-24 18:00:00,32.0,121.0,-2.5,3.0
2024-01-24 19:00:00,32.0,121.0,-2.6,3.0
2024-01-24 20:00:00,32.0,121.0,-2.7,3.0
2024-01-24 21:00:00,32.0,121.0,-2.8,3.0
2024-01-24 22:00:00,32.0,121.0,-2.7,3.0
2024-01-24 23:00:00,32.0,121.0,-2.5,3.0
2024-01-22 00:00:00,32.0,121.25,-2.3,3.0
2024-01-22 01:00:00,32.0,121.25,-1.9,3.0
2024-01-22 02:00:00,32.0,121.25,-1.1,3.0
2024-01-22 03:00:00,32.0,121.25,-0.5,3.0
2024-01-22 04:00:00,32.0,121.25,-0.2,3.0
2024-01-22 05:00:00,32.0,121.25,0.1,3.0
2024-01-22 06:00:00,32.0,121.25,-0.3,3.0
2024-01-22 07:00:00,32.0,121.25,-0.7,3.0
2024-01-22 08:00:00,32.0,121.25,-0.8,3.0
2024-01-22 09:00:00,32.0,121.25,-1.6,3.0
2024-01-22 10:00:00,32.0,121.25,-2.0,3.0
2024-01-22 11:00:00,32.0,121.25,-2.4,3.0
2024-01-22 12:00:00,32.0,121.25,-3.0,3.0
2024-01-22 13:00:00,32.0,121.25,-3.1,3.0
2024-01-22 14:00:00,32.0,121.25,-3.5,3.0
2024-01-22 15:00:00,32.0,121.25,-4.0,3.0
2024-01-22 16:00:00,32.0,121.25,-4.2,3.0
2024-01-22 17:00:00,32.0,121.25,-4.3,3.0
2024-01-22 18:00:00,32.0,121.25,-4.7,3.0
2024-01-22 19:00:00,32.0,121.25,-5.1,3.0
2024-01-22 20:00:00,32.0,121.25,-5.3,3.0
2024-01-22 21:00:00,32.0,121.25,-5.7,3.0
2024-01-22 22:00:00,32.0,121.25,-6.0,3.0
2024-01-22 23:00:00,32.0,121.25,-6.3,3.0
2024-01-23 00:00:00,32.0,121.25,-6.0,3.0
2024-01-23 01:00:00,32.0,121.25,-4.9,3.0
2024-01-23 02:00:00,32.0,121.25,-3.7,3.0
2024-01-23 03:00:00,32.0,121.25,-2.4,3.0
2024-01-23 04:00:00,32.0,121.25,-1.3,3.0
2024-01-23 05:00:00,32.0,121.25,-0.7,3.0
2024-01-23 06:00:00,32.0,121.25,-0.6,3.0
2024-01-23 07:00:00,32.0,121.25,-0.8,3.0
2024-01-23 08:00:00,32.0,121.25,-1.1,3.0
2024-01-23 09:00:00,32.0,121.25,-2.0,3.0
2024-01-23 10:00:00,32.0,121.25,-3.0,3.0
2024-01-23 11:00:00,32.0,121.25,-3.4,3.0
2024-01-23 12:00:00,32.0,121.25,-3.7,3.0
2024-01-23 13:00:00,32.0,121.25,-4.0,3.0
2024-01-23 14:00:00,32.0,121.25,-4.1,3.0
2024-01-23 15:00:00,32.0,121.25,-4.1,3.0
2024-01-23 16:00:00,32.0,121.25,-4.1,3.0
2024-01-23 17:00:00,32.0,121.25,-4.1,3.0
2024-01-23 18:00:00,32.0,121.25,-3.9,3.0
2024-01-23 19:00:00,32.0,121.25,-4.0,3.0
2024-01-23 20:00:00,32.0,121.25,-4.0,3.0
2024-01-23 21:00:00,32.0,121.25,-4.0,3.0
2024-01-23 22:00:00,32.0,121.25,-4.0,3.0
2024-01-23 23:00:00,32.0,121.25,-4.2,3.0
2024-01-24 00:00:00,32.0,121.25,-3.4,3.0
2024-01-24 01:00:00,32.0,121.25,-1.7,3.0
2024-01-24 02:00:00,32.0,121.25,-0.1,3.0
2024-01-24 03:00:00,32.0,121.25,1.4,3.0
2024-01-24 04:00:00,32.0,121.25,2.6,3.0
2024-01-24 05:00:00,32.0,121.25,3.4,3.0
2024-01-24 06:00:00,32.0,121.25,3.6,3.0
2024-01-24 07:00:00,32.0,121.25,3.5,3.0
2024-01-24 08:00:00,32.0,121.25,2.8,3.0
2024-01-24 09:00:00,32.0,121.25,0.4,3.0
2024-01-24 10:00:00,32.0,121.25,-1.3,3.0
2024-01-24 11:00:00,32.0,121.25,-1.6,3.0
2024-01-24 12:00:00,32.0,121.25,-1.8,3.0
2024-01-24 13:00:00,32.0,121.25,-1.9,3.0
2024-01-24 14:00:00,32.0,121.25,-2.1,3.0
2024-01-24 15:00:00,32.0,121.25,-2.2,3.0
2024-01-24 16:00:00,32.0,121.25,-2.3,3.0
2024-01-24 17:00:00,32.0,121.25,-2.4,3.0
2024-01-24 18:00:00,32.0,121.25,-2.4,3.0
2024-01-24 19:00:00,32.0,121.25,-2.5,3.0
2024-01-24 20:00:00,32.0,121.25,-2.6,3.0
2024-01-24 21:00:00,32.0,121.25,-2.7,3.0
2024-01-24 22:00:00,32.0,121.25,-2.7,3.0
2024-01-24 23:00:00,32.0,121.25,-2.5,3.0
2024-01-22 00:00:00,32.0,121.5,-0.1,3.0
2024-01-22 01:00:00,32.0,121.5,0.2,3.0
2024-01-22 02:00:00,32.0,121.5,0.1,3.0
2024-01-22 03:00:00,32.0,121.5,0.4,3.0
2024-01-22 04:00:00,32.0,121.5,0.4,3.0
2024-01-22 05:00:00,32.0,121.5,0.4,3.0
2024-01-22 06:00:00,32.0,121.5,-0.0,3.0
2024-01-22 07:00:00,32.0,121.5,-0.2,3.0
2024-01-22 08:00:00,32.0,121.5,-0.4,3.0
2024-01-22 09:00:00,32.0,121.5,-1.1,3.0
2024-01-22 10:00:00,32.0,121.5,-1.3,3.0
2024-01-22 11:00:00,32.0,121.5,-1.2,3.0
2024-01-22 12:00:00,32.0,121.5,-1.8,3.0
2024-01-22 13:00:00,32.0,121.5,-3.0,3.0
2024-01-22 14:00:00,32.0,121.5,-3.2,3.0
2024-01-22 15:00:00,32.0,121.5,-3.1,3.0
2024-01-22 16:00:00,32.0,121.5,-3.7,3.0
2024-01-22 17:00:00,32.0,121.5,-3.7,3.0
2024-01-22 18:00:00,32.0,121.5,-3.8,3.0
2024-01-22 19:00:00,32.0,121.5,-3.9,3.0
2024-01-22 20:00:00,32.0,121.5,-4.0,3.0
2024-01-22 21:00:00,32.0,121.5,-4.5,3.0
2024-01-22 22:00:00,32.0,121.5,-4.9,3.0
2024-01-22 23:00:00,32.0,121.5,-5.4,3.0
2024-01-23 00:00:00,32.0,121.5,-5.0,3.0
2024-01-23 01:00:00,32.0,121.5,-4.1,3.0
2024-01-23 02:00:00,32.0,121.5,-3.0,3.0
2024-01-23 03:00:00,32.0,121.5,-2.2,3.0
2024-01-23 04:00:00,32.0,121.5,-1.4,3.0
2024-01-23 05:00:00,32.0,121.5,-0.9,3.0
2024-01-23 06:00:00,32.0,121.5,-0.8,3.0
2024-01-23 07:00:00,32.0,121.5,-1.0,3.0
2024-01-23 08:00:00,32.0,121.5,-1.0,3.0
2024-01-23 09:00:00,32.0,121.5,-2.0,3.0
2024-01-23 10:00:00,32.0,121.5,-2.6,3.0
2024-01-23 11:00:00,32.0,121.5,-3.0,3.0
2024-01-23 12:00:00,32.0,121.5,-3.4,3.0
2024-01-23 13:00:00,32.0,121.5,-3.6,3.0
2024-01-23 14:00:00,32.0,121.5,-3.7,3.0
2024-01-23 15:00:00,32.0,121.5,-4.1,3.0
2024-01-23 16:00:00,32.0,121.5,-4.0,3.0
2024-01-23 17:00:00,32.0,121.5,-3.9,3.0
2024-01-23 18:00:00,32.0,121.5,-3.9,3.0
2024-01-23 19:00:00,32.0,121.5,-3.9,3.0
2024-01-23 20:00:00,32.0,121.5,-4.0,3.0
2024-01-23 21:00:00,32.0,121.5,-4.0,3.0
2024-01-23 22:00:00,32.0,121.5,-4.0,3.0
2024-01-23 23:00:00,32.0,121.5,-4.0,3.0
2024-01-24 00:00:00,32.0,121.5,-3.2,3.0
2024-01-24 01:00:00,32.0,121.5,-1.6,3.0
2024-01-24 02:00:00,32.0,121.5,-0.1,3.0
2024-01-24 03:00:00,32.0,121.5,1.2,3.0
2024-01-24 04:00:00,32.0,121.5,2.1,3.0
2024-01-24 05:00:00,32.0,121.5,2.6,3.0
2024-01-24 06:00:00,32.0,121.5,2.7,3.0
2024-01-24 07:00:00,32.0,121.5,2.5,3.0
2024-01-24 08:00:00,32.0,121.5,1.8,3.0
2024-01-24 09:00:00,32.0,121.5,0.6,3.0
2024-01-24 10:00:00,32.0,121.5,-0.6,3.0
2024-01-24 11:00:00,32.0,121.5,-0.7,3.0
2024-01-24 12:00:00,32.0,121.5,-0.8,3.0
2024-01-24 13:00:00,32.0,121.5,-1.1,3.0
2024-01-24 14:00:00,32.0,121.5,-1.6,3.0
2024-01-24 15:00:00,32.0,121.5,-1.7,3.0
2024-01-24 16:00:00,32.0,121.5,-1.8,3.0
2024-01-24 17:00:00,32.0,121.5,-1.9,3.0
2024-01-24 18:00:00,32.0,121.5,-2.0,3.0
2024-01-24 19:00:00,32.0,121.5,-2.2,3.0
2024-01-24 20:00:00,32.0,121.5,-2.3,3.0
2024-01-24 21:00:00,32.0,121.5,-2.3,3.0
2024-01-24 22:00:00,32.0,121.5,-2.3,3.0
2024-01-24 23:00:00,32.0,121.5,-2.2,3.0
2024-01-22 00:00:00,32.0,121.75,0.8,3.0
2024-01-22 01:00:00,32.0,121.75,1.1,3.0
2024-01-22 02:00:00,32.0,121.75,1.1,3.0
2024-01-22 03:00:00,32.0,121.75,1.0,3.0
2024-01-22 04:00:00,32.0,121.75,0.8,3.0
2024-01-22 05:00:00,32.0,121.75,0.6,3.0
2024-01-22 06:00:00,32.0,121.75,0.5,3.0
2024-01-22 07:00:00,32.0,121.75,0.3,3.0
2024-01-22 08:00:00,32.0,121.75,0.1,3.0
2024-01-22 09:00:00,32.0,121.75,-0.4,3.0
2024-01-22 10:00:00,32.0,121.75,-0.7,3.0
2024-01-22 11:00:00,32.0,121.75,-0.5,3.0
2024-01-22 12:00:00,32.0,121.75,-0.6,3.0
2024-01-22 13:00:00,32.0,121.75,-0.9,3.0
2024-01-22 14:00:00,32.0,121.75,-2.2,3.0
2024-01-22 15:00:00,32.0,121.75,-2.7,3.0
2024-01-22 16:00:00,32.0,121.75,-2.7,3.0
2024-01-22 17:00:00,32.0,121.75,-2.5,3.0
2024-01-22 18:00:00,32.0,121.75,-2.8,3.0
2024-01-22 19:00:00,32.0,121.75,-2.7,3.0
2024-01-22 20:00:00,32.0,121.75,-2.8,3.0
2024-01-22 21:00:00,32.0,121.75,-3.1,3.0
2024-01-22 22:00:00,32.0,121.75,-3.6,3.0
2024-01-22 23:00:00,32.0,121.75,-4.1,3.0
2024-01-23 00:00:00,32.0,121.75,-4.2,3.0
2024-01-23 01:00:00,32.0,121.75,-3.0,3.0
2024-01-23 02:00:00,32.0,121.75,-2.1,3.0
2024-01-23 03:00:00,32.0,121.75,-1.7,3.0
2024-01-23 04:00:00,32.0,121.75,-1.5,3.0
2024-01-23 05:00:00,32.0,121.75,-1.1,3.0
2024-01-23 06:00:00,32.0,121.75,-1.2,3.0
2024-01-23 07:00:00,32.0,121.75,-1.3,3.0
2024-01-23 08:00:00,32.0,121.75,-1.3,3.0
2024-01-23 09:00:00,32.0,121.75,-1.6,3.0
2024-01-23 10:00:00,32.0,121.75,-2.0,3.0
2024-01-23 11:00:00,32.0,121.75,-2.1,3.0
2024-01-23 12:00:00,32.0,121.75,-2.6,3.0
2024-01-23 13:00:00,32.0,121.75,-2.9,3.0
2024-01-23 14:00:00,32.0,121.75,-2.9,3.0
2024-01-23 15:00:00,32.0,121.75,-3.3,3.0
2024-01-23 16:00:00,32.0,121.75,-3.4,3.0
2024-01-23 17:00:00,32.0,121.75,-3.4,3.0
2024-01-23 18:00:00,32.0,121.75,-3.5,3.0
2024-01-23 19:00:00,32.0,121.75,-3.5,3.0
2024-01-23 20:00:00,32.0,121.75,-3.6,3.0
2024-01-23 21:00:00,32.0,121.75,-3.6,3.0
2024-01-23 22:00:00,32.0,121.75,-3.6,3.0
2024-01-23 23:00:00,32.0,121.75,-3.5,3.0
2024-01-24 00:00:00,32.0,121.75,-2.8,3.0
2024-01-24 01:00:00,32.0,121.75,-1.1,3.0
2024-01-24 02:00:00,32.0,121.75,0.5,3.0
2024-01-24 03:00:00,32.0,121.75,1.4,3.0
2024-01-24 04:00:00,32.0,121.75,1.8,3.0
2024-01-24 05:00:00,32.0,121.75,2.0,3.0
2024-01-24 06:00:00,32.0,121.75,2.0,3.0
2024-01-24 07:00:00,32.0,121.75,2.1,3.0
2024-01-24 08:00:00,32.0,121.75,2.0,3.0
2024-01-24 09:00:00,32.0,121.75,1.2,3.0
2024-01-24 10:00:00,32.0,121.75,0.2,3.0
2024-01-24 11:00:00,32.0,121.75,0.1,3.0
2024-01-24 12:00:00,32.0,121.75,-0.1,3.0
2024-01-24 13:00:00,32.0,121.75,-0.2,3.0
2024-01-24 14:00:00,32.0,121.75,-0.5,3.0
2024-01-24 15:00:00,32.0,121.75,-0.9,3.0
2024-01-24 16:00:00,32.0,121.75,-1.2,3.0
2024-01-24 17:00:00,32.0,121.75,-1.2,3.0
2024-01-24 18:00:00,32.0,121.75,-1.2,3.0
2024-01-24 19:00:00,32.0,121.75,-1.3,3.0
2024-01-24 20:00:00,32.0,121.75,-1.5,3.0
2024-01-24 21:00:00,32.0,121.75,-1.5,3.0
2024-01-24 22:00:00,32.0,121.75,-1.5,3.0
2024-01-24 23:00:00,32.0,121.75,-1.5,3.0
2024-01-22 00:00:00,32.0,122.0,1.6,0.0
2024-01-22 01:00:00,32.0,122.0,1.5,0.0
2024-01-22 02:00:00,32.0,122.0,1.3,0.0
2024-01-22 03:00:00,32.0,122.0,1.1,0.0
2024-01-22 04:00:00,32.0,122.0,1.0,0.0
2024-01-22 05:00:00,32.0,122.0,0.8,0.0
2024-01-22 06:00:00,32.0,122.0,0.7,0.0
2024-01-22 07:00:00,32.0,122.0,0.6,0.0
2024-01-22 08:00:00,32.0,122.0,0.5,0.0
2024-01-22 09:00:00,32.0,122.0,0.4,0.0
2024-01-22 10:00:00,32.0,122.0,0.4,0.0
2024-01-22 11:00:00,32.0,122.0,0.6,0.0
2024-01-22 12:00:00,32.0,122.0,0.4,0.0
2024-01-22 13:00:00,32.0,122.0,0.4,0.0
2024-01-22 14:00:00,32.0,122.0,0.4,0.0
2024-01-22 15:00:00,32.0,122.0,0.3,0.0
2024-01-22 16:00:00,32.0,122.0,-0.3,0.0
2024-01-22 17:00:00,32.0,122.0,-0.2,0.0
2024-01-22 18:00:00,32.0,122.0,-0.3,0.0
2024-01-22 19:00:00,32.0,122.0,-0.3,0.0
2024-01-22 20:00:00,32.0,122.0,-0.4,0.0
2024-01-22 21:00:00,32.0,122.0,-0.7,0.0
2024-01-22 22:00:00,32.0,122.0,-0.7,0.0
2024-01-22 23:00:00,32.0,122.0,-0.7,0.0
2024-01-23 00:00:00,32.0,122.0,-0.6,0.0
2024-01-23 01:00:00,32.0,122.0,-0.6,0.0
2024-01-23 02:00:00,32.0,122.0,-0.7,0.0
2024-01-23 03:00:00,32.0,122.0,-0.6,0.0
2024-01-23 04:00:00,32.0,122.0,-1.1,0.0
2024-01-23 05:00:00,32.0,122.0,-0.9,0.0
2024-01-23 06:00:00,32.0,122.0,-0.8,0.0
2024-01-23 07:00:00,32.0,122.0,-0.7,0.0
2024-01-23 08:00:00,32.0,122.0,-0.6,0.0
2024-01-23 09:00:00,32.0,122.0,-0.3,0.0
2024-01-23 10:00:00,32.0,122.0,0.2,0.0
2024-01-23 11:00:00,32.0,122.0,0.5,0.0
2024-01-23 12:00:00,32.0,122.0,0.6,0.0
2024-01-23 13:00:00,32.0,122.0,0.6,0.0
2024-01-23 14:00:00,32.0,122.0,0.6,0.0
2024-01-23 15:00:00,32.0,122.0,0.7,0.0
2024-01-23 16:00:00,32.0,122.0,0.6,0.0
2024-01-23 17:00:00,32.0,122.0,0.7,0.0
2024-01-23 18:00:00,32.0,122.0,0.9,0.0
2024-01-23 19:00:00,32.0,122.0,1.0,0.0
2024-01-23 20:00:00,32.0,122.0,1.1,0.0
2024-01-23 21:00:00,32.0,122.0,1.2,0.0
2024-01-23 22:00:00,32.0,122.0,1.2,0.0
2024-01-23 23:00:00,32.0,122.0,1.2,0.0
2024-01-24 00:00:00,32.0,122.0,1.3,0.0
2024-01-24 01:00:00,32.0,122.0,1.5,0.0
2024-01-24 02:00:00,32.0,122.0,1.7,0.0
2024-01-24 03:00:00,32.0,122.0,1.9,0.0
2024-01-24 04:00:00,32.0,122.0,2.0,0.0
2024-01-24 05:00:00,32.0,122.0,1.9,0.0
2024-01-24 06:00:00,32.0,122.0,1.9,0.0
2024-01-24 07:00:00,32.0,122.0,1.9,0.0
2024-01-24 08:00:00,32.0,122.0,2.2,0.0
2024-01-24 09:00:00,32.0,122.0,2.5,0.0
2024-01-24 10:00:00,32.0,122.0,2.8,0.0
2024-01-24 11:00:00,32.0,122.0,2.9,0.0
2024-01-24 12:00:00,32.0,122.0,2.9,0.0
2024-01-24 13:00:00,32.0,122.0,2.9,0.0
2024-01-24 14:00:00,32.0,122.0,3.0,0.0
2024-01-24 15:00:00,32.0,122.0,3.0,0.0
2024-01-24 16:00:00,32.0,122.0,2.9,0.0
2024-01-24 17:00:00,32.0,122.0,2.9,0.0
2024-01-24 18:00:00,32.0,122.0,3.0,0.0
2024-01-24 19:00:00,32.0,122.0,3.1,0.0
2024-01-24 20:00:00,32.0,122.0,3.1,0.0
2024-01-24 21:00:00,32.0,122.0,3.2,0.0
2024-01-24 22:00:00,32.0,122.0,3.2,0.0
2024-01-24 23:00:00,32.0,122.0,3.3,0.0
2024-01-22 00:00:00,32.25,116.5,-3.3,26.0
2024-01-22 01:00:00,32.25,116.5,-3.1,26.0
2024-01-22 02:00:00,32.25,116.5,-2.5,26.0
2024-01-22 03:00:00,32.25,116.5,-1.9,26.0
2024-01-22 04:00:00,32.25,116.5,-1.6,26.0
2024-01-22 05:00:00,32.25,116.5,-1.3,26.0
2024-01-22 06:00:00,32.25,116.5,-1.4,26.0
2024-01-22 07:00:00,32.25,116.5,-1.5,26.0
2024-01-22 08:00:00,32.25,116.5,-1.8,26.0
2024-01-22 09:00:00,32.25,116.5,-2.2,26.0
2024-01-22 10:00:00,32.25,116.5,-2.5,26.0
2024-01-22 11:00:00,32.25,116.5,-2.6,26.0
2024-01-22 12:00:00,32.25,116.5,-3.1,26.0
2024-01-22 13:00:00,32.25,116.5,-3.3,26.0
2024-01-22 14:00:00,32.25,116.5,-3.7,26.0
2024-01-22 15:00:00,32.25,116.5,-3.9,26.0
2024-01-22 16:00:00,32.25,116.5,-4.1,26.0
2024-01-22 17:00:00,32.25,116.5,-4.4,26.0
2024-01-22 18:00:00,32.25,116.5,-4.8,26.0
2024-01-22 19:00:00,32.25,116.5,-5.1,26.0
2024-01-22 20:00:00,32.25,116.5,-5.4,26.0
2024-01-22 21:00:00,32.25,116.5,-5.7,26.0
2024-01-22 22:00:00,32.25,116.5,-5.9,26.0
2024-01-22 23:00:00,32.25,116.5,-5.9,26.0
2024-01-23 00:00:00,32.25,116.5,-5.7,26.0
2024-01-23 01:00:00,32.25,116.5,-4.8,26.0
2024-01-23 02:00:00,32.25,116.5,-4.0,26.0
2024-01-23 03:00:00,32.25,116.5,-3.0,26.0
2024-01-23 04:00:00,32.25,116.5,-2.0,26.0
2024-01-23 05:00:00,32.25,116.5,-1.2,26.0
2024-01-23 06:00:00,32.25,116.5,-0.6,26.0
2024-01-23 07:00:00,32.25,116.5,-0.3,26.0
2024-01-23 08:00:00,32.25,116.5,-0.4,26.0
2024-01-23 09:00:00,32.25,116.5,-1.0,26.0
2024-01-23 10:00:00,32.25,116.5,-2.5,26.0
2024-01-23 11:00:00,32.25,116.5,-2.9,26.0
2024-01-23 12:00:00,32.25,116.5,-3.0,26.0
2024-01-23 13:00:00,32.25,116.5,-3.1,26.0
2024-01-23 14:00:00,32.25,116.5,-3.2,26.0
2024-01-23 15:00:00,32.25,116.5,-3.2,26.0
2024-01-23 16:00:00,32.25,116.5,-3.3,26.0
2024-01-23 17:00:00,32.25,116.5,-3.3,26.0
2024-01-23 18:00:00,32.25,116.5,-3.4,26.0
2024-01-23 19:00:00,32.25,116.5,-3.4,26.0
2024-01-23 20:00:00,32.25,116.5,-3.5,26.0
2024-01-23 21:00:00,32.25,116.5,-3.5,26.0
2024-01-23 22:00:00,32.25,116.5,-3.6,26.0
2024-01-23 23:00:00,32.25,116.5,-3.7,26.0
2024-01-24 00:00:00,32.25,116.5,-3.3,26.0
2024-01-24 01:00:00,32.25,116.5,-1.9,26.0
2024-01-24 02:00:00,32.25,116.5,-0.4,26.0
2024-01-24 03:00:00,32.25,116.5,0.8,26.0
2024-01-24 04:00:00,32.25,116.5,1.7,26.0
2024-01-24 05:00:00,32.25,116.5,2.5,26.0
2024-01-24 06:00:00,32.25,116.5,3.0,26.0
2024-01-24 07:00:00,32.25,116.5,3.2,26.0
2024-01-24 08:00:00,32.25,116.5,3.1,26.0
2024-01-24 09:00:00,32.25,116.5,1.9,26.0
2024-01-24 10:00:00,32.25,116.5,0.2,26.0
2024-01-24 11:00:00,32.25,116.5,-0.1,26.0
2024-01-24 12:00:00,32.25,116.5,-0.3,26.0
2024-01-24 13:00:00,32.25,116.5,-0.5,26.0
2024-01-24 14:00:00,32.25,116.5,-0.6,26.0
2024-01-24 15:00:00,32.25,116.5,-0.7,26.0
2024-01-24 16:00:00,32.25,116.5,-0.8,26.0
2024-01-24 17:00:00,32.25,116.5,-0.9,26.0
2024-01-24 18:00:00,32.25,116.5,-1.1,26.0
2024-01-24 19:00:00,32.25,116.5,-1.1,26.0
2024-01-24 20:00:00,32.25,116.5,-1.2,26.0
2024-01-24 21:00:00,32.25,116.5,-1.3,26.0
2024-01-24 22:00:00,32.25,116.5,-1.5,26.0
2024-01-24 23:00:00,32.25,116.5,-1.5,26.0
2024-01-22 00:00:00,32.25,116.75,-3.2,36.0
2024-01-22 01:00:00,32.25,116.75,-3.0,36.0
2024-01-22 02:00:00,32.25,116.75,-2.6,36.0
2024-01-22 03:00:00,32.25,116.75,-2.1,36.0
2024-01-22 04:00:00,32.25,116.75,-1.8,36.0
2024-01-22 05:00:00,32.25,116.75,-1.4,36.0
2024-01-22 06:00:00,32.25,116.75,-1.5,36.0
2024-01-22 07:00:00,32.25,116.75,-1.6,36.0
2024-01-22 08:00:00,32.25,116.75,-1.9,36.0
2024-01-22 09:00:00,32.25,116.75,-2.3,36.0
2024-01-22 10:00:00,32.25,116.75,-2.6,36.0
2024-01-22 11:00:00,32.25,116.75,-2.6,36.0
2024-01-22 12:00:00,32.25,116.75,-3.1,36.0
2024-01-22 13:00:00,32.25,116.75,-3.3,36.0
2024-01-22 14:00:00,32.25,116.75,-3.6,36.0
2024-01-22 15:00:00,32.25,116.75,-3.8,36.0
2024-01-22 16:00:00,32.25,116.75,-4.0,36.0
2024-01-22 17:00:00,32.25,116.75,-4.3,36.0
2024-01-22 18:00:00,32.25,116.75,-4.7,36.0
2024-01-22 19:00:00,32.25,116.75,-5.0,36.0
2024-01-22 20:00:00,32.25,116.75,-5.4,36.0
2024-01-22 21:00:00,32.25,116.75,-5.7,36.0
2024-01-22 22:00:00,32.25,116.75,-5.9,36.0
2024-01-22 23:00:00,32.25,116.75,-6.0,36.0
2024-01-23 00:00:00,32.25,116.75,-5.8,36.0
2024-01-23 01:00:00,32.25,116.75,-4.9,36.0
2024-01-23 02:00:00,32.25,116.75,-3.8,36.0
2024-01-23 03:00:00,32.25,116.75,-2.8,36.0
2024-01-23 04:00:00,32.25,116.75,-1.9,36.0
2024-01-23 05:00:00,32.25,116.75,-1.2,36.0
2024-01-23 06:00:00,32.25,116.75,-0.7,36.0
2024-01-23 07:00:00,32.25,116.75,-0.4,36.0
2024-01-23 08:00:00,32.25,116.75,-0.5,36.0
2024-01-23 09:00:00,32.25,116.75,-1.1,36.0
2024-01-23 10:00:00,32.25,116.75,-2.6,36.0
2024-01-23 11:00:00,32.25,116.75,-3.1,36.0
2024-01-23 12:00:00,32.25,116.75,-3.2,36.0
2024-01-23 13:00:00,32.25,116.75,-3.3,36.0
2024-01-23 14:00:00,32.25,116.75,-3.4,36.0
2024-01-23 15:00:00,32.25,116.75,-3.4,36.0
2024-01-23 16:00:00,32.25,116.75,-3.5,36.0
2024-01-23 17:00:00,32.25,116.75,-3.5,36.0
2024-01-23 18:00:00,32.25,116.75,-3.6,36.0
2024-01-23 19:00:00,32.25,116.75,-3.6,36.0
2024-01-23 20:00:00,32.25,116.75,-3.7,36.0
2024-01-23 21:00:00,32.25,116.75,-3.7,36.0
2024-01-23 22:00:00,32.25,116.75,-3.8,36.0
2024-01-23 23:00:00,32.25,116.75,-3.9,36.0
2024-01-24 00:00:00,32.25,116.75,-3.4,36.0
2024-01-24 01:00:00,32.25,116.75,-1.9,36.0
2024-01-24 02:00:00,32.25,116.75,-0.5,36.0
2024-01-24 03:00:00,32.25,116.75,0.7,36.0
2024-01-24 04:00:00,32.25,116.75,1.6,36.0
2024-01-24 05:00:00,32.25,116.75,2.3,36.0
2024-01-24 06:00:00,32.25,116.75,2.8,36.0
2024-01-24 07:00:00,32.25,116.75,3.0,36.0
2024-01-24 08:00:00,32.25,116.75,2.9,36.0
2024-01-24 09:00:00,32.25,116.75,1.7,36.0
2024-01-24 10:00:00,32.25,116.75,0.1,36.0
2024-01-24 11:00:00,32.25,116.75,-0.3,36.0
2024-01-24 12:00:00,32.25,116.75,-0.5,36.0
2024-01-24 13:00:00,32.25,116.75,-0.7,36.0
2024-01-24 14:00:00,32.25,116.75,-0.8,36.0
2024-01-24 15:00:00,32.25,116.75,-0.9,36.0
2024-01-24 16:00:00,32.25,116.75,-1.0,36.0
2024-01-24 17:00:00,32.25,116.75,-1.0,36.0
2024-01-24 18:00:00,32.25,116.75,-1.3,36.0
2024-01-24 19:00:00,32.25,116.75,-1.3,36.0
2024-01-24 20:00:00,32.25,116.75,-1.4,36.0
2024-01-24 21:00:00,32.25,116.75,-1.5,36.0
2024-01-24 22:00:00,32.25,116.75,-1.6,36.0
2024-01-24 23:00:00,32.25,116.75,-1.7,36.0
2024-01-22 00:00:00,32.25,117.0,-3.4,36.0
2024-01-22 01:00:00,32.25,117.0,-3.3,36.0
2024-01-22 02:00:00,32.25,117.0,-2.6,36.0
2024-01-22 03:00:00,32.25,117.0,-2.1,36.0
2024-01-22 04:00:00,32.25,117.0,-1.7,36.0
2024-01-22 05:00:00,32.25,117.0,-1.4,36.0
2024-01-22 06:00:00,32.25,117.0,-1.4,36.0
2024-01-22 07:00:00,32.25,117.0,-1.5,36.0
2024-01-22 08:00:00,32.25,117.0,-1.9,36.0
2024-01-22 09:00:00,32.25,117.0,-2.3,36.0
2024-01-22 10:00:00,32.25,117.0,-2.6,36.0
2024-01-22 11:00:00,32.25,117.0,-2.6,36.0
2024-01-22 12:00:00,32.25,117.0,-2.9,36.0
2024-01-22 13:00:00,32.25,117.0,-3.2,36.0
2024-01-22 14:00:00,32.25,117.0,-3.4,36.0
2024-01-22 15:00:00,32.25,117.0,-3.6,36.0
2024-01-22 16:00:00,32.25,117.0,-4.0,36.0
2024-01-22 17:00:00,32.25,117.0,-4.3,36.0
2024-01-22 18:00:00,32.25,117.0,-4.7,36.0
2024-01-22 19:00:00,32.25,117.0,-5.0,36.0
2024-01-22 20:00:00,32.25,117.0,-5.3,36.0
2024-01-22 21:00:00,32.25,117.0,-5.5,36.0
2024-01-22 22:00:00,32.25,117.0,-5.6,36.0
2024-01-22 23:00:00,32.25,117.0,-5.8,36.0
2024-01-23 00:00:00,32.25,117.0,-5.5,36.0
2024-01-23 01:00:00,32.25,117.0,-4.7,36.0
2024-01-23 02:00:00,32.25,117.0,-3.7,36.0
2024-01-23 03:00:00,32.25,117.0,-2.8,36.0
2024-01-23 04:00:00,32.25,117.0,-2.0,36.0
2024-01-23 05:00:00,32.25,117.0,-1.4,36.0
2024-01-23 06:00:00,32.25,117.0,-1.0,36.0
2024-01-23 07:00:00,32.25,117.0,-0.7,36.0
2024-01-23 08:00:00,32.25,117.0,-0.7,36.0
2024-01-23 09:00:00,32.25,117.0,-1.3,36.0
2024-01-23 10:00:00,32.25,117.0,-2.7,36.0
2024-01-23 11:00:00,32.25,117.0,-3.0,36.0
2024-01-23 12:00:00,32.25,117.0,-3.1,36.0
2024-01-23 13:00:00,32.25,117.0,-3.2,36.0
2024-01-23 14:00:00,32.25,117.0,-3.3,36.0
2024-01-23 15:00:00,32.25,117.0,-3.3,36.0
2024-01-23 16:00:00,32.25,117.0,-3.4,36.0
2024-01-23 17:00:00,32.25,117.0,-3.5,36.0
2024-01-23 18:00:00,32.25,117.0,-3.5,36.0
2024-01-23 19:00:00,32.25,117.0,-3.6,36.0
2024-01-23 20:00:00,32.25,117.0,-3.6,36.0
2024-01-23 21:00:00,32.25,117.0,-3.6,36.0
2024-01-23 22:00:00,32.25,117.0,-3.7,36.0
2024-01-23 23:00:00,32.25,117.0,-3.8,36.0
2024-01-24 00:00:00,32.25,117.0,-3.3,36.0
2024-01-24 01:00:00,32.25,117.0,-1.8,36.0
2024-01-24 02:00:00,32.25,117.0,-0.5,36.0
2024-01-24 03:00:00,32.25,117.0,0.6,36.0
2024-01-24 04:00:00,32.25,117.0,1.5,36.0
2024-01-24 05:00:00,32.25,117.0,2.1,36.0
2024-01-24 06:00:00,32.25,117.0,2.7,36.0
2024-01-24 07:00:00,32.25,117.0,3.0,36.0
2024-01-24 08:00:00,32.25,117.0,2.8,36.0
2024-01-24 09:00:00,32.25,117.0,1.5,36.0
2024-01-24 10:00:00,32.25,117.0,-0.1,36.0
2024-01-24 11:00:00,32.25,117.0,-0.5,36.0
2024-01-24 12:00:00,32.25,117.0,-0.7,36.0
2024-01-24 13:00:00,32.25,117.0,-0.9,36.0
2024-01-24 14:00:00,32.25,117.0,-1.0,36.0
2024-01-24 15:00:00,32.25,117.0,-1.1,36.0
2024-01-24 16:00:00,32.25,117.0,-1.2,36.0
2024-01-24 17:00:00,32.25,117.0,-1.1,36.0
2024-01-24 18:00:00,32.25,117.0,-1.4,36.0
2024-01-24 19:00:00,32.25,117.0,-1.4,36.0
2024-01-24 20:00:00,32.25,117.0,-1.6,36.0
2024-01-24 21:00:00,32.25,117.0,-1.6,36.0
2024-01-24 22:00:00,32.25,117.0,-1.7,36.0
2024-01-24 23:00:00,32.25,117.0,-1.8,36.0
2024-01-22 00:00:00,32.25,117.25,-3.5,42.0
2024-01-22 01:00:00,32.25,117.25,-3.1,42.0
2024-01-22 02:00:00,32.25,117.25,-2.6,42.0
2024-01-22 03:00:00,32.25,117.25,-2.3,42.0
2024-01-22 04:00:00,32.25,117.25,-2.1,42.0
2024-01-22 05:00:00,32.25,117.25,-1.7,42.0
2024-01-22 06:00:00,32.25,117.25,-1.4,42.0
2024-01-22 07:00:00,32.25,117.25,-1.4,42.0
2024-01-22 08:00:00,32.25,117.25,-1.8,42.0
2024-01-22 09:00:00,32.25,117.25,-2.3,42.0
2024-01-22 10:00:00,32.25,117.25,-2.5,42.0
2024-01-22 11:00:00,32.25,117.25,-2.6,42.0
2024-01-22 12:00:00,32.25,117.25,-3.0,42.0
2024-01-22 13:00:00,32.25,117.25,-3.3,42.0
2024-01-22 14:00:00,32.25,117.25,-3.5,42.0
2024-01-22 15:00:00,32.25,117.25,-3.8,42.0
2024-01-22 16:00:00,32.25,117.25,-4.1,42.0
2024-01-22 17:00:00,32.25,117.25,-4.3,42.0
2024-01-22 18:00:00,32.25,117.25,-4.8,42.0
2024-01-22 19:00:00,32.25,117.25,-5.1,42.0
2024-01-22 20:00:00,32.25,117.25,-5.4,42.0
2024-01-22 21:00:00,32.25,117.25,-5.7,42.0
2024-01-22 22:00:00,32.25,117.25,-5.9,42.0
2024-01-22 23:00:00,32.25,117.25,-6.1,42.0
2024-01-23 00:00:00,32.25,117.25,-6.0,42.0
2024-01-23 01:00:00,32.25,117.25,-5.2,42.0
2024-01-23 02:00:00,32.25,117.25,-4.0,42.0
2024-01-23 03:00:00,32.25,117.25,-3.5,42.0
2024-01-23 04:00:00,32.25,117.25,-2.4,42.0
2024-01-23 05:00:00,32.25,117.25,-1.6,42.0
2024-01-23 06:00:00,32.25,117.25,-1.3,42.0
2024-01-23 07:00:00,32.25,117.25,-0.9,42.0
2024-01-23 08:00:00,32.25,117.25,-1.1,42.0
2024-01-23 09:00:00,32.25,117.25,-1.7,42.0
2024-01-23 10:00:00,32.25,117.25,-2.9,42.0
2024-01-23 11:00:00,32.25,117.25,-3.1,42.0
2024-01-23 12:00:00,32.25,117.25,-3.2,42.0
2024-01-23 13:00:00,32.25,117.25,-3.2,42.0
2024-01-23 14:00:00,32.25,117.25,-3.2,42.0
2024-01-23 15:00:00,32.25,117.25,-3.3,42.0
2024-01-23 16:00:00,32.25,117.25,-3.4,42.0
2024-01-23 17:00:00,32.25,117.25,-3.4,42.0
2024-01-23 18:00:00,32.25,117.25,-3.5,42.0
2024-01-23 19:00:00,32.25,117.25,-3.6,42.0
2024-01-23 20:00:00,32.25,117.25,-3.6,42.0
2024-01-23 21:00:00,32.25,117.25,-3.7,42.0
2024-01-23 22:00:00,32.25,117.25,-3.8,42.0
2024-01-23 23:00:00,32.25,117.25,-3.9,42.0
2024-01-24 00:00:00,32.25,117.25,-3.4,42.0
2024-01-24 01:00:00,32.25,117.25,-2.0,42.0
2024-01-24 02:00:00,32.25,117.25,-0.6,42.0
2024-01-24 03:00:00,32.25,117.25,0.5,42.0
2024-01-24 04:00:00,32.25,117.25,1.4,42.0
2024-01-24 05:00:00,32.25,117.25,2.0,42.0
2024-01-24 06:00:00,32.25,117.25,2.6,42.0
2024-01-24 07:00:00,32.25,117.25,2.8,42.0
2024-01-24 08:00:00,32.25,117.25,2.7,42.0
2024-01-24 09:00:00,32.25,117.25,1.2,42.0
2024-01-24 10:00:00,32.25,117.25,-0.4,42.0
2024-01-24 11:00:00,32.25,117.25,-0.7,42.0
2024-01-24 12:00:00,32.25,117.25,-0.9,42.0
2024-01-24 13:00:00,32.25,117.25,-1.1,42.0
2024-01-24 14:00:00,32.25,117.25,-1.2,42.0
2024-01-24 15:00:00,32.25,117.25,-1.3,42.0
2024-01-24 16:00:00,32.25,117.25,-1.5,42.0
2024-01-24 17:00:00,32.25,117.25,-1.5,42.0
2024-01-24 18:00:00,32.25,117.25,-1.5,42.0
2024-01-24 19:00:00,32.25,117.25,-1.5,42.0
2024-01-24 20:00:00,32.25,117.25,-1.7,42.0
2024-01-24 21:00:00,32.25,117.25,-1.8,42.0
2024-01-24 22:00:00,32.25,117.25,-1.8,42.0
2024-01-24 23:00:00,32.25,117.25,-1.9,42.0
2024-01-22 00:00:00,32.25,117.5,-3.5,44.0
2024-01-22 01:00:00,32.25,117.5,-3.2,44.0
2024-01-22 02:00:00,32.25,117.5,-2.6,44.0
2024-01-22 03:00:00,32.25,117.5,-2.2,44.0
2024-01-22 04:00:00,32.25,117.5,-1.9,44.0
2024-01-22 05:00:00,32.25,117.5,-1.7,44.0
2024-01-22 06:00:00,32.25,117.5,-1.6,44.0
2024-01-22 07:00:00,32.25,117.5,-1.5,44.0
2024-01-22 08:00:00,32.25,117.5,-1.8,44.0
2024-01-22 09:00:00,32.25,117.5,-2.3,44.0
2024-01-22 10:00:00,32.25,117.5,-2.6,44.0
2024-01-22 11:00:00,32.25,117.5,-2.7,44.0
2024-01-22 12:00:00,32.25,117.5,-3.2,44.0
2024-01-22 13:00:00,32.25,117.5,-3.5,44.0
2024-01-22 14:00:00,32.25,117.5,-3.7,44.0
2024-01-22 15:00:00,32.25,117.5,-4.0,44.0
2024-01-22 16:00:00,32.25,117.5,-4.2,44.0
2024-01-22 17:00:00,32.25,117.5,-4.5,44.0
2024-01-22 18:00:00,32.25,117.5,-5.0,44.0
2024-01-22 19:00:00,32.25,117.5,-5.3,44.0
2024-01-22 20:00:00,32.25,117.5,-5.6,44.0
2024-01-22 21:00:00,32.25,117.5,-5.9,44.0
2024-01-22 22:00:00,32.25,117.5,-6.0,44.0
2024-01-22 23:00:00,32.25,117.5,-6.1,44.0
2024-01-23 00:00:00,32.25,117.5,-5.9,44.0
2024-01-23 01:00:00,32.25,117.5,-5.1,44.0
2024-01-23 02:00:00,32.25,117.5,-4.1,44.0
2024-01-23 03:00:00,32.25,117.5,-3.1,44.0
2024-01-23 04:00:00,32.25,117.5,-2.3,44.0
2024-01-23 05:00:00,32.25,117.5,-1.6,44.0
2024-01-23 06:00:00,32.25,117.5,-1.5,44.0
2024-01-23 07:00:00,32.25,117.5,-1.1,44.0
2024-01-23 08:00:00,32.25,117.5,-1.2,44.0
2024-01-23 09:00:00,32.25,117.5,-1.8,44.0
2024-01-23 10:00:00,32.25,117.5,-2.9,44.0
2024-01-23 11:00:00,32.25,117.5,-3.1,44.0
2024-01-23 12:00:00,32.25,117.5,-3.3,44.0
2024-01-23 13:00:00,32.25,117.5,-3.3,44.0
2024-01-23 14:00:00,32.25,117.5,-3.3,44.0
2024-01-23 15:00:00,32.25,117.5,-3.3,44.0
2024-01-23 16:00:00,32.25,117.5,-3.4,44.0
2024-01-23 17:00:00,32.25,117.5,-3.4,44.0
2024-01-23 18:00:00,32.25,117.5,-3.5,44.0
2024-01-23 19:00:00,32.25,117.5,-3.6,44.0
2024-01-23 20:00:00,32.25,117.5,-3.6,44.0
2024-01-23 21:00:00,32.25,117.5,-3.8,44.0
2024-01-23 22:00:00,32.25,117.5,-3.9,44.0
2024-01-23 23:00:00,32.25,117.5,-4.0,44.0
2024-01-24 00:00:00,32.25,117.5,-3.5,44.0
2024-01-24 01:00:00,32.25,117.5,-2.0,44.0
2024-01-24 02:00:00,32.25,117.5,-0.7,44.0
2024-01-24 03:00:00,32.25,117.5,0.5,44.0
2024-01-24 04:00:00,32.25,117.5,1.4,44.0
2024-01-24 05:00:00,32.25,117.5,2.0,44.0
2024-01-24 06:00:00,32.25,117.5,2.6,44.0
2024-01-24 07:00:00,32.25,117.5,2.8,44.0
2024-01-24 08:00:00,32.25,117.5,2.6,44.0
2024-01-24 09:00:00,32.25,117.5,1.1,44.0
2024-01-24 10:00:00,32.25,117.5,-0.4,44.0
2024-01-24 11:00:00,32.25,117.5,-0.8,44.0
2024-01-24 12:00:00,32.25,117.5,-1.1,44.0
2024-01-24 13:00:00,32.25,117.5,-1.3,44.0
2024-01-24 14:00:00,32.25,117.5,-1.4,44.0
2024-01-24 15:00:00,32.25,117.5,-1.5,44.0
2024-01-24 16:00:00,32.25,117.5,-1.6,44.0
2024-01-24 17:00:00,32.25,117.5,-1.7,44.0
2024-01-24 18:00:00,32.25,117.5,-1.6,44.0
2024-01-24 19:00:00,32.25,117.5,-1.6,44.0
2024-01-24 20:00:00,32.25,117.5,-1.6,44.0
2024-01-24 21:00:00,32.25,117.5,-1.8,44.0
2024-01-24 22:00:00,32.25,117.5,-1.8,44.0
2024-01-24 23:00:00,32.25,117.5,-1.9,44.0
2024-01-22 00:00:00,32.25,117.75,-3.5,57.0
2024-01-22 01:00:00,32.25,117.75,-3.2,57.0
2024-01-22 02:00:00,32.25,117.75,-2.6,57.0
2024-01-22 03:00:00,32.25,117.75,-2.3,57.0
2024-01-22 04:00:00,32.25,117.75,-2.0,57.0
2024-01-22 05:00:00,32.25,117.75,-1.8,57.0
2024-01-22 06:00:00,32.25,117.75,-2.0,57.0
2024-01-22 07:00:00,32.25,117.75,-1.9,57.0
2024-01-22 08:00:00,32.25,117.75,-2.2,57.0
2024-01-22 09:00:00,32.25,117.75,-2.5,57.0
2024-01-22 10:00:00,32.25,117.75,-2.7,57.0
2024-01-22 11:00:00,32.25,117.75,-2.8,57.0
2024-01-22 12:00:00,32.25,117.75,-3.1,57.0
2024-01-22 13:00:00,32.25,117.75,-3.4,57.0
2024-01-22 14:00:00,32.25,117.75,-3.6,57.0
2024-01-22 15:00:00,32.25,117.75,-4.0,57.0
2024-01-22 16:00:00,32.25,117.75,-4.3,57.0
2024-01-22 17:00:00,32.25,117.75,-4.6,57.0
2024-01-22 18:00:00,32.25,117.75,-5.1,57.0
2024-01-22 19:00:00,32.25,117.75,-5.4,57.0
2024-01-22 20:00:00,32.25,117.75,-5.7,57.0
2024-01-22 21:00:00,32.25,117.75,-5.9,57.0
2024-01-22 22:00:00,32.25,117.75,-6.0,57.0
2024-01-22 23:00:00,32.25,117.75,-6.2,57.0
2024-01-23 00:00:00,32.25,117.75,-5.9,57.0
2024-01-23 01:00:00,32.25,117.75,-5.1,57.0
2024-01-23 02:00:00,32.25,117.75,-4.3,57.0
2024-01-23 03:00:00,32.25,117.75,-3.2,57.0
2024-01-23 04:00:00,32.25,117.75,-2.4,57.0
2024-01-23 05:00:00,32.25,117.75,-1.8,57.0
2024-01-23 06:00:00,32.25,117.75,-1.5,57.0
2024-01-23 07:00:00,32.25,117.75,-1.2,57.0
2024-01-23 08:00:00,32.25,117.75,-1.4,57.0
2024-01-23 09:00:00,32.25,117.75,-1.9,57.0
2024-01-23 10:00:00,32.25,117.75,-3.1,57.0
2024-01-23 11:00:00,32.25,117.75,-3.1,57.0
2024-01-23 12:00:00,32.25,117.75,-3.4,57.0
2024-01-23 13:00:00,32.25,117.75,-3.5,57.0
2024-01-23 14:00:00,32.25,117.75,-3.5,57.0
2024-01-23 15:00:00,32.25,117.75,-3.5,57.0
2024-01-23 16:00:00,32.25,117.75,-3.5,57.0
2024-01-23 17:00:00,32.25,117.75,-3.6,57.0
2024-01-23 18:00:00,32.25,117.75,-3.7,57.0
2024-01-23 19:00:00,32.25,117.75,-3.7,57.0
2024-01-23 20:00:00,32.25,117.75,-3.8,57.0
2024-01-23 21:00:00,32.25,117.75,-3.9,57.0
2024-01-23 22:00:00,32.25,117.75,-4.0,57.0
2024-01-23 23:00:00,32.25,117.75,-4.1,57.0
2024-01-24 00:00:00,32.25,117.75,-3.6,57.0
2024-01-24 01:00:00,32.25,117.75,-2.1,57.0
2024-01-24 02:00:00,32.25,117.75,-0.8,57.0
2024-01-24 03:00:00,32.25,117.75,0.5,57.0
2024-01-24 04:00:00,32.25,117.75,1.3,57.0
2024-01-24 05:00:00,32.25,117.75,2.0,57.0
2024-01-24 06:00:00,32.25,117.75,2.5,57.0
2024-01-24 07:00:00,32.25,117.75,2.8,57.0
2024-01-24 08:00:00,32.25,117.75,2.6,57.0
2024-01-24 09:00:00,32.25,117.75,1.0,57.0
2024-01-24 10:00:00,32.25,117.75,-0.5,57.0
2024-01-24 11:00:00,32.25,117.75,-0.9,57.0
2024-01-24 12:00:00,32.25,117.75,-1.3,57.0
2024-01-24 13:00:00,32.25,117.75,-1.6,57.0
2024-01-24 14:00:00,32.25,117.75,-1.8,57.0
2024-01-24 15:00:00,32.25,117.75,-1.8,57.0
2024-01-24 16:00:00,32.25,117.75,-1.9,57.0
2024-01-24 17:00:00,32.25,117.75,-2.0,57.0
2024-01-24 18:00:00,32.25,117.75,-1.9,57.0
2024-01-24 19:00:00,32.25,117.75,-1.8,57.0
2024-01-24 20:00:00,32.25,117.75,-1.8,57.0
2024-01-24 21:00:00,32.25,117.75,-1.9,57.0
2024-01-24 22:00:00,32.25,117.75,-2.0,57.0
2024-01-24 23:00:00,32.25,117.75,-2.0,57.0
2024-01-22 00:00:00,32.25,118.0,-4.0,76.0
2024-01-22 01:00:00,32.25,118.0,-3.6,76.0
2024-01-22 02:00:00,32.25,118.0,-3.0,76.0
2024-01-22 03:00:00,32.25,118.0,-2.4,76.0
2024-01-22 04:00:00,32.25,118.0,-2.1,76.0
2024-01-22 05:00:00,32.25,118.0,-1.9,76.0
2024-01-22 06:00:00,32.25,118.0,-2.3,76.0
2024-01-22 07:00:00,32.25,118.0,-2.1,76.0
2024-01-22 08:00:00,32.25,118.0,-2.4,76.0
2024-01-22 09:00:00,32.25,118.0,-2.8,76.0
2024-01-22 10:00:00,32.25,118.0,-2.9,76.0
2024-01-22 11:00:00,32.25,118.0,-3.0,76.0
2024-01-22 12:00:00,32.25,118.0,-3.3,76.0
2024-01-22 13:00:00,32.25,118.0,-3.5,76.0
2024-01-22 14:00:00,32.25,118.0,-3.8,76.0
2024-01-22 15:00:00,32.25,118.0,-4.1,76.0
2024-01-22 16:00:00,32.25,118.0,-4.4,76.0
2024-01-22 17:00:00,32.25,118.0,-4.8,76.0
2024-01-22 18:00:00,32.25,118.0,-5.3,76.0
2024-01-22 19:00:00,32.25,118.0,-5.6,76.0
2024-01-22 20:00:00,32.25,118.0,-6.0,76.0
2024-01-22 21:00:00,32.25,118.0,-6.2,76.0
2024-01-22 22:00:00,32.25,118.0,-6.3,76.0
2024-01-22 23:00:00,32.25,118.0,-6.4,76.0
2024-01-23 00:00:00,32.25,118.0,-6.2,76.0
2024-01-23 01:00:00,32.25,118.0,-5.4,76.0
2024-01-23 02:00:00,32.25,118.0,-4.5,76.0
2024-01-23 03:00:00,32.25,118.0,-3.5,76.0
2024-01-23 04:00:00,32.25,118.0,-2.6,76.0
2024-01-23 05:00:00,32.25,118.0,-2.0,76.0
2024-01-23 06:00:00,32.25,118.0,-1.8,76.0
2024-01-23 07:00:00,32.25,118.0,-1.6,76.0
2024-01-23 08:00:00,32.25,118.0,-1.7,76.0
2024-01-23 09:00:00,32.25,118.0,-2.2,76.0
2024-01-23 10:00:00,32.25,118.0,-3.2,76.0
2024-01-23 11:00:00,32.25,118.0,-3.2,76.0
2024-01-23 12:00:00,32.25,118.0,-3.4,76.0
2024-01-23 13:00:00,32.25,118.0,-3.5,76.0
2024-01-23 14:00:00,32.25,118.0,-3.6,76.0
2024-01-23 15:00:00,32.25,118.0,-3.7,76.0
2024-01-23 16:00:00,32.25,118.0,-3.7,76.0
2024-01-23 17:00:00,32.25,118.0,-3.7,76.0
2024-01-23 18:00:00,32.25,118.0,-3.7,76.0
2024-01-23 19:00:00,32.25,118.0,-3.8,76.0
2024-01-23 20:00:00,32.25,118.0,-4.0,76.0
2024-01-23 21:00:00,32.25,118.0,-4.1,76.0
2024-01-23 22:00:00,32.25,118.0,-4.2,76.0
2024-01-23 23:00:00,32.25,118.0,-4.3,76.0
2024-01-24 00:00:00,32.25,118.0,-3.7,76.0
2024-01-24 01:00:00,32.25,118.0,-2.3,76.0
2024-01-24 02:00:00,32.25,118.0,-1.0,76.0
2024-01-24 03:00:00,32.25,118.0,0.2,76.0
2024-01-24 04:00:00,32.25,118.0,1.2,76.0
2024-01-24 05:00:00,32.25,118.0,1.9,76.0
2024-01-24 06:00:00,32.25,118.0,2.3,76.0
2024-01-24 07:00:00,32.25,118.0,2.6,76.0
2024-01-24 08:00:00,32.25,118.0,2.3,76.0
2024-01-24 09:00:00,32.25,118.0,0.8,76.0
2024-01-24 10:00:00,32.25,118.0,-0.6,76.0
2024-01-24 11:00:00,32.25,118.0,-0.9,76.0
2024-01-24 12:00:00,32.25,118.0,-1.2,76.0
2024-01-24 13:00:00,32.25,118.0,-1.4,76.0
2024-01-24 14:00:00,32.25,118.0,-1.6,76.0
2024-01-24 15:00:00,32.25,118.0,-1.8,76.0
2024-01-24 16:00:00,32.25,118.0,-1.9,76.0
2024-01-24 17:00:00,32.25,118.0,-2.0,76.0
2024-01-24 18:00:00,32.25,118.0,-2.0,76.0
2024-01-24 19:00:00,32.25,118.0,-1.8,76.0
2024-01-24 20:00:00,32.25,118.0,-1.9,76.0
2024-01-24 21:00:00,32.25,118.0,-1.9,76.0
2024-01-24 22:00:00,32.25,118.0,-2.0,76.0
2024-01-24 23:00:00,32.25,118.0,-2.0,76.0
2024-01-22 00:00:00,32.25,118.25,-3.8,61.0
2024-01-22 01:00:00,32.25,118.25,-3.5,61.0
2024-01-22 02:00:00,32.25,118.25,-3.0,61.0
2024-01-22 03:00:00,32.25,118.25,-2.4,61.0
2024-01-22 04:00:00,32.25,118.25,-2.2,61.0
2024-01-22 05:00:00,32.25,118.25,-1.7,61.0
2024-01-22 06:00:00,32.25,118.25,-2.1,61.0
2024-01-22 07:00:00,32.25,118.25,-2.1,61.0
2024-01-22 08:00:00,32.25,118.25,-2.4,61.0
2024-01-22 09:00:00,32.25,118.25,-2.9,61.0
2024-01-22 10:00:00,32.25,118.25,-2.9,61.0
2024-01-22 11:00:00,32.25,118.25,-2.9,61.0
2024-01-22 12:00:00,32.25,118.25,-3.1,61.0
2024-01-22 13:00:00,32.25,118.25,-3.2,61.0
2024-01-22 14:00:00,32.25,118.25,-3.4,61.0
2024-01-22 15:00:00,32.25,118.25,-3.9,61.0
2024-01-22 16:00:00,32.25,118.25,-4.4,61.0
2024-01-22 17:00:00,32.25,118.25,-4.6,61.0
2024-01-22 18:00:00,32.25,118.25,-5.1,61.0
2024-01-22 19:00:00,32.25,118.25,-5.4,61.0
2024-01-22 20:00:00,32.25,118.25,-5.8,61.0
2024-01-22 21:00:00,32.25,118.25,-6.1,61.0
2024-01-22 22:00:00,32.25,118.25,-6.3,61.0
2024-01-22 23:00:00,32.25,118.25,-6.4,61.0
2024-01-23 00:00:00,32.25,118.25,-6.2,61.0
2024-01-23 01:00:00,32.25,118.25,-5.3,61.0
2024-01-23 02:00:00,32.25,118.25,-4.4,61.0
2024-01-23 03:00:00,32.25,118.25,-3.5,61.0
2024-01-23 04:00:00,32.25,118.25,-2.7,61.0
2024-01-23 05:00:00,32.25,118.25,-2.2,61.0
2024-01-23 06:00:00,32.25,118.25,-1.7,61.0
2024-01-23 07:00:00,32.25,118.25,-1.6,61.0
2024-01-23 08:00:00,32.25,118.25,-1.7,61.0
2024-01-23 09:00:00,32.25,118.25,-2.1,61.0
2024-01-23 10:00:00,32.25,118.25,-3.2,61.0
2024-01-23 11:00:00,32.25,118.25,-3.4,61.0
2024-01-23 12:00:00,32.25,118.25,-3.4,61.0
2024-01-23 13:00:00,32.25,118.25,-3.4,61.0
2024-01-23 14:00:00,32.25,118.25,-3.5,61.0
2024-01-23 15:00:00,32.25,118.25,-3.5,61.0
2024-01-23 16:00:00,32.25,118.25,-3.5,61.0
2024-01-23 17:00:00,32.25,118.25,-3.5,61.0
2024-01-23 18:00:00,32.25,118.25,-3.6,61.0
2024-01-23 19:00:00,32.25,118.25,-3.7,61.0
2024-01-23 20:00:00,32.25,118.25,-3.8,61.0
2024-01-23 21:00:00,32.25,118.25,-4.0,61.0
2024-01-23 22:00:00,32.25,118.25,-4.1,61.0
2024-01-23 23:00:00,32.25,118.25,-4.2,61.0
2024-01-24 00:00:00,32.25,118.25,-3.6,61.0
2024-01-24 01:00:00,32.25,118.25,-2.2,61.0
2024-01-24 02:00:00,32.25,118.25,-0.9,61.0
2024-01-24 03:00:00,32.25,118.25,0.3,61.0
2024-01-24 04:00:00,32.25,118.25,1.3,61.0
2024-01-24 05:00:00,32.25,118.25,2.0,61.0
2024-01-24 06:00:00,32.25,118.25,2.5,61.0
2024-01-24 07:00:00,32.25,118.25,2.6,61.0
2024-01-24 08:00:00,32.25,118.25,2.3,61.0
2024-01-24 09:00:00,32.25,118.25,0.7,61.0
2024-01-24 10:00:00,32.25,118.25,-0.6,61.0
2024-01-24 11:00:00,32.25,118.25,-0.9,61.0
2024-01-24 12:00:00,32.25,118.25,-1.1,61.0
2024-01-24 13:00:00,32.25,118.25,-1.2,61.0
2024-01-24 14:00:00,32.25,118.25,-1.3,61.0
2024-01-24 15:00:00,32.25,118.25,-1.5,61.0
2024-01-24 16:00:00,32.25,118.25,-1.6,61.0
2024-01-24 17:00:00,32.25,118.25,-1.7,61.0
2024-01-24 18:00:00,32.25,118.25,-1.8,61.0
2024-01-24 19:00:00,32.25,118.25,-1.7,61.0
2024-01-24 20:00:00,32.25,118.25,-1.8,61.0
2024-01-24 21:00:00,32.25,118.25,-1.7,61.0
2024-01-24 22:00:00,32.25,118.25,-1.8,61.0
2024-01-24 23:00:00,32.25,118.25,-1.9,61.0
2024-01-22 00:00:00,32.25,118.5,-3.0,8.0
2024-01-22 01:00:00,32.25,118.5,-2.9,8.0
2024-01-22 02:00:00,32.25,118.5,-2.5,8.0
2024-01-22 03:00:00,32.25,118.5,-1.9,8.0
2024-01-22 04:00:00,32.25,118.5,-1.7,8.0
2024-01-22 05:00:00,32.25,118.5,-1.3,8.0
2024-01-22 06:00:00,32.25,118.5,-1.5,8.0
2024-01-22 07:00:00,32.25,118.5,-1.4,8.0
2024-01-22 08:00:00,32.25,118.5,-1.7,8.0
2024-01-22 09:00:00,32.25,118.5,-2.1,8.0
2024-01-22 10:00:00,32.25,118.5,-2.3,8.0
2024-01-22 11:00:00,32.25,118.5,-2.3,8.0
2024-01-22 12:00:00,32.25,118.5,-2.5,8.0
2024-01-22 13:00:00,32.25,118.5,-2.6,8.0
2024-01-22 14:00:00,32.25,118.5,-2.7,8.0
2024-01-22 15:00:00,32.25,118.5,-2.9,8.0
2024-01-22 16:00:00,32.25,118.5,-3.2,8.0
2024-01-22 17:00:00,32.25,118.5,-3.5,8.0
2024-01-22 18:00:00,32.25,118.5,-4.5,8.0
2024-01-22 19:00:00,32.25,118.5,-4.9,8.0
2024-01-22 20:00:00,32.25,118.5,-5.2,8.0
2024-01-22 21:00:00,32.25,118.5,-5.5,8.0
2024-01-22 22:00:00,32.25,118.5,-5.7,8.0
2024-01-22 23:00:00,32.25,118.5,-5.8,8.0
2024-01-23 00:00:00,32.25,118.5,-5.6,8.0
2024-01-23 01:00:00,32.25,118.5,-4.8,8.0
2024-01-23 02:00:00,32.25,118.5,-4.0,8.0
2024-01-23 03:00:00,32.25,118.5,-3.0,8.0
2024-01-23 04:00:00,32.25,118.5,-2.4,8.0
2024-01-23 05:00:00,32.25,118.5,-1.9,8.0
2024-01-23 06:00:00,32.25,118.5,-1.5,8.0
2024-01-23 07:00:00,32.25,118.5,-1.2,8.0
2024-01-23 08:00:00,32.25,118.5,-1.2,8.0
2024-01-23 09:00:00,32.25,118.5,-1.7,8.0
2024-01-23 10:00:00,32.25,118.5,-2.8,8.0
2024-01-23 11:00:00,32.25,118.5,-3.1,8.0
2024-01-23 12:00:00,32.25,118.5,-3.0,8.0
2024-01-23 13:00:00,32.25,118.5,-3.0,8.0
2024-01-23 14:00:00,32.25,118.5,-3.1,8.0
2024-01-23 15:00:00,32.25,118.5,-3.1,8.0
2024-01-23 16:00:00,32.25,118.5,-3.1,8.0
2024-01-23 17:00:00,32.25,118.5,-3.1,8.0
2024-01-23 18:00:00,32.25,118.5,-3.2,8.0
2024-01-23 19:00:00,32.25,118.5,-3.2,8.0
2024-01-23 20:00:00,32.25,118.5,-3.4,8.0
2024-01-23 21:00:00,32.25,118.5,-3.5,8.0
2024-01-23 22:00:00,32.25,118.5,-3.6,8.0
2024-01-23 23:00:00,32.25,118.5,-3.7,8.0
2024-01-24 00:00:00,32.25,118.5,-3.2,8.0
2024-01-24 01:00:00,32.25,118.5,-1.8,8.0
2024-01-24 02:00:00,32.25,118.5,-0.6,8.0
2024-01-24 03:00:00,32.25,118.5,0.6,8.0
2024-01-24 04:00:00,32.25,118.5,1.7,8.0
2024-01-24 05:00:00,32.25,118.5,2.3,8.0
2024-01-24 06:00:00,32.25,118.5,2.8,8.0
2024-01-24 07:00:00,32.25,118.5,2.9,8.0
2024-01-24 08:00:00,32.25,118.5,2.6,8.0
2024-01-24 09:00:00,32.25,118.5,1.0,8.0
2024-01-24 10:00:00,32.25,118.5,-0.3,8.0
2024-01-24 11:00:00,32.25,118.5,-0.7,8.0
2024-01-24 12:00:00,32.25,118.5,-0.9,8.0
2024-01-24 13:00:00,32.25,118.5,-1.1,8.0
2024-01-24 14:00:00,32.25,118.5,-1.2,8.0
2024-01-24 15:00:00,32.25,118.5,-1.3,8.0
2024-01-24 16:00:00,32.25,118.5,-1.4,8.0
2024-01-24 17:00:00,32.25,118.5,-1.5,8.0
2024-01-24 18:00:00,32.25,118.5,-1.6,8.0
2024-01-24 19:00:00,32.25,118.5,-1.6,8.0
2024-01-24 20:00:00,32.25,118.5,-1.5,8.0
2024-01-24 21:00:00,32.25,118.5,-1.5,8.0
2024-01-24 22:00:00,32.25,118.5,-1.6,8.0
2024-01-24 23:00:00,32.25,118.5,-1.7,8.0
2024-01-22 00:00:00,32.25,118.75,-3.3,17.0
2024-01-22 01:00:00,32.25,118.75,-3.0,17.0
2024-01-22 02:00:00,32.25,118.75,-2.4,17.0
2024-01-22 03:00:00,32.25,118.75,-1.8,17.0
2024-01-22 04:00:00,32.25,118.75,-1.8,17.0
2024-01-22 05:00:00,32.25,118.75,-1.4,17.0
2024-01-22 06:00:00,32.25,118.75,-1.5,17.0
2024-01-22 07:00:00,32.25,118.75,-1.5,17.0
2024-01-22 08:00:00,32.25,118.75,-1.7,17.0
2024-01-22 09:00:00,32.25,118.75,-2.2,17.0
2024-01-22 10:00:00,32.25,118.75,-2.5,17.0
2024-01-22 11:00:00,32.25,118.75,-2.5,17.0
2024-01-22 12:00:00,32.25,118.75,-2.6,17.0
2024-01-22 13:00:00,32.25,118.75,-2.6,17.0
2024-01-22 14:00:00,32.25,118.75,-2.9,17.0
2024-01-22 15:00:00,32.25,118.75,-3.0,17.0
2024-01-22 16:00:00,32.25,118.75,-3.4,17.0
2024-01-22 17:00:00,32.25,118.75,-3.7,17.0
2024-01-22 18:00:00,32.25,118.75,-4.3,17.0
2024-01-22 19:00:00,32.25,118.75,-4.6,17.0
2024-01-22 20:00:00,32.25,118.75,-4.8,17.0
2024-01-22 21:00:00,32.25,118.75,-5.0,17.0
2024-01-22 22:00:00,32.25,118.75,-5.1,17.0
2024-01-22 23:00:00,32.25,118.75,-5.4,17.0
2024-01-23 00:00:00,32.25,118.75,-5.6,17.0
2024-01-23 01:00:00,32.25,118.75,-4.7,17.0
2024-01-23 02:00:00,32.25,118.75,-3.8,17.0
2024-01-23 03:00:00,32.25,118.75,-2.8,17.0
2024-01-23 04:00:00,32.25,118.75,-2.2,17.0
2024-01-23 05:00:00,32.25,118.75,-1.9,17.0
2024-01-23 06:00:00,32.25,118.75,-1.6,17.0
2024-01-23 07:00:00,32.25,118.75,-1.2,17.0
2024-01-23 08:00:00,32.25,118.75,-1.3,17.0
2024-01-23 09:00:00,32.25,118.75,-1.7,17.0
2024-01-23 10:00:00,32.25,118.75,-2.6,17.0
2024-01-23 11:00:00,32.25,118.75,-2.8,17.0
2024-01-23 12:00:00,32.25,118.75,-2.9,17.0
2024-01-23 13:00:00,32.25,118.75,-3.0,17.0
2024-01-23 14:00:00,32.25,118.75,-2.9,17.0
2024-01-23 15:00:00,32.25,118.75,-3.0,17.0
2024-01-23 16:00:00,32.25,118.75,-3.1,17.0
2024-01-23 17:00:00,32.25,118.75,-3.1,17.0
2024-01-23 18:00:00,32.25,118.75,-3.2,17.0
2024-01-23 19:00:00,32.25,118.75,-3.2,17.0
2024-01-23 20:00:00,32.25,118.75,-3.3,17.0
2024-01-23 21:00:00,32.25,118.75,-3.4,17.0
2024-01-23 22:00:00,32.25,118.75,-3.5,17.0
2024-01-23 23:00:00,32.25,118.75,-3.6,17.0
2024-01-24 00:00:00,32.25,118.75,-3.1,17.0
2024-01-24 01:00:00,32.25,118.75,-1.9,17.0
2024-01-24 02:00:00,32.25,118.75,-0.6,17.0
2024-01-24 03:00:00,32.25,118.75,0.6,17.0
2024-01-24 04:00:00,32.25,118.75,1.6,17.0
2024-01-24 05:00:00,32.25,118.75,2.2,17.0
2024-01-24 06:00:00,32.25,118.75,2.7,17.0
2024-01-24 07:00:00,32.25,118.75,2.9,17.0
2024-01-24 08:00:00,32.25,118.75,2.8,17.0
2024-01-24 09:00:00,32.25,118.75,1.4,17.0
2024-01-24 10:00:00,32.25,118.75,0.1,17.0
2024-01-24 11:00:00,32.25,118.75,-0.3,17.0
2024-01-24 12:00:00,32.25,118.75,-0.6,17.0
2024-01-24 13:00:00,32.25,118.75,-0.8,17.0
2024-01-24 14:00:00,32.25,118.75,-1.0,17.0
2024-01-24 15:00:00,32.25,118.75,-1.1,17.0
2024-01-24 16:00:00,32.25,118.75,-1.3,17.0
2024-01-24 17:00:00,32.25,118.75,-1.4,17.0
2024-01-24 18:00:00,32.25,118.75,-1.5,17.0
2024-01-24 19:00:00,32.25,118.75,-1.6,17.0
2024-01-24 20:00:00,32.25,118.75,-1.5,17.0
2024-01-24 21:00:00,32.25,118.75,-1.4,17.0
2024-01-24 22:00:00,32.25,118.75,-1.5,17.0
2024-01-24 23:00:00,32.25,118.75,-1.6,17.0
2024-01-22 00:00:00,32.25,119.0,-3.9,6.0
2024-01-22 01:00:00,32.25,119.0,-3.5,6.0
2024-01-22 02:00:00,32.25,119.0,-3.0,6.0
2024-01-22 03:00:00,32.25,119.0,-2.1,6.0
2024-01-22 04:00:00,32.25,119.0,-1.9,6.0
2024-01-22 05:00:00,32.25,119.0,-1.7,6.0
2024-01-22 06:00:00,32.25,119.0,-1.6,6.0
2024-01-22 07:00:00,32.25,119.0,-1.9,6.0
2024-01-22 08:00:00,32.25,119.0,-2.1,6.0
2024-01-22 09:00:00,32.25,119.0,-2.6,6.0
2024-01-22 10:00:00,32.25,119.0,-2.9,6.0
2024-01-22 11:00:00,32.25,119.0,-2.9,6.0
2024-01-22 12:00:00,32.25,119.0,-3.0,6.0
2024-01-22 13:00:00,32.25,119.0,-3.1,6.0
2024-01-22 14:00:00,32.25,119.0,-3.3,6.0
2024-01-22 15:00:00,32.25,119.0,-3.5,6.0
2024-01-22 16:00:00,32.25,119.0,-3.7,6.0
2024-01-22 17:00:00,32.25,119.0,-4.2,6.0
2024-01-22 18:00:00,32.25,119.0,-5.1,6.0
2024-01-22 19:00:00,32.25,119.0,-5.4,6.0
2024-01-22 20:00:00,32.25,119.0,-5.7,6.0
2024-01-22 21:00:00,32.25,119.0,-6.0,6.0
2024-01-22 22:00:00,32.25,119.0,-5.9,6.0
2024-01-22 23:00:00,32.25,119.0,-5.8,6.0
2024-01-23 00:00:00,32.25,119.0,-5.5,6.0
2024-01-23 01:00:00,32.25,119.0,-4.6,6.0
2024-01-23 02:00:00,32.25,119.0,-3.5,6.0
2024-01-23 03:00:00,32.25,119.0,-2.5,6.0
2024-01-23 04:00:00,32.25,119.0,-2.3,6.0
2024-01-23 05:00:00,32.25,119.0,-1.6,6.0
2024-01-23 06:00:00,32.25,119.0,-1.6,6.0
2024-01-23 07:00:00,32.25,119.0,-1.3,6.0
2024-01-23 08:00:00,32.25,119.0,-1.3,6.0
2024-01-23 09:00:00,32.25,119.0,-1.9,6.0
2024-01-23 10:00:00,32.25,119.0,-3.0,6.0
2024-01-23 11:00:00,32.25,119.0,-3.2,6.0
2024-01-23 12:00:00,32.25,119.0,-3.1,6.0
2024-01-23 13:00:00,32.25,119.0,-3.2,6.0
2024-01-23 14:00:00,32.25,119.0,-3.0,6.0
2024-01-23 15:00:00,32.25,119.0,-3.1,6.0
2024-01-23 16:00:00,32.25,119.0,-3.2,6.0
2024-01-23 17:00:00,32.25,119.0,-3.2,6.0
2024-01-23 18:00:00,32.25,119.0,-3.3,6.0
2024-01-23 19:00:00,32.25,119.0,-3.4,6.0
2024-01-23 20:00:00,32.25,119.0,-3.5,6.0
2024-01-23 21:00:00,32.25,119.0,-3.6,6.0
2024-01-23 22:00:00,32.25,119.0,-3.7,6.0
2024-01-23 23:00:00,32.25,119.0,-3.8,6.0
2024-01-24 00:00:00,32.25,119.0,-3.2,6.0
2024-01-24 01:00:00,32.25,119.0,-1.7,6.0
2024-01-24 02:00:00,32.25,119.0,-0.4,6.0
2024-01-24 03:00:00,32.25,119.0,0.7,6.0
2024-01-24 04:00:00,32.25,119.0,1.7,6.0
2024-01-24 05:00:00,32.25,119.0,2.4,6.0
2024-01-24 06:00:00,32.25,119.0,2.8,6.0
2024-01-24 07:00:00,32.25,119.0,2.9,6.0
2024-01-24 08:00:00,32.25,119.0,2.7,6.0
2024-01-24 09:00:00,32.25,119.0,0.9,6.0
2024-01-24 10:00:00,32.25,119.0,-0.5,6.0
2024-01-24 11:00:00,32.25,119.0,-0.9,6.0
2024-01-24 12:00:00,32.25,119.0,-1.1,6.0
2024-01-24 13:00:00,32.25,119.0,-1.3,6.0
2024-01-24 14:00:00,32.25,119.0,-1.3,6.0
2024-01-24 15:00:00,32.25,119.0,-1.4,6.0
2024-01-24 16:00:00,32.25,119.0,-1.6,6.0
2024-01-24 17:00:00,32.25,119.0,-1.7,6.0
2024-01-24 18:00:00,32.25,119.0,-1.8,6.0
2024-01-24 19:00:00,32.25,119.0,-1.9,6.0
2024-01-24 20:00:00,32.25,119.0,-1.8,6.0
2024-01-24 21:00:00,32.25,119.0,-1.6,6.0
2024-01-24 22:00:00,32.25,119.0,-1.6,6.0
2024-01-24 23:00:00,32.25,119.0,-1.8,6.0
2024-01-22 00:00:00,32.25,119.25,-3.6,6.0
2024-01-22 01:00:00,32.25,119.25,-3.3,6.0
2024-01-22 02:00:00,32.25,119.25,-2.9,6.0
2024-01-22 03:00:00,32.25,119.25,-2.3,6.0
2024-01-22 04:00:00,32.25,119.25,-2.3,6.0
2024-01-22 05:00:00,32.25,119.25,-1.7,6.0
2024-01-22 06:00:00,32.25,119.25,-1.8,6.0
2024-01-22 07:00:00,32.25,119.25,-1.9,6.0
2024-01-22 08:00:00,32.25,119.25,-2.2,6.0
2024-01-22 09:00:00,32.25,119.25,-2.5,6.0
2024-01-22 10:00:00,32.25,119.25,-2.8,6.0
2024-01-22 11:00:00,32.25,119.25,-2.7,6.0
2024-01-22 12:00:00,32.25,119.25,-2.9,6.0
2024-01-22 13:00:00,32.25,119.25,-3.1,6.0
2024-01-22 14:00:00,32.25,119.25,-3.3,6.0
2024-01-22 15:00:00,32.25,119.25,-3.6,6.0
2024-01-22 16:00:00,32.25,119.25,-3.8,6.0
2024-01-22 17:00:00,32.25,119.25,-4.3,6.0
2024-01-22 18:00:00,32.25,119.25,-5.1,6.0
2024-01-22 19:00:00,32.25,119.25,-5.6,6.0
2024-01-22 20:00:00,32.25,119.25,-5.9,6.0
2024-01-22 21:00:00,32.25,119.25,-6.2,6.0
2024-01-22 22:00:00,32.25,119.25,-6.4,6.0
2024-01-22 23:00:00,32.25,119.25,-6.4,6.0
2024-01-23 00:00:00,32.25,119.25,-6.2,6.0
2024-01-23 01:00:00,32.25,119.25,-5.1,6.0
2024-01-23 02:00:00,32.25,119.25,-3.8,6.0
2024-01-23 03:00:00,32.25,119.25,-2.6,6.0
2024-01-23 04:00:00,32.25,119.25,-1.7,6.0
2024-01-23 05:00:00,32.25,119.25,-1.0,6.0
2024-01-23 06:00:00,32.25,119.25,-1.3,6.0
2024-01-23 07:00:00,32.25,119.25,-1.1,6.0
2024-01-23 08:00:00,32.25,119.25,-1.2,6.0
2024-01-23 09:00:00,32.25,119.25,-1.9,6.0
2024-01-23 10:00:00,32.25,119.25,-3.0,6.0
2024-01-23 11:00:00,32.25,119.25,-3.3,6.0
2024-01-23 12:00:00,32.25,119.25,-3.0,6.0
2024-01-23 13:00:00,32.25,119.25,-3.3,6.0
2024-01-23 14:00:00,32.25,119.25,-3.1,6.0
2024-01-23 15:00:00,32.25,119.25,-3.3,6.0
2024-01-23 16:00:00,32.25,119.25,-3.3,6.0
2024-01-23 17:00:00,32.25,119.25,-3.2,6.0
2024-01-23 18:00:00,32.25,119.25,-3.2,6.0
2024-01-23 19:00:00,32.25,119.25,-3.4,6.0
2024-01-23 20:00:00,32.25,119.25,-3.5,6.0
2024-01-23 21:00:00,32.25,119.25,-3.7,6.0
2024-01-23 22:00:00,32.25,119.25,-3.9,6.0
2024-01-23 23:00:00,32.25,119.25,-3.9,6.0
2024-01-24 00:00:00,32.25,119.25,-3.2,6.0
2024-01-24 01:00:00,32.25,119.25,-1.6,6.0
2024-01-24 02:00:00,32.25,119.25,-0.2,6.0
2024-01-24 03:00:00,32.25,119.25,0.9,6.0
2024-01-24 04:00:00,32.25,119.25,1.8,6.0
2024-01-24 05:00:00,32.25,119.25,2.5,6.0
2024-01-24 06:00:00,32.25,119.25,2.8,6.0
2024-01-24 07:00:00,32.25,119.25,2.9,6.0
2024-01-24 08:00:00,32.25,119.25,2.6,6.0
2024-01-24 09:00:00,32.25,119.25,0.8,6.0
2024-01-24 10:00:00,32.25,119.25,-0.7,6.0
2024-01-24 11:00:00,32.25,119.25,-1.1,6.0
2024-01-24 12:00:00,32.25,119.25,-1.3,6.0
2024-01-24 13:00:00,32.25,119.25,-1.4,6.0
2024-01-24 14:00:00,32.25,119.25,-1.5,6.0
2024-01-24 15:00:00,32.25,119.25,-1.7,6.0
2024-01-24 16:00:00,32.25,119.25,-1.8,6.0
2024-01-24 17:00:00,32.25,119.25,-1.9,6.0
2024-01-24 18:00:00,32.25,119.25,-2.0,6.0
2024-01-24 19:00:00,32.25,119.25,-2.0,6.0
2024-01-24 20:00:00,32.25,119.25,-2.1,6.0
2024-01-24 21:00:00,32.25,119.25,-1.9,6.0
2024-01-24 22:00:00,32.25,119.25,-1.9,6.0
2024-01-24 23:00:00,32.25,119.25,-1.9,6.0
2024-01-22 00:00:00,32.25,119.5,-3.7,5.0
2024-01-22 01:00:00,32.25,119.5,-3.2,5.0
2024-01-22 02:00:00,32.25,119.5,-2.6,5.0
2024-01-22 03:00:00,32.25,119.5,-2.2,5.0
2024-01-22 04:00:00,32.25,119.5,-2.1,5.0
2024-01-22 05:00:00,32.25,119.5,-1.8,5.0
2024-01-22 06:00:00,32.25,119.5,-1.9,5.0
2024-01-22 07:00:00,32.25,119.5,-1.8,5.0
2024-01-22 08:00:00,32.25,119.5,-2.1,5.0
2024-01-22 09:00:00,32.25,119.5,-2.4,5.0
2024-01-22 10:00:00,32.25,119.5,-2.9,5.0
2024-01-22 11:00:00,32.25,119.5,-2.9,5.0
2024-01-22 12:00:00,32.25,119.5,-3.1,5.0
2024-01-22 13:00:00,32.25,119.5,-3.2,5.0
2024-01-22 14:00:00,32.25,119.5,-3.4,5.0
2024-01-22 15:00:00,32.25,119.5,-3.6,5.0
2024-01-22 16:00:00,32.25,119.5,-4.0,5.0
2024-01-22 17:00:00,32.25,119.5,-4.3,5.0
2024-01-22 18:00:00,32.25,119.5,-4.8,5.0
2024-01-22 19:00:00,32.25,119.5,-5.2,5.0
2024-01-22 20:00:00,32.25,119.5,-5.6,5.0
2024-01-22 21:00:00,32.25,119.5,-5.8,5.0
2024-01-22 22:00:00,32.25,119.5,-5.8,5.0
2024-01-22 23:00:00,32.25,119.5,-5.9,5.0
2024-01-23 00:00:00,32.25,119.5,-5.6,5.0
2024-01-23 01:00:00,32.25,119.5,-4.6,5.0
2024-01-23 02:00:00,32.25,119.5,-3.5,5.0
2024-01-23 03:00:00,32.25,119.5,-2.7,5.0
2024-01-23 04:00:00,32.25,119.5,-1.7,5.0
2024-01-23 05:00:00,32.25,119.5,-1.5,5.0
2024-01-23 06:00:00,32.25,119.5,-1.1,5.0
2024-01-23 07:00:00,32.25,119.5,-1.0,5.0
2024-01-23 08:00:00,32.25,119.5,-1.1,5.0
2024-01-23 09:00:00,32.25,119.5,-1.9,5.0
2024-01-23 10:00:00,32.25,119.5,-2.9,5.0
2024-01-23 11:00:00,32.25,119.5,-3.3,5.0
2024-01-23 12:00:00,32.25,119.5,-3.2,5.0
2024-01-23 13:00:00,32.25,119.5,-3.3,5.0
2024-01-23 14:00:00,32.25,119.5,-3.3,5.0
2024-01-23 15:00:00,32.25,119.5,-3.5,5.0
2024-01-23 16:00:00,32.25,119.5,-3.5,5.0
2024-01-23 17:00:00,32.25,119.5,-3.5,5.0
2024-01-23 18:00:00,32.25,119.5,-3.5,5.0
2024-01-23 19:00:00,32.25,119.5,-3.6,5.0
2024-01-23 20:00:00,32.25,119.5,-3.7,5.0
2024-01-23 21:00:00,32.25,119.5,-3.9,5.0
2024-01-23 22:00:00,32.25,119.5,-4.0,5.0
2024-01-23 23:00:00,32.25,119.5,-4.1,5.0
2024-01-24 00:00:00,32.25,119.5,-3.3,5.0
2024-01-24 01:00:00,32.25,119.5,-1.5,5.0
2024-01-24 02:00:00,32.25,119.5,-0.0,5.0
2024-01-24 03:00:00,32.25,119.5,1.0,5.0
2024-01-24 04:00:00,32.25,119.5,1.9,5.0
2024-01-24 05:00:00,32.25,119.5,2.6,5.0
2024-01-24 06:00:00,32.25,119.5,2.8,5.0
2024-01-24 07:00:00,32.25,119.5,2.9,5.0
2024-01-24 08:00:00,32.25,119.5,2.6,5.0
2024-01-24 09:00:00,32.25,119.5,0.8,5.0
2024-01-24 10:00:00,32.25,119.5,-0.6,5.0
2024-01-24 11:00:00,32.25,119.5,-1.0,5.0
2024-01-24 12:00:00,32.25,119.5,-1.3,5.0
2024-01-24 13:00:00,32.25,119.5,-1.4,5.0
2024-01-24 14:00:00,32.25,119.5,-1.6,5.0
2024-01-24 15:00:00,32.25,119.5,-1.7,5.0
2024-01-24 16:00:00,32.25,119.5,-2.0,5.0
2024-01-24 17:00:00,32.25,119.5,-2.1,5.0
2024-01-24 18:00:00,32.25,119.5,-2.1,5.0
2024-01-24 19:00:00,32.25,119.5,-2.2,5.0
2024-01-24 20:00:00,32.25,119.5,-2.2,5.0
2024-01-24 21:00:00,32.25,119.5,-1.9,5.0
2024-01-24 22:00:00,32.25,119.5,-1.8,5.0
2024-01-24 23:00:00,32.25,119.5,-2.0,5.0
2024-01-22 00:00:00,32.25,119.75,-3.2,6.0
2024-01-22 01:00:00,32.25,119.75,-3.1,6.0
2024-01-22 02:00:00,32.25,119.75,-2.7,6.0
2024-01-22 03:00:00,32.25,119.75,-2.2,6.0
2024-01-22 04:00:00,32.25,119.75,-1.9,6.0
2024-01-22 05:00:00,32.25,119.75,-1.7,6.0
2024-01-22 06:00:00,32.25,119.75,-1.9,6.0
2024-01-22 07:00:00,32.25,119.75,-1.8,6.0
2024-01-22 08:00:00,32.25,119.75,-2.0,6.0
2024-01-22 09:00:00,32.25,119.75,-2.2,6.0
2024-01-22 10:00:00,32.25,119.75,-2.6,6.0
2024-01-22 11:00:00,32.25,119.75,-2.6,6.0
2024-01-22 12:00:00,32.25,119.75,-2.9,6.0
2024-01-22 13:00:00,32.25,119.75,-3.0,6.0
2024-01-22 14:00:00,32.25,119.75,-3.2,6.0
2024-01-22 15:00:00,32.25,119.75,-3.4,6.0
2024-01-22 16:00:00,32.25,119.75,-3.8,6.0
2024-01-22 17:00:00,32.25,119.75,-4.1,6.0
2024-01-22 18:00:00,32.25,119.75,-4.8,6.0
2024-01-22 19:00:00,32.25,119.75,-5.3,6.0
2024-01-22 20:00:00,32.25,119.75,-5.7,6.0
2024-01-22 21:00:00,32.25,119.75,-5.9,6.0
2024-01-22 22:00:00,32.25,119.75,-6.0,6.0
2024-01-22 23:00:00,32.25,119.75,-6.1,6.0
2024-01-23 00:00:00,32.25,119.75,-5.9,6.0
2024-01-23 01:00:00,32.25,119.75,-5.1,6.0
2024-01-23 02:00:00,32.25,119.75,-4.0,6.0
2024-01-23 03:00:00,32.25,119.75,-3.0,6.0
2024-01-23 04:00:00,32.25,119.75,-2.1,6.0
2024-01-23 05:00:00,32.25,119.75,-1.6,6.0
2024-01-23 06:00:00,32.25,119.75,-1.4,6.0
2024-01-23 07:00:00,32.25,119.75,-1.0,6.0
2024-01-23 08:00:00,32.25,119.75,-1.0,6.0
2024-01-23 09:00:00,32.25,119.75,-1.7,6.0
2024-01-23 10:00:00,32.25,119.75,-2.5,6.0
2024-01-23 11:00:00,32.25,119.75,-3.0,6.0
2024-01-23 12:00:00,32.25,119.75,-3.3,6.0
2024-01-23 13:00:00,32.25,119.75,-3.3,6.0
2024-01-23 14:00:00,32.25,119.75,-3.3,6.0
2024-01-23 15:00:00,32.25,119.75,-3.5,6.0
2024-01-23 16:00:00,32.25,119.75,-3.5,6.0
2024-01-23 17:00:00,32.25,119.75,-3.3,6.0
2024-01-23 18:00:00,32.25,119.75,-3.4,6.0
2024-01-23 19:00:00,32.25,119.75,-3.6,6.0
2024-01-23 20:00:00,32.25,119.75,-3.7,6.0
2024-01-23 21:00:00,32.25,119.75,-3.8,6.0
2024-01-23 22:00:00,32.25,119.75,-3.9,6.0
2024-01-23 23:00:00,32.25,119.75,-4.0,6.0
2024-01-24 00:00:00,32.25,119.75,-3.3,6.0
2024-01-24 01:00:00,32.25,119.75,-1.6,6.0
2024-01-24 02:00:00,32.25,119.75,-0.1,6.0
2024-01-24 03:00:00,32.25,119.75,1.0,6.0
2024-01-24 04:00:00,32.25,119.75,1.8,6.0
2024-01-24 05:00:00,32.25,119.75,2.6,6.0
2024-01-24 06:00:00,32.25,119.75,2.8,6.0
2024-01-24 07:00:00,32.25,119.75,2.9,6.0
2024-01-24 08:00:00,32.25,119.75,2.7,6.0
2024-01-24 09:00:00,32.25,119.75,1.2,6.0
2024-01-24 10:00:00,32.25,119.75,-0.1,6.0
2024-01-24 11:00:00,32.25,119.75,-0.5,6.0
2024-01-24 12:00:00,32.25,119.75,-0.8,6.0
2024-01-24 13:00:00,32.25,119.75,-0.9,6.0
2024-01-24 14:00:00,32.25,119.75,-1.1,6.0
2024-01-24 15:00:00,32.25,119.75,-1.3,6.0
2024-01-24 16:00:00,32.25,119.75,-1.5,6.0
2024-01-24 17:00:00,32.25,119.75,-1.6,6.0
2024-01-24 18:00:00,32.25,119.75,-1.7,6.0
2024-01-24 19:00:00,32.25,119.75,-1.8,6.0
2024-01-24 20:00:00,32.25,119.75,-1.8,6.0
2024-01-24 21:00:00,32.25,119.75,-1.5,6.0
2024-01-24 22:00:00,32.25,119.75,-1.4,6.0
2024-01-24 23:00:00,32.25,119.75,-1.6,6.0
2024-01-22 00:00:00,32.25,120.0,-3.8,4.0
2024-01-22 01:00:00,32.25,120.0,-3.1,4.0
2024-01-22 02:00:00,32.25,120.0,-2.5,4.0
2024-01-22 03:00:00,32.25,120.0,-1.9,4.0
2024-01-22 04:00:00,32.25,120.0,-1.5,4.0
2024-01-22 05:00:00,32.25,120.0,-1.4,4.0
2024-01-22 06:00:00,32.25,120.0,-1.4,4.0
2024-01-22 07:00:00,32.25,120.0,-1.6,4.0
2024-01-22 08:00:00,32.25,120.0,-1.9,4.0
2024-01-22 09:00:00,32.25,120.0,-2.4,4.0
2024-01-22 10:00:00,32.25,120.0,-3.1,4.0
2024-01-22 11:00:00,32.25,120.0,-3.0,4.0
2024-01-22 12:00:00,32.25,120.0,-3.3,4.0
2024-01-22 13:00:00,32.25,120.0,-3.6,4.0
2024-01-22 14:00:00,32.25,120.0,-3.9,4.0
2024-01-22 15:00:00,32.25,120.0,-4.2,4.0
2024-01-22 16:00:00,32.25,120.0,-4.6,4.0
2024-01-22 17:00:00,32.25,120.0,-5.0,4.0
2024-01-22 18:00:00,32.25,120.0,-5.6,4.0
2024-01-22 19:00:00,32.25,120.0,-6.1,4.0
2024-01-22 20:00:00,32.25,120.0,-6.5,4.0
2024-01-22 21:00:00,32.25,120.0,-6.8,4.0
2024-01-22 22:00:00,32.25,120.0,-7.1,4.0
2024-01-22 23:00:00,32.25,120.0,-7.3,4.0
2024-01-23 00:00:00,32.25,120.0,-7.0,4.0
2024-01-23 01:00:00,32.25,120.0,-5.7,4.0
2024-01-23 02:00:00,32.25,120.0,-4.4,4.0
2024-01-23 03:00:00,32.25,120.0,-3.1,4.0
2024-01-23 04:00:00,32.25,120.0,-2.0,4.0
2024-01-23 05:00:00,32.25,120.0,-1.5,4.0
2024-01-23 06:00:00,32.25,120.0,-1.2,4.0
2024-01-23 07:00:00,32.25,120.0,-1.1,4.0
2024-01-23 08:00:00,32.25,120.0,-1.0,4.0
2024-01-23 09:00:00,32.25,120.0,-1.9,4.0
2024-01-23 10:00:00,32.25,120.0,-3.3,4.0
2024-01-23 11:00:00,32.25,120.0,-3.8,4.0
2024-01-23 12:00:00,32.25,120.0,-3.9,4.0
2024-01-23 13:00:00,32.25,120.0,-3.6,4.0
2024-01-23 14:00:00,32.25,120.0,-3.5,4.0
2024-01-23 15:00:00,32.25,120.0,-3.7,4.0
2024-01-23 16:00:00,32.25,120.0,-3.7,4.0
2024-01-23 17:00:00,32.25,120.0,-3.7,4.0
2024-01-23 18:00:00,32.25,120.0,-3.8,4.0
2024-01-23 19:00:00,32.25,120.0,-4.0,4.0
2024-01-23 20:00:00,32.25,120.0,-4.0,4.0
2024-01-23 21:00:00,32.25,120.0,-4.1,4.0
2024-01-23 22:00:00,32.25,120.0,-4.2,4.0
2024-01-23 23:00:00,32.25,120.0,-4.3,4.0
2024-01-24 00:00:00,32.25,120.0,-3.2,4.0
2024-01-24 01:00:00,32.25,120.0,-1.2,4.0
2024-01-24 02:00:00,32.25,120.0,0.4,4.0
2024-01-24 03:00:00,32.25,120.0,1.7,4.0
2024-01-24 04:00:00,32.25,120.0,2.8,4.0
2024-01-24 05:00:00,32.25,120.0,3.3,4.0
2024-01-24 06:00:00,32.25,120.0,3.5,4.0
2024-01-24 07:00:00,32.25,120.0,3.3,4.0
2024-01-24 08:00:00,32.25,120.0,2.9,4.0
2024-01-24 09:00:00,32.25,120.0,0.7,4.0
2024-01-24 10:00:00,32.25,120.0,-1.0,4.0
2024-01-24 11:00:00,32.25,120.0,-1.5,4.0
2024-01-24 12:00:00,32.25,120.0,-1.7,4.0
2024-01-24 13:00:00,32.25,120.0,-1.9,4.0
2024-01-24 14:00:00,32.25,120.0,-2.1,4.0
2024-01-24 15:00:00,32.25,120.0,-2.1,4.0
2024-01-24 16:00:00,32.25,120.0,-2.3,4.0
2024-01-24 17:00:00,32.25,120.0,-2.5,4.0
2024-01-24 18:00:00,32.25,120.0,-2.6,4.0
2024-01-24 19:00:00,32.25,120.0,-2.7,4.0
2024-01-24 20:00:00,32.25,120.0,-2.8,4.0
2024-01-24 21:00:00,32.25,120.0,-2.7,4.0
2024-01-24 22:00:00,32.25,120.0,-2.4,4.0
2024-01-24 23:00:00,32.25,120.0,-2.5,4.0
2024-01-22 00:00:00,32.25,120.25,-3.6,5.0
2024-01-22 01:00:00,32.25,120.25,-2.9,5.0
2024-01-22 02:00:00,32.25,120.25,-2.4,5.0
2024-01-22 03:00:00,32.25,120.25,-1.7,5.0
2024-01-22 04:00:00,32.25,120.25,-1.3,5.0
2024-01-22 05:00:00,32.25,120.25,-1.4,5.0
2024-01-22 06:00:00,32.25,120.25,-1.3,5.0
2024-01-22 07:00:00,32.25,120.25,-1.5,5.0
2024-01-22 08:00:00,32.25,120.25,-1.8,5.0
2024-01-22 09:00:00,32.25,120.25,-2.4,5.0
2024-01-22 10:00:00,32.25,120.25,-3.0,5.0
2024-01-22 11:00:00,32.25,120.25,-3.0,5.0
2024-01-22 12:00:00,32.25,120.25,-3.4,5.0
2024-01-22 13:00:00,32.25,120.25,-3.6,5.0
2024-01-22 14:00:00,32.25,120.25,-4.0,5.0
2024-01-22 15:00:00,32.25,120.25,-4.2,5.0
2024-01-22 16:00:00,32.25,120.25,-4.6,5.0
2024-01-22 17:00:00,32.25,120.25,-4.9,5.0
2024-01-22 18:00:00,32.25,120.25,-5.6,5.0
2024-01-22 19:00:00,32.25,120.25,-6.0,5.0
2024-01-22 20:00:00,32.25,120.25,-6.4,5.0
2024-01-22 21:00:00,32.25,120.25,-6.8,5.0
2024-01-22 22:00:00,32.25,120.25,-7.0,5.0
2024-01-22 23:00:00,32.25,120.25,-7.2,5.0
2024-01-23 00:00:00,32.25,120.25,-6.9,5.0
2024-01-23 01:00:00,32.25,120.25,-5.6,5.0
2024-01-23 02:00:00,32.25,120.25,-4.2,5.0
2024-01-23 03:00:00,32.25,120.25,-3.0,5.0
2024-01-23 04:00:00,32.25,120.25,-2.0,5.0
2024-01-23 05:00:00,32.25,120.25,-1.5,5.0
2024-01-23 06:00:00,32.25,120.25,-1.1,5.0
2024-01-23 07:00:00,32.25,120.25,-0.9,5.0
2024-01-23 08:00:00,32.25,120.25,-1.0,5.0
2024-01-23 09:00:00,32.25,120.25,-1.9,5.0
2024-01-23 10:00:00,32.25,120.25,-3.3,5.0
2024-01-23 11:00:00,32.25,120.25,-3.9,5.0
2024-01-23 12:00:00,32.25,120.25,-4.1,5.0
2024-01-23 13:00:00,32.25,120.25,-4.2,5.0
2024-01-23 14:00:00,32.25,120.25,-4.3,5.0
2024-01-23 15:00:00,32.25,120.25,-4.2,5.0
2024-01-23 16:00:00,32.25,120.25,-4.2,5.0
2024-01-23 17:00:00,32.25,120.25,-4.1,5.0
2024-01-23 18:00:00,32.25,120.25,-4.2,5.0
2024-01-23 19:00:00,32.25,120.25,-4.2,5.0
2024-01-23 20:00:00,32.25,120.25,-4.2,5.0
2024-01-23 21:00:00,32.25,120.25,-4.2,5.0
2024-01-23 22:00:00,32.25,120.25,-4.3,5.0
2024-01-23 23:00:00,32.25,120.25,-4.3,5.0
2024-01-24 00:00:00,32.25,120.25,-3.2,5.0
2024-01-24 01:00:00,32.25,120.25,-1.2,5.0
2024-01-24 02:00:00,32.25,120.25,0.4,5.0
2024-01-24 03:00:00,32.25,120.25,1.7,5.0
2024-01-24 04:00:00,32.25,120.25,2.7,5.0
2024-01-24 05:00:00,32.25,120.25,3.3,5.0
2024-01-24 06:00:00,32.25,120.25,3.7,5.0
2024-01-24 07:00:00,32.25,120.25,3.6,5.0
2024-01-24 08:00:00,32.25,120.25,3.1,5.0
2024-01-24 09:00:00,32.25,120.25,0.8,5.0
2024-01-24 10:00:00,32.25,120.25,-1.0,5.0
2024-01-24 11:00:00,32.25,120.25,-1.6,5.0
2024-01-24 12:00:00,32.25,120.25,-1.9,5.0
2024-01-24 13:00:00,32.25,120.25,-2.1,5.0
2024-01-24 14:00:00,32.25,120.25,-2.2,5.0
2024-01-24 15:00:00,32.25,120.25,-2.4,5.0
2024-01-24 16:00:00,32.25,120.25,-2.6,5.0
2024-01-24 17:00:00,32.25,120.25,-2.7,5.0
2024-01-24 18:00:00,32.25,120.25,-2.7,5.0
2024-01-24 19:00:00,32.25,120.25,-2.8,5.0
2024-01-24 20:00:00,32.25,120.25,-2.8,5.0
2024-01-24 21:00:00,32.25,120.25,-2.9,5.0
2024-01-24 22:00:00,32.25,120.25,-2.5,5.0
2024-01-24 23:00:00,32.25,120.25,-2.5,5.0
2024-01-22 00:00:00,32.25,120.5,-3.4,5.0
2024-01-22 01:00:00,32.25,120.5,-2.7,5.0
2024-01-22 02:00:00,32.25,120.5,-2.2,5.0
2024-01-22 03:00:00,32.25,120.5,-1.5,5.0
2024-01-22 04:00:00,32.25,120.5,-1.1,5.0
2024-01-22 05:00:00,32.25,120.5,-1.0,5.0
2024-01-22 06:00:00,32.25,120.5,-1.3,5.0
2024-01-22 07:00:00,32.25,120.5,-1.2,5.0
2024-01-22 08:00:00,32.25,120.5,-1.6,5.0
2024-01-22 09:00:00,32.25,120.5,-2.2,5.0
2024-01-22 10:00:00,32.25,120.5,-2.8,5.0
2024-01-22 11:00:00,32.25,120.5,-2.8,5.0
2024-01-22 12:00:00,32.25,120.5,-3.4,5.0
2024-01-22 13:00:00,32.25,120.5,-3.7,5.0
2024-01-22 14:00:00,32.25,120.5,-4.0,5.0
2024-01-22 15:00:00,32.25,120.5,-4.2,5.0
2024-01-22 16:00:00,32.25,120.5,-4.5,5.0
2024-01-22 17:00:00,32.25,120.5,-4.9,5.0
2024-01-22 18:00:00,32.25,120.5,-5.5,5.0
2024-01-22 19:00:00,32.25,120.5,-5.9,5.0
2024-01-22 20:00:00,32.25,120.5,-6.3,5.0
2024-01-22 21:00:00,32.25,120.5,-6.6,5.0
2024-01-22 22:00:00,32.25,120.5,-6.9,5.0
2024-01-22 23:00:00,32.25,120.5,-7.1,5.0
2024-01-23 00:00:00,32.25,120.5,-6.7,5.0
2024-01-23 01:00:00,32.25,120.5,-5.5,5.0
2024-01-23 02:00:00,32.25,120.5,-4.1,5.0
2024-01-23 03:00:00,32.25,120.5,-2.9,5.0
2024-01-23 04:00:00,32.25,120.5,-2.0,5.0
2024-01-23 05:00:00,32.25,120.5,-1.4,5.0
2024-01-23 06:00:00,32.25,120.5,-1.1,5.0
2024-01-23 07:00:00,32.25,120.5,-0.9,5.0
2024-01-23 08:00:00,32.25,120.5,-1.0,5.0
2024-01-23 09:00:00,32.25,120.5,-1.9,5.0
2024-01-23 10:00:00,32.25,120.5,-3.2,5.0
2024-01-23 11:00:00,32.25,120.5,-3.8,5.0
2024-01-23 12:00:00,32.25,120.5,-4.2,5.0
2024-01-23 13:00:00,32.25,120.5,-4.1,5.0
2024-01-23 14:00:00,32.25,120.5,-4.3,5.0
2024-01-23 15:00:00,32.25,120.5,-4.3,5.0
2024-01-23 16:00:00,32.25,120.5,-4.2,5.0
2024-01-23 17:00:00,32.25,120.5,-4.0,5.0
2024-01-23 18:00:00,32.25,120.5,-4.1,5.0
2024-01-23 19:00:00,32.25,120.5,-4.2,5.0
2024-01-23 20:00:00,32.25,120.5,-4.0,5.0
2024-01-23 21:00:00,32.25,120.5,-4.1,5.0
2024-01-23 22:00:00,32.25,120.5,-4.2,5.0
2024-01-23 23:00:00,32.25,120.5,-4.3,5.0
2024-01-24 00:00:00,32.25,120.5,-3.2,5.0
2024-01-24 01:00:00,32.25,120.5,-1.3,5.0
2024-01-24 02:00:00,32.25,120.5,0.4,5.0
2024-01-24 03:00:00,32.25,120.5,1.7,5.0
2024-01-24 04:00:00,32.25,120.5,2.7,5.0
2024-01-24 05:00:00,32.25,120.5,3.4,5.0
2024-01-24 06:00:00,32.25,120.5,3.8,5.0
2024-01-24 07:00:00,32.25,120.5,3.6,5.0
2024-01-24 08:00:00,32.25,120.5,3.1,5.0
2024-01-24 09:00:00,32.25,120.5,0.9,5.0
2024-01-24 10:00:00,32.25,120.5,-0.9,5.0
2024-01-24 11:00:00,32.25,120.5,-1.5,5.0
2024-01-24 12:00:00,32.25,120.5,-1.9,5.0
2024-01-24 13:00:00,32.25,120.5,-2.1,5.0
2024-01-24 14:00:00,32.25,120.5,-2.4,5.0
2024-01-24 15:00:00,32.25,120.5,-2.6,5.0
2024-01-24 16:00:00,32.25,120.5,-2.7,5.0
2024-01-24 17:00:00,32.25,120.5,-2.7,5.0
2024-01-24 18:00:00,32.25,120.5,-2.8,5.0
2024-01-24 19:00:00,32.25,120.5,-2.9,5.0
2024-01-24 20:00:00,32.25,120.5,-2.9,5.0
2024-01-24 21:00:00,32.25,120.5,-2.9,5.0
2024-01-24 22:00:00,32.25,120.5,-2.6,5.0
2024-01-24 23:00:00,32.25,120.5,-2.7,5.0
2024-01-22 00:00:00,32.25,120.75,-3.3,4.0
2024-01-22 01:00:00,32.25,120.75,-2.4,4.0
2024-01-22 02:00:00,32.25,120.75,-1.9,4.0
2024-01-22 03:00:00,32.25,120.75,-1.3,4.0
2024-01-22 04:00:00,32.25,120.75,-0.8,4.0
2024-01-22 05:00:00,32.25,120.75,-0.6,4.0
2024-01-22 06:00:00,32.25,120.75,-0.9,4.0
2024-01-22 07:00:00,32.25,120.75,-0.9,4.0
2024-01-22 08:00:00,32.25,120.75,-1.3,4.0
2024-01-22 09:00:00,32.25,120.75,-1.9,4.0
2024-01-22 10:00:00,32.25,120.75,-2.4,4.0
2024-01-22 11:00:00,32.25,120.75,-2.7,4.0
2024-01-22 12:00:00,32.25,120.75,-3.2,4.0
2024-01-22 13:00:00,32.25,120.75,-3.7,4.0
2024-01-22 14:00:00,32.25,120.75,-3.9,4.0
2024-01-22 15:00:00,32.25,120.75,-4.1,4.0
2024-01-22 16:00:00,32.25,120.75,-4.4,4.0
2024-01-22 17:00:00,32.25,120.75,-4.7,4.0
2024-01-22 18:00:00,32.25,120.75,-5.3,4.0
2024-01-22 19:00:00,32.25,120.75,-5.7,4.0
2024-01-22 20:00:00,32.25,120.75,-6.1,4.0
2024-01-22 21:00:00,32.25,120.75,-6.4,4.0
2024-01-22 22:00:00,32.25,120.75,-6.6,4.0
2024-01-22 23:00:00,32.25,120.75,-6.8,4.0
2024-01-23 00:00:00,32.25,120.75,-6.5,4.0
2024-01-23 01:00:00,32.25,120.75,-5.2,4.0
2024-01-23 02:00:00,32.25,120.75,-3.8,4.0
2024-01-23 03:00:00,32.25,120.75,-2.7,4.0
2024-01-23 04:00:00,32.25,120.75,-1.7,4.0
2024-01-23 05:00:00,32.25,120.75,-1.2,4.0
2024-01-23 06:00:00,32.25,120.75,-1.0,4.0
2024-01-23 07:00:00,32.25,120.75,-0.8,4.0
2024-01-23 08:00:00,32.25,120.75,-1.0,4.0
2024-01-23 09:00:00,32.25,120.75,-1.8,4.0
2024-01-23 10:00:00,32.25,120.75,-3.1,4.0
2024-01-23 11:00:00,32.25,120.75,-3.9,4.0
2024-01-23 12:00:00,32.25,120.75,-4.2,4.0
2024-01-23 13:00:00,32.25,120.75,-4.2,4.0
2024-01-23 14:00:00,32.25,120.75,-4.1,4.0
2024-01-23 15:00:00,32.25,120.75,-4.1,4.0
2024-01-23 16:00:00,32.25,120.75,-4.3,4.0
2024-01-23 17:00:00,32.25,120.75,-3.9,4.0
2024-01-23 18:00:00,32.25,120.75,-4.0,4.0
2024-01-23 19:00:00,32.25,120.75,-4.0,4.0
2024-01-23 20:00:00,32.25,120.75,-4.1,4.0
2024-01-23 21:00:00,32.25,120.75,-4.1,4.0
2024-01-23 22:00:00,32.25,120.75,-4.1,4.0
2024-01-23 23:00:00,32.25,120.75,-4.2,4.0
2024-01-24 00:00:00,32.25,120.75,-3.3,4.0
2024-01-24 01:00:00,32.25,120.75,-1.4,4.0
2024-01-24 02:00:00,32.25,120.75,0.3,4.0
2024-01-24 03:00:00,32.25,120.75,1.6,4.0
2024-01-24 04:00:00,32.25,120.75,2.7,4.0
2024-01-24 05:00:00,32.25,120.75,3.3,4.0
2024-01-24 06:00:00,32.25,120.75,3.7,4.0
2024-01-24 07:00:00,32.25,120.75,3.5,4.0
2024-01-24 08:00:00,32.25,120.75,3.1,4.0
2024-01-24 09:00:00,32.25,120.75,0.8,4.0
2024-01-24 10:00:00,32.25,120.75,-0.9,4.0
2024-01-24 11:00:00,32.25,120.75,-1.4,4.0
2024-01-24 12:00:00,32.25,120.75,-1.8,4.0
2024-01-24 13:00:00,32.25,120.75,-2.1,4.0
2024-01-24 14:00:00,32.25,120.75,-2.4,4.0
2024-01-24 15:00:00,32.25,120.75,-2.5,4.0
2024-01-24 16:00:00,32.25,120.75,-2.6,4.0
2024-01-24 17:00:00,32.25,120.75,-2.7,4.0
2024-01-24 18:00:00,32.25,120.75,-2.7,4.0
2024-01-24 19:00:00,32.25,120.75,-2.8,4.0
2024-01-24 20:00:00,32.25,120.75,-2.9,4.0
2024-01-24 21:00:00,32.25,120.75,-3.0,4.0
2024-01-24 22:00:00,32.25,120.75,-2.8,4.0
2024-01-24 23:00:00,32.25,120.75,-2.7,4.0
2024-01-22 00:00:00,32.25,121.0,-3.1,5.0
2024-01-22 01:00:00,32.25,121.0,-2.1,5.0
2024-01-22 02:00:00,32.25,121.0,-1.7,5.0
2024-01-22 03:00:00,32.25,121.0,-1.2,5.0
2024-01-22 04:00:00,32.25,121.0,-0.8,5.0
2024-01-22 05:00:00,32.25,121.0,-0.6,5.0
2024-01-22 06:00:00,32.25,121.0,-0.8,5.0
2024-01-22 07:00:00,32.25,121.0,-0.9,5.0
2024-01-22 08:00:00,32.25,121.0,-1.1,5.0
2024-01-22 09:00:00,32.25,121.0,-1.7,5.0
2024-01-22 10:00:00,32.25,121.0,-2.3,5.0
2024-01-22 11:00:00,32.25,121.0,-2.7,5.0
2024-01-22 12:00:00,32.25,121.0,-3.1,5.0
2024-01-22 13:00:00,32.25,121.0,-3.7,5.0
2024-01-22 14:00:00,32.25,121.0,-4.0,5.0
2024-01-22 15:00:00,32.25,121.0,-4.2,5.0
2024-01-22 16:00:00,32.25,121.0,-4.4,5.0
2024-01-22 17:00:00,32.25,121.0,-4.7,5.0
2024-01-22 18:00:00,32.25,121.0,-5.2,5.0
2024-01-22 19:00:00,32.25,121.0,-5.7,5.0
2024-01-22 20:00:00,32.25,121.0,-6.0,5.0
2024-01-22 21:00:00,32.25,121.0,-6.5,5.0
2024-01-22 22:00:00,32.25,121.0,-6.7,5.0
2024-01-22 23:00:00,32.25,121.0,-6.7,5.0
2024-01-23 00:00:00,32.25,121.0,-6.4,5.0
2024-01-23 01:00:00,32.25,121.0,-5.3,5.0
2024-01-23 02:00:00,32.25,121.0,-3.7,5.0
2024-01-23 03:00:00,32.25,121.0,-2.4,5.0
2024-01-23 04:00:00,32.25,121.0,-1.6,5.0
2024-01-23 05:00:00,32.25,121.0,-1.0,5.0
2024-01-23 06:00:00,32.25,121.0,-0.9,5.0
2024-01-23 07:00:00,32.25,121.0,-1.0,5.0
2024-01-23 08:00:00,32.25,121.0,-1.2,5.0
2024-01-23 09:00:00,32.25,121.0,-2.2,5.0
2024-01-23 10:00:00,32.25,121.0,-3.3,5.0
2024-01-23 11:00:00,32.25,121.0,-3.7,5.0
2024-01-23 12:00:00,32.25,121.0,-4.3,5.0
2024-01-23 13:00:00,32.25,121.0,-4.4,5.0
2024-01-23 14:00:00,32.25,121.0,-4.1,5.0
2024-01-23 15:00:00,32.25,121.0,-4.0,5.0
2024-01-23 16:00:00,32.25,121.0,-4.2,5.0
2024-01-23 17:00:00,32.25,121.0,-4.0,5.0
2024-01-23 18:00:00,32.25,121.0,-4.0,5.0
2024-01-23 19:00:00,32.25,121.0,-4.0,5.0
2024-01-23 20:00:00,32.25,121.0,-4.1,5.0
2024-01-23 21:00:00,32.25,121.0,-4.2,5.0
2024-01-23 22:00:00,32.25,121.0,-4.3,5.0
2024-01-23 23:00:00,32.25,121.0,-4.5,5.0
2024-01-24 00:00:00,32.25,121.0,-3.6,5.0
2024-01-24 01:00:00,32.25,121.0,-1.7,5.0
2024-01-24 02:00:00,32.25,121.0,0.1,5.0
2024-01-24 03:00:00,32.25,121.0,1.6,5.0
2024-01-24 04:00:00,32.25,121.0,2.7,5.0
2024-01-24 05:00:00,32.25,121.0,3.3,5.0
2024-01-24 06:00:00,32.25,121.0,3.7,5.0
2024-01-24 07:00:00,32.25,121.0,3.5,5.0
2024-01-24 08:00:00,32.25,121.0,3.0,5.0
2024-01-24 09:00:00,32.25,121.0,0.5,5.0
2024-01-24 10:00:00,32.25,121.0,-1.2,5.0
2024-01-24 11:00:00,32.25,121.0,-1.7,5.0
2024-01-24 12:00:00,32.25,121.0,-1.9,5.0
2024-01-24 13:00:00,32.25,121.0,-2.2,5.0
2024-01-24 14:00:00,32.25,121.0,-2.3,5.0
2024-01-24 15:00:00,32.25,121.0,-2.4,5.0
2024-01-24 16:00:00,32.25,121.0,-2.4,5.0
2024-01-24 17:00:00,32.25,121.0,-2.5,5.0
2024-01-24 18:00:00,32.25,121.0,-2.6,5.0
2024-01-24 19:00:00,32.25,121.0,-2.8,5.0
2024-01-24 20:00:00,32.25,121.0,-2.9,5.0
2024-01-24 21:00:00,32.25,121.0,-3.0,5.0
2024-01-24 22:00:00,32.25,121.0,-2.9,5.0
2024-01-24 23:00:00,32.25,121.0,-2.8,5.0
2024-01-22 00:00:00,32.25,121.25,-0.9,4.0
2024-01-22 01:00:00,32.25,121.25,-1.0,4.0
2024-01-22 02:00:00,32.25,121.25,-0.9,4.0
2024-01-22 03:00:00,32.25,121.25,-0.7,4.0
2024-01-22 04:00:00,32.25,121.25,-0.1,4.0
2024-01-22 05:00:00,32.25,121.25,-0.3,4.0
2024-01-22 06:00:00,32.25,121.25,-0.6,4.0
2024-01-22 07:00:00,32.25,121.25,-0.8,4.0
2024-01-22 08:00:00,32.25,121.25,-0.8,4.0
2024-01-22 09:00:00,32.25,121.25,-1.4,4.0
2024-01-22 10:00:00,32.25,121.25,-1.5,4.0
2024-01-22 11:00:00,32.25,121.25,-1.6,4.0
2024-01-22 12:00:00,32.25,121.25,-3.1,4.0
2024-01-22 13:00:00,32.25,121.25,-3.2,4.0
2024-01-22 14:00:00,32.25,121.25,-3.2,4.0
2024-01-22 15:00:00,32.25,121.25,-3.7,4.0
2024-01-22 16:00:00,32.25,121.25,-4.0,4.0
2024-01-22 17:00:00,32.25,121.25,-3.9,4.0
2024-01-22 18:00:00,32.25,121.25,-4.2,4.0
2024-01-22 19:00:00,32.25,121.25,-4.3,4.0
2024-01-22 20:00:00,32.25,121.25,-4.5,4.0
2024-01-22 21:00:00,32.25,121.25,-4.9,4.0
2024-01-22 22:00:00,32.25,121.25,-5.3,4.0
2024-01-22 23:00:00,32.25,121.25,-5.6,4.0
2024-01-23 00:00:00,32.25,121.25,-5.4,4.0
2024-01-23 01:00:00,32.25,121.25,-4.4,4.0
2024-01-23 02:00:00,32.25,121.25,-3.4,4.0
2024-01-23 03:00:00,32.25,121.25,-2.4,4.0
2024-01-23 04:00:00,32.25,121.25,-1.6,4.0
2024-01-23 05:00:00,32.25,121.25,-1.2,4.0
2024-01-23 06:00:00,32.25,121.25,-1.1,4.0
2024-01-23 07:00:00,32.25,121.25,-1.0,4.0
2024-01-23 08:00:00,32.25,121.25,-1.1,4.0
2024-01-23 09:00:00,32.25,121.25,-1.9,4.0
2024-01-23 10:00:00,32.25,121.25,-2.9,4.0
2024-01-23 11:00:00,32.25,121.25,-3.1,4.0
2024-01-23 12:00:00,32.25,121.25,-3.4,4.0
2024-01-23 13:00:00,32.25,121.25,-3.9,4.0
2024-01-23 14:00:00,32.25,121.25,-3.9,4.0
2024-01-23 15:00:00,32.25,121.25,-4.1,4.0
2024-01-23 16:00:00,32.25,121.25,-4.2,4.0
2024-01-23 17:00:00,32.25,121.25,-3.9,4.0
2024-01-23 18:00:00,32.25,121.25,-4.1,4.0
2024-01-23 19:00:00,32.25,121.25,-4.3,4.0
2024-01-23 20:00:00,32.25,121.25,-4.4,4.0
2024-01-23 21:00:00,32.25,121.25,-4.4,4.0
2024-01-23 22:00:00,32.25,121.25,-4.4,4.0
2024-01-23 23:00:00,32.25,121.25,-4.5,4.0
2024-01-24 00:00:00,32.25,121.25,-3.7,4.0
2024-01-24 01:00:00,32.25,121.25,-1.7,4.0
2024-01-24 02:00:00,32.25,121.25,0.0,4.0
2024-01-24 03:00:00,32.25,121.25,1.3,4.0
2024-01-24 04:00:00,32.25,121.25,2.2,4.0
2024-01-24 05:00:00,32.25,121.25,2.8,4.0
2024-01-24 06:00:00,32.25,121.25,2.9,4.0
2024-01-24 07:00:00,32.25,121.25,2.7,4.0
2024-01-24 08:00:00,32.25,121.25,2.0,4.0
2024-01-24 09:00:00,32.25,121.25,0.6,4.0
2024-01-24 10:00:00,32.25,121.25,-0.6,4.0
2024-01-24 11:00:00,32.25,121.25,-0.8,4.0
2024-01-24 12:00:00,32.25,121.25,-1.2,4.0
2024-01-24 13:00:00,32.25,121.25,-1.6,4.0
2024-01-24 14:00:00,32.25,121.25,-1.7,4.0
2024-01-24 15:00:00,32.25,121.25,-1.5,4.0
2024-01-24 16:00:00,32.25,121.25,-1.7,4.0
2024-01-24 17:00:00,32.25,121.25,-2.0,4.0
2024-01-24 18:00:00,32.25,121.25,-2.2,4.0
2024-01-24 19:00:00,32.25,121.25,-2.3,4.0
2024-01-24 20:00:00,32.25,121.25,-2.4,4.0
2024-01-24 21:00:00,32.25,121.25,-2.4,4.0
2024-01-24 22:00:00,32.25,121.25,-2.4,4.0
2024-01-24 23:00:00,32.25,121.25,-2.4,4.0
2024-01-22 00:00:00,32.25,121.5,-0.2,0.0
2024-01-22 01:00:00,32.25,121.5,-0.4,0.0
2024-01-22 02:00:00,32.25,121.5,-0.3,0.0
2024-01-22 03:00:00,32.25,121.5,-0.1,0.0
2024-01-22 04:00:00,32.25,121.5,0.1,0.0
2024-01-22 05:00:00,32.25,121.5,0.0,0.0
2024-01-22 06:00:00,32.25,121.5,-0.3,0.0
2024-01-22 07:00:00,32.25,121.5,-0.4,0.0
2024-01-22 08:00:00,32.25,121.5,-0.6,0.0
2024-01-22 09:00:00,32.25,121.5,-1.1,0.0
2024-01-22 10:00:00,32.25,121.5,-1.1,0.0
2024-01-22 11:00:00,32.25,121.5,-1.1,0.0
2024-01-22 12:00:00,32.25,121.5,-2.4,0.0
2024-01-22 13:00:00,32.25,121.5,-2.9,0.0
2024-01-22 14:00:00,32.25,121.5,-3.0,0.0
2024-01-22 15:00:00,32.25,121.5,-3.0,0.0
2024-01-22 16:00:00,32.25,121.5,-3.6,0.0
2024-01-22 17:00:00,32.25,121.5,-3.5,0.0
2024-01-22 18:00:00,32.25,121.5,-3.7,0.0
2024-01-22 19:00:00,32.25,121.5,-3.8,0.0
2024-01-22 20:00:00,32.25,121.5,-3.9,0.0
2024-01-22 21:00:00,32.25,121.5,-4.3,0.0
2024-01-22 22:00:00,32.25,121.5,-4.7,0.0
2024-01-22 23:00:00,32.25,121.5,-5.1,0.0
2024-01-23 00:00:00,32.25,121.5,-5.0,0.0
2024-01-23 01:00:00,32.25,121.5,-4.2,0.0
2024-01-23 02:00:00,32.25,121.5,-3.3,0.0
2024-01-23 03:00:00,32.25,121.5,-2.5,0.0
2024-01-23 04:00:00,32.25,121.5,-1.7,0.0
2024-01-23 05:00:00,32.25,121.5,-1.2,0.0
2024-01-23 06:00:00,32.25,121.5,-1.0,0.0
2024-01-23 07:00:00,32.25,121.5,-1.0,0.0
2024-01-23 08:00:00,32.25,121.5,-1.0,0.0
2024-01-23 09:00:00,32.25,121.5,-1.5,0.0
2024-01-23 10:00:00,32.25,121.5,-2.1,0.0
2024-01-23 11:00:00,32.25,121.5,-2.4,0.0
2024-01-23 12:00:00,32.25,121.5,-2.8,0.0
2024-01-23 13:00:00,32.25,121.5,-3.1,0.0
2024-01-23 14:00:00,32.25,121.5,-3.3,0.0
2024-01-23 15:00:00,32.25,121.5,-3.5,0.0
2024-01-23 16:00:00,32.25,121.5,-3.5,0.0
2024-01-23 17:00:00,32.25,121.5,-3.3,0.0
2024-01-23 18:00:00,32.25,121.5,-3.3,0.0
2024-01-23 19:00:00,32.25,121.5,-3.5,0.0
2024-01-23 20:00:00,32.25,121.5,-3.5,0.0
2024-01-23 21:00:00,32.25,121.5,-3.5,0.0
2024-01-23 22:00:00,32.25,121.5,-3.5,0.0
2024-01-23 23:00:00,32.25,121.5,-3.6,0.0
2024-01-24 00:00:00,32.25,121.5,-3.0,0.0
2024-01-24 01:00:00,32.25,121.5,-1.7,0.0
2024-01-24 02:00:00,32.25,121.5,-0.2,0.0
2024-01-24 03:00:00,32.25,121.5,1.0,0.0
2024-01-24 04:00:00,32.25,121.5,1.9,0.0
2024-01-24 05:00:00,32.25,121.5,2.5,0.0
2024-01-24 06:00:00,32.25,121.5,2.7,0.0
2024-01-24 07:00:00,32.25,121.5,2.5,0.0
2024-01-24 08:00:00,32.25,121.5,2.0,0.0
2024-01-24 09:00:00,32.25,121.5,1.1,0.0
2024-01-24 10:00:00,32.25,121.5,0.5,0.0
2024-01-24 11:00:00,32.25,121.5,0.4,0.0
2024-01-24 12:00:00,32.25,121.5,0.2,0.0
2024-01-24 13:00:00,32.25,121.5,-0.4,0.0
2024-01-24 14:00:00,32.25,121.5,-0.8,0.0
2024-01-24 15:00:00,32.25,121.5,-0.7,0.0
2024-01-24 16:00:00,32.25,121.5,-0.8,0.0
2024-01-24 17:00:00,32.25,121.5,-1.0,0.0
2024-01-24 18:00:00,32.25,121.5,-1.3,0.0
2024-01-24 19:00:00,32.25,121.5,-1.5,0.0
2024-01-24 20:00:00,32.25,121.5,-1.5,0.0
2024-01-24 21:00:00,32.25,121.5,-1.5,0.0
2024-01-24 22:00:00,32.25,121.5,-1.5,0.0
2024-01-24 23:00:00,32.25,121.5,-1.5,0.0
2024-01-22 00:00:00,32.25,121.75,1.0,0.0
2024-01-22 01:00:00,32.25,121.75,1.0,0.0
2024-01-22 02:00:00,32.25,121.75,0.8,0.0
2024-01-22 03:00:00,32.25,121.75,0.5,0.0
2024-01-22 04:00:00,32.25,121.75,0.4,0.0
2024-01-22 05:00:00,32.25,121.75,0.2,0.0
2024-01-22 06:00:00,32.25,121.75,0.2,0.0
2024-01-22 07:00:00,32.25,121.75,0.1,0.0
2024-01-22 08:00:00,32.25,121.75,0.1,0.0
2024-01-22 09:00:00,32.25,121.75,-0.1,0.0
2024-01-22 10:00:00,32.25,121.75,0.0,0.0
2024-01-22 11:00:00,32.25,121.75,0.1,0.0
2024-01-22 12:00:00,32.25,121.75,0.0,0.0
2024-01-22 13:00:00,32.25,121.75,-0.1,0.0
2024-01-22 14:00:00,32.25,121.75,-0.2,0.0
2024-01-22 15:00:00,32.25,121.75,-0.8,0.0
2024-01-22 16:00:00,32.25,121.75,-0.9,0.0
2024-01-22 17:00:00,32.25,121.75,-0.9,0.0
2024-01-22 18:00:00,32.25,121.75,-1.0,0.0
2024-01-22 19:00:00,32.25,121.75,-1.0,0.0
2024-01-22 20:00:00,32.25,121.75,-1.1,0.0
2024-01-22 21:00:00,32.25,121.75,-1.3,0.0
2024-01-22 22:00:00,32.25,121.75,-1.0,0.0
2024-01-22 23:00:00,32.25,121.75,-1.2,0.0
2024-01-23 00:00:00,32.25,121.75,-1.2,0.0
2024-01-23 01:00:00,32.25,121.75,-1.4,0.0
2024-01-23 02:00:00,32.25,121.75,-1.2,0.0
2024-01-23 03:00:00,32.25,121.75,-1.5,0.0
2024-01-23 04:00:00,32.25,121.75,-1.6,0.0
2024-01-23 05:00:00,32.25,121.75,-1.5,0.0
2024-01-23 06:00:00,32.25,121.75,-1.3,0.0
2024-01-23 07:00:00,32.25,121.75,-1.2,0.0
2024-01-23 08:00:00,32.25,121.75,-0.9,0.0
2024-01-23 09:00:00,32.25,121.75,-0.4,0.0
2024-01-23 10:00:00,32.25,121.75,0.1,0.0
2024-01-23 11:00:00,32.25,121.75,0.3,0.0
2024-01-23 12:00:00,32.25,121.75,0.3,0.0
2024-01-23 13:00:00,32.25,121.75,0.3,0.0
2024-01-23 14:00:00,32.25,121.75,0.3,0.0
2024-01-23 15:00:00,32.25,121.75,0.3,0.0
2024-01-23 16:00:00,32.25,121.75,0.4,0.0
2024-01-23 17:00:00,32.25,121.75,0.4,0.0
2024-01-23 18:00:00,32.25,121.75,0.5,0.0
2024-01-23 19:00:00,32.25,121.75,0.7,0.0
2024-01-23 20:00:00,32.25,121.75,0.6,0.0
2024-01-23 21:00:00,32.25,121.75,0.7,0.0
2024-01-23 22:00:00,32.25,121.75,0.8,0.0
2024-01-23 23:00:00,32.25,121.75,0.7,0.0
2024-01-24 00:00:00,32.25,121.75,0.9,0.0
2024-01-24 01:00:00,32.25,121.75,1.1,0.0
2024-01-24 02:00:00,32.25,121.75,1.4,0.0
2024-01-24 03:00:00,32.25,121.75,1.5,0.0
2024-01-24 04:00:00,32.25,121.75,1.3,0.0
2024-01-24 05:00:00,32.25,121.75,1.1,0.0
2024-01-24 06:00:00,32.25,121.75,1.4,0.0
2024-01-24 07:00:00,32.25,121.75,1.7,0.0
2024-01-24 08:00:00,32.25,121.75,2.1,0.0
2024-01-24 09:00:00,32.25,121.75,2.4,0.0
2024-01-24 10:00:00,32.25,121.75,2.7,0.0
2024-01-24 11:00:00,32.25,121.75,2.6,0.0
2024-01-24 12:00:00,32.25,121.75,2.7,0.0
2024-01-24 13:00:00,32.25,121.75,2.7,0.0
2024-01-24 14:00:00,32.25,121.75,2.8,0.0
2024-01-24 15:00:00,32.25,121.75,2.8,0.0
2024-01-24 16:00:00,32.25,121.75,2.8,0.0
2024-01-24 17:00:00,32.25,121.75,2.8,0.0
2024-01-24 18:00:00,32.25,121.75,2.9,0.0
2024-01-24 19:00:00,32.25,121.75,2.9,0.0
2024-01-24 20:00:00,32.25,121.75,2.9,0.0
2024-01-24 21:00:00,32.25,121.75,3.0,0.0
2024-01-24 22:00:00,32.25,121.75,3.0,0.0
2024-01-24 23:00:00,32.25,121.75,3.1,0.0
2024-01-22 00:00:00,32.25,122.0,1.3,0.0
2024-01-22 01:00:00,32.25,122.0,1.2,0.0
2024-01-22 02:00:00,32.25,122.0,1.0,0.0
2024-01-22 03:00:00,32.25,122.0,0.8,0.0
2024-01-22 04:00:00,32.25,122.0,0.7,0.0
2024-01-22 05:00:00,32.25,122.0,0.5,0.0
2024-01-22 06:00:00,32.25,122.0,0.4,0.0
2024-01-22 07:00:00,32.25,122.0,0.3,0.0
2024-01-22 08:00:00,32.25,122.0,0.2,0.0
2024-01-22 09:00:00,32.25,122.0,0.1,0.0
2024-01-22 10:00:00,32.25,122.0,0.3,0.0
2024-01-22 11:00:00,32.25,122.0,0.3,0.0
2024-01-22 12:00:00,32.25,122.0,0.2,0.0
2024-01-22 13:00:00,32.25,122.0,0.2,0.0
2024-01-22 14:00:00,32.25,122.0,0.3,0.0
2024-01-22 15:00:00,32.25,122.0,0.2,0.0
2024-01-22 16:00:00,32.25,122.0,0.2,0.0
2024-01-22 17:00:00,32.25,122.0,0.1,0.0
2024-01-22 18:00:00,32.25,122.0,-0.1,0.0
2024-01-22 19:00:00,32.25,122.0,-0.2,0.0
2024-01-22 20:00:00,32.25,122.0,-0.3,0.0
2024-01-22 21:00:00,32.25,122.0,-0.5,0.0
2024-01-22 22:00:00,32.25,122.0,-0.6,0.0
2024-01-22 23:00:00,32.25,122.0,-1.2,0.0
2024-01-23 00:00:00,32.25,122.0,-0.8,0.0
2024-01-23 01:00:00,32.25,122.0,-0.7,0.0
2024-01-23 02:00:00,32.25,122.0,-0.6,0.0
2024-01-23 03:00:00,32.25,122.0,-0.5,0.0
2024-01-23 04:00:00,32.25,122.0,-0.8,0.0
2024-01-23 05:00:00,32.25,122.0,-0.8,0.0
2024-01-23 06:00:00,32.25,122.0,-0.6,0.0
2024-01-23 07:00:00,32.25,122.0,-0.5,0.0
2024-01-23 08:00:00,32.25,122.0,-0.5,0.0
2024-01-23 09:00:00,32.25,122.0,-0.2,0.0
2024-01-23 10:00:00,32.25,122.0,0.3,0.0
2024-01-23 11:00:00,32.25,122.0,0.3,0.0
2024-01-23 12:00:00,32.25,122.0,0.4,0.0
2024-01-23 13:00:00,32.25,122.0,0.5,0.0
2024-01-23 14:00:00,32.25,122.0,0.6,0.0
2024-01-23 15:00:00,32.25,122.0,0.7,0.0
2024-01-23 16:00:00,32.25,122.0,0.7,0.0
2024-01-23 17:00:00,32.25,122.0,0.7,0.0
2024-01-23 18:00:00,32.25,122.0,0.9,0.0
2024-01-23 19:00:00,32.25,122.0,1.0,0.0
2024-01-23 20:00:00,32.25,122.0,1.2,0.0
2024-01-23 21:00:00,32.25,122.0,1.3,0.0
2024-01-23 22:00:00,32.25,122.0,1.3,0.0
2024-01-23 23:00:00,32.25,122.0,1.3,0.0
2024-01-24 00:00:00,32.25,122.0,1.6,0.0
2024-01-24 01:00:00,32.25,122.0,1.8,0.0
2024-01-24 02:00:00,32.25,122.0,1.9,0.0
2024-01-24 03:00:00,32.25,122.0,2.0,0.0
2024-01-24 04:00:00,32.25,122.0,2.1,0.0
2024-01-24 05:00:00,32.25,122.0,2.1,0.0
2024-01-24 06:00:00,32.25,122.0,2.2,0.0
2024-01-24 07:00:00,32.25,122.0,2.2,0.0
2024-01-24 08:00:00,32.25,122.0,2.4,0.0
2024-01-24 09:00:00,32.25,122.0,2.7,0.0
2024-01-24 10:00:00,32.25,122.0,2.8,0.0
2024-01-24 11:00:00,32.25,122.0,2.8,0.0
2024-01-24 12:00:00,32.25,122.0,2.9,0.0
2024-01-24 13:00:00,32.25,122.0,2.9,0.0
2024-01-24 14:00:00,32.25,122.0,2.9,0.0
2024-01-24 15:00:00,32.25,122.0,2.8,0.0
2024-01-24 16:00:00,32.25,122.0,2.8,0.0
2024-01-24 17:00:00,32.25,122.0,2.8,0.0
2024-01-24 18:00:00,32.25,122.0,2.9,0.0
2024-01-24 19:00:00,32.25,122.0,3.0,0.0
2024-01-24 20:00:00,32.25,122.0,3.1,0.0
2024-01-24 21:00:00,32.25,122.0,3.2,0.0
2024-01-24 22:00:00,32.25,122.0,3.3,0.0
2024-01-24 23:00:00,32.25,122.0,3.4,0.0
2024-01-22 00:00:00,32.5,116.5,-3.6,17.0
2024-01-22 01:00:00,32.5,116.5,-3.3,17.0
2024-01-22 02:00:00,32.5,116.5,-2.7,17.0
2024-01-22 03:00:00,32.5,116.5,-2.3,17.0
2024-01-22 04:00:00,32.5,116.5,-1.8,17.0
2024-01-22 05:00:00,32.5,116.5,-1.5,17.0
2024-01-22 06:00:00,32.5,116.5,-1.5,17.0
2024-01-22 07:00:00,32.5,116.5,-1.5,17.0
2024-01-22 08:00:00,32.5,116.5,-1.8,17.0
2024-01-22 09:00:00,32.5,116.5,-2.3,17.0
2024-01-22 10:00:00,32.5,116.5,-2.7,17.0
2024-01-22 11:00:00,32.5,116.5,-2.9,17.0
2024-01-22 12:00:00,32.5,116.5,-3.3,17.0
2024-01-22 13:00:00,32.5,116.5,-3.5,17.0
2024-01-22 14:00:00,32.5,116.5,-3.9,17.0
2024-01-22 15:00:00,32.5,116.5,-4.2,17.0
2024-01-22 16:00:00,32.5,116.5,-4.5,17.0
2024-01-22 17:00:00,32.5,116.5,-4.7,17.0
2024-01-22 18:00:00,32.5,116.5,-5.1,17.0
2024-01-22 19:00:00,32.5,116.5,-5.5,17.0
2024-01-22 20:00:00,32.5,116.5,-5.8,17.0
2024-01-22 21:00:00,32.5,116.5,-6.1,17.0
2024-01-22 22:00:00,32.5,116.5,-6.2,17.0
2024-01-22 23:00:00,32.5,116.5,-6.4,17.0
2024-01-23 00:00:00,32.5,116.5,-5.8,17.0
2024-01-23 01:00:00,32.5,116.5,-5.0,17.0
2024-01-23 02:00:00,32.5,116.5,-3.8,17.0
2024-01-23 03:00:00,32.5,116.5,-2.8,17.0
2024-01-23 04:00:00,32.5,116.5,-1.8,17.0
2024-01-23 05:00:00,32.5,116.5,-1.0,17.0
2024-01-23 06:00:00,32.5,116.5,-0.4,17.0
2024-01-23 07:00:00,32.5,116.5,-0.1,17.0
2024-01-23 08:00:00,32.5,116.5,-0.2,17.0
2024-01-23 09:00:00,32.5,116.5,-0.9,17.0
2024-01-23 10:00:00,32.5,116.5,-2.3,17.0
2024-01-23 11:00:00,32.5,116.5,-3.0,17.0
2024-01-23 12:00:00,32.5,116.5,-3.2,17.0
2024-01-23 13:00:00,32.5,116.5,-3.3,17.0
2024-01-23 14:00:00,32.5,116.5,-3.3,17.0
2024-01-23 15:00:00,32.5,116.5,-3.3,17.0
2024-01-23 16:00:00,32.5,116.5,-3.4,17.0
2024-01-23 17:00:00,32.5,116.5,-3.6,17.0
2024-01-23 18:00:00,32.5,116.5,-3.7,17.0
2024-01-23 19:00:00,32.5,116.5,-3.7,17.0
2024-01-23 20:00:00,32.5,116.5,-3.8,17.0
2024-01-23 21:00:00,32.5,116.5,-3.8,17.0
2024-01-23 22:00:00,32.5,116.5,-4.0,17.0
2024-01-23 23:00:00,32.5,116.5,-4.1,17.0
2024-01-24 00:00:00,32.5,116.5,-3.6,17.0
2024-01-24 01:00:00,32.5,116.5,-2.0,17.0
2024-01-24 02:00:00,32.5,116.5,-0.6,17.0
2024-01-24 03:00:00,32.5,116.5,0.7,17.0
2024-01-24 04:00:00,32.5,116.5,1.8,17.0
2024-01-24 05:00:00,32.5,116.5,2.6,17.0
2024-01-24 06:00:00,32.5,116.5,3.1,17.0
2024-01-24 07:00:00,32.5,116.5,3.3,17.0
2024-01-24 08:00:00,32.5,116.5,3.1,17.0
2024-01-24 09:00:00,32.5,116.5,1.6,17.0
2024-01-24 10:00:00,32.5,116.5,-0.1,17.0
2024-01-24 11:00:00,32.5,116.5,-0.5,17.0
2024-01-24 12:00:00,32.5,116.5,-0.8,17.0
2024-01-24 13:00:00,32.5,116.5,-1.0,17.0
2024-01-24 14:00:00,32.5,116.5,-1.1,17.0
2024-01-24 15:00:00,32.5,116.5,-1.2,17.0
2024-01-24 16:00:00,32.5,116.5,-1.3,17.0
2024-01-24 17:00:00,32.5,116.5,-1.5,17.0
2024-01-24 18:00:00,32.5,116.5,-1.7,17.0
2024-01-24 19:00:00,32.5,116.5,-1.7,17.0
2024-01-24 20:00:00,32.5,116.5,-1.7,17.0
2024-01-24 21:00:00,32.5,116.5,-1.9,17.0
2024-01-24 22:00:00,32.5,116.5,-2.0,17.0
2024-01-24 23:00:00,32.5,116.5,-1.9,17.0
2024-01-22 00:00:00,32.5,116.75,-3.6,24.0
2024-01-22 01:00:00,32.5,116.75,-3.3,24.0
2024-01-22 02:00:00,32.5,116.75,-2.9,24.0
2024-01-22 03:00:00,32.5,116.75,-2.3,24.0
2024-01-22 04:00:00,32.5,116.75,-1.9,24.0
2024-01-22 05:00:00,32.5,116.75,-1.6,24.0
2024-01-22 06:00:00,32.5,116.75,-1.6,24.0
2024-01-22 07:00:00,32.5,116.75,-1.6,24.0
2024-01-22 08:00:00,32.5,116.75,-1.9,24.0
2024-01-22 09:00:00,32.5,116.75,-2.3,24.0
2024-01-22 10:00:00,32.5,116.75,-2.7,24.0
2024-01-22 11:00:00,32.5,116.75,-2.8,24.0
2024-01-22 12:00:00,32.5,116.75,-3.2,24.0
2024-01-22 13:00:00,32.5,116.75,-3.4,24.0
2024-01-22 14:00:00,32.5,116.75,-3.7,24.0
2024-01-22 15:00:00,32.5,116.75,-4.0,24.0
2024-01-22 16:00:00,32.5,116.75,-4.3,24.0
2024-01-22 17:00:00,32.5,116.75,-4.5,24.0
2024-01-22 18:00:00,32.5,116.75,-4.9,24.0
2024-01-22 19:00:00,32.5,116.75,-5.2,24.0
2024-01-22 20:00:00,32.5,116.75,-5.6,24.0
2024-01-22 21:00:00,32.5,116.75,-5.9,24.0
2024-01-22 22:00:00,32.5,116.75,-6.0,24.0
2024-01-22 23:00:00,32.5,116.75,-6.1,24.0
2024-01-23 00:00:00,32.5,116.75,-5.7,24.0
2024-01-23 01:00:00,32.5,116.75,-4.9,24.0
2024-01-23 02:00:00,32.5,116.75,-3.8,24.0
2024-01-23 03:00:00,32.5,116.75,-3.0,24.0
2024-01-23 04:00:00,32.5,116.75,-2.0,24.0
2024-01-23 05:00:00,32.5,116.75,-1.2,24.0
2024-01-23 06:00:00,32.5,116.75,-0.7,24.0
2024-01-23 07:00:00,32.5,116.75,-0.4,24.0
2024-01-23 08:00:00,32.5,116.75,-0.5,24.0
2024-01-23 09:00:00,32.5,116.75,-1.2,24.0
2024-01-23 10:00:00,32.5,116.75,-2.8,24.0
2024-01-23 11:00:00,32.5,116.75,-3.1,24.0
2024-01-23 12:00:00,32.5,116.75,-3.2,24.0
2024-01-23 13:00:00,32.5,116.75,-3.3,24.0
2024-01-23 14:00:00,32.5,116.75,-3.4,24.0
2024-01-23 15:00:00,32.5,116.75,-3.5,24.0
2024-01-23 16:00:00,32.5,116.75,-3.5,24.0
2024-01-23 17:00:00,32.5,116.75,-3.6,24.0
2024-01-23 18:00:00,32.5,116.75,-3.8,24.0
2024-01-23 19:00:00,32.5,116.75,-3.8,24.0
2024-01-23 20:00:00,32.5,116.75,-3.9,24.0
2024-01-23 21:00:00,32.5,116.75,-4.0,24.0
2024-01-23 22:00:00,32.5,116.75,-4.1,24.0
2024-01-23 23:00:00,32.5,116.75,-4.3,24.0
2024-01-24 00:00:00,32.5,116.75,-3.7,24.0
2024-01-24 01:00:00,32.5,116.75,-2.1,24.0
2024-01-24 02:00:00,32.5,116.75,-0.8,24.0
2024-01-24 03:00:00,32.5,116.75,0.5,24.0
2024-01-24 04:00:00,32.5,116.75,1.6,24.0
2024-01-24 05:00:00,32.5,116.75,2.4,24.0
2024-01-24 06:00:00,32.5,116.75,2.9,24.0
2024-01-24 07:00:00,32.5,116.75,3.2,24.0
2024-01-24 08:00:00,32.5,116.75,3.0,24.0
2024-01-24 09:00:00,32.5,116.75,1.6,24.0
2024-01-24 10:00:00,32.5,116.75,-0.1,24.0
2024-01-24 11:00:00,32.5,116.75,-0.5,24.0
2024-01-24 12:00:00,32.5,116.75,-0.9,24.0
2024-01-24 13:00:00,32.5,116.75,-1.0,24.0
2024-01-24 14:00:00,32.5,116.75,-1.1,24.0
2024-01-24 15:00:00,32.5,116.75,-1.2,24.0
2024-01-24 16:00:00,32.5,116.75,-1.3,24.0
2024-01-24 17:00:00,32.5,116.75,-1.5,24.0
2024-01-24 18:00:00,32.5,116.75,-1.7,24.0
2024-01-24 19:00:00,32.5,116.75,-1.6,24.0
2024-01-24 20:00:00,32.5,116.75,-1.7,24.0
2024-01-24 21:00:00,32.5,116.75,-1.8,24.0
2024-01-24 22:00:00,32.5,116.75,-2.0,24.0
2024-01-24 23:00:00,32.5,116.75,-1.9,24.0
2024-01-22 00:00:00,32.5,117.0,-3.7,41.0
2024-01-22 01:00:00,32.5,117.0,-3.4,41.0
2024-01-22 02:00:00,32.5,117.0,-2.9,41.0
2024-01-22 03:00:00,32.5,117.0,-2.3,41.0
2024-01-22 04:00:00,32.5,117.0,-2.0,41.0
2024-01-22 05:00:00,32.5,117.0,-1.7,41.0
2024-01-22 06:00:00,32.5,117.0,-1.6,41.0
2024-01-22 07:00:00,32.5,117.0,-1.7,41.0
2024-01-22 08:00:00,32.5,117.0,-2.0,41.0
2024-01-22 09:00:00,32.5,117.0,-2.4,41.0
2024-01-22 10:00:00,32.5,117.0,-2.7,41.0
2024-01-22 11:00:00,32.5,117.0,-2.8,41.0
2024-01-22 12:00:00,32.5,117.0,-3.1,41.0
2024-01-22 13:00:00,32.5,117.0,-3.3,41.0
2024-01-22 14:00:00,32.5,117.0,-3.7,41.0
2024-01-22 15:00:00,32.5,117.0,-4.0,41.0
2024-01-22 16:00:00,32.5,117.0,-4.2,41.0
2024-01-22 17:00:00,32.5,117.0,-4.5,41.0
2024-01-22 18:00:00,32.5,117.0,-4.9,41.0
2024-01-22 19:00:00,32.5,117.0,-5.1,41.0
2024-01-22 20:00:00,32.5,117.0,-5.4,41.0
2024-01-22 21:00:00,32.5,117.0,-5.6,41.0
2024-01-22 22:00:00,32.5,117.0,-5.7,41.0
2024-01-22 23:00:00,32.5,117.0,-5.8,41.0
2024-01-23 00:00:00,32.5,117.0,-5.5,41.0
2024-01-23 01:00:00,32.5,117.0,-4.8,41.0
2024-01-23 02:00:00,32.5,117.0,-3.8,41.0
2024-01-23 03:00:00,32.5,117.0,-3.4,41.0
2024-01-23 04:00:00,32.5,117.0,-2.3,41.0
2024-01-23 05:00:00,32.5,117.0,-1.5,41.0
2024-01-23 06:00:00,32.5,117.0,-1.1,41.0
2024-01-23 07:00:00,32.5,117.0,-0.8,41.0
2024-01-23 08:00:00,32.5,117.0,-0.8,41.0
2024-01-23 09:00:00,32.5,117.0,-1.4,41.0
2024-01-23 10:00:00,32.5,117.0,-2.8,41.0
2024-01-23 11:00:00,32.5,117.0,-2.9,41.0
2024-01-23 12:00:00,32.5,117.0,-3.0,41.0
2024-01-23 13:00:00,32.5,117.0,-3.1,41.0
2024-01-23 14:00:00,32.5,117.0,-3.2,41.0
2024-01-23 15:00:00,32.5,117.0,-3.5,41.0
2024-01-23 16:00:00,32.5,117.0,-3.6,41.0
2024-01-23 17:00:00,32.5,117.0,-3.6,41.0
2024-01-23 18:00:00,32.5,117.0,-3.7,41.0
2024-01-23 19:00:00,32.5,117.0,-3.8,41.0
2024-01-23 20:00:00,32.5,117.0,-3.8,41.0
2024-01-23 21:00:00,32.5,117.0,-3.9,41.0
2024-01-23 22:00:00,32.5,117.0,-3.9,41.0
2024-01-23 23:00:00,32.5,117.0,-4.0,41.0
2024-01-24 00:00:00,32.5,117.0,-3.4,41.0
2024-01-24 01:00:00,32.5,117.0,-2.0,41.0
2024-01-24 02:00:00,32.5,117.0,-0.7,41.0
2024-01-24 03:00:00,32.5,117.0,0.5,41.0
2024-01-24 04:00:00,32.5,117.0,1.4,41.0
2024-01-24 05:00:00,32.5,117.0,2.1,41.0
2024-01-24 06:00:00,32.5,117.0,2.5,41.0
2024-01-24 07:00:00,32.5,117.0,2.7,41.0
2024-01-24 08:00:00,32.5,117.0,2.6,41.0
2024-01-24 09:00:00,32.5,117.0,1.4,41.0
2024-01-24 10:00:00,32.5,117.0,-0.3,41.0
2024-01-24 11:00:00,32.5,117.0,-0.6,41.0
2024-01-24 12:00:00,32.5,117.0,-0.8,41.0
2024-01-24 13:00:00,32.5,117.0,-1.1,41.0
2024-01-24 14:00:00,32.5,117.0,-1.2,41.0
2024-01-24 15:00:00,32.5,117.0,-1.3,41.0
2024-01-24 16:00:00,32.5,117.0,-1.4,41.0
2024-01-24 17:00:00,32.5,117.0,-1.5,41.0
2024-01-24 18:00:00,32.5,117.0,-1.7,41.0
2024-01-24 19:00:00,32.5,117.0,-1.5,41.0
2024-01-24 20:00:00,32.5,117.0,-1.5,41.0
2024-01-24 21:00:00,32.5,117.0,-1.7,41.0
2024-01-24 22:00:00,32.5,117.0,-1.8,41.0
2024-01-24 23:00:00,32.5,117.0,-1.8,41.0
2024-01-22 00:00:00,32.5,117.25,-3.7,28.0
2024-01-22 01:00:00,32.5,117.25,-3.4,28.0
2024-01-22 02:00:00,32.5,117.25,-2.9,28.0
2024-01-22 03:00:00,32.5,117.25,-2.6,28.0
2024-01-22 04:00:00,32.5,117.25,-2.2,28.0
2024-01-22 05:00:00,32.5,117.25,-1.7,28.0
2024-01-22 06:00:00,32.5,117.25,-1.4,28.0
2024-01-22 07:00:00,32.5,117.25,-1.5,28.0
2024-01-22 08:00:00,32.5,117.25,-1.8,28.0
2024-01-22 09:00:00,32.5,117.25,-2.3,28.0
2024-01-22 10:00:00,32.5,117.25,-2.5,28.0
2024-01-22 11:00:00,32.5,117.25,-2.7,28.0
2024-01-22 12:00:00,32.5,117.25,-3.1,28.0
2024-01-22 13:00:00,32.5,117.25,-3.4,28.0
2024-01-22 14:00:00,32.5,117.25,-3.6,28.0
2024-01-22 15:00:00,32.5,117.25,-4.0,28.0
2024-01-22 16:00:00,32.5,117.25,-4.2,28.0
2024-01-22 17:00:00,32.5,117.25,-4.5,28.0
2024-01-22 18:00:00,32.5,117.25,-5.0,28.0
2024-01-22 19:00:00,32.5,117.25,-5.3,28.0
2024-01-22 20:00:00,32.5,117.25,-5.6,28.0
2024-01-22 21:00:00,32.5,117.25,-5.9,28.0
2024-01-22 22:00:00,32.5,117.25,-6.1,28.0
2024-01-22 23:00:00,32.5,117.25,-6.3,28.0
2024-01-23 00:00:00,32.5,117.25,-6.1,28.0
2024-01-23 01:00:00,32.5,117.25,-5.2,28.0
2024-01-23 02:00:00,32.5,117.25,-4.2,28.0
2024-01-23 03:00:00,32.5,117.25,-3.1,28.0
2024-01-23 04:00:00,32.5,117.25,-2.4,28.0
2024-01-23 05:00:00,32.5,117.25,-1.6,28.0
2024-01-23 06:00:00,32.5,117.25,-1.3,28.0
2024-01-23 07:00:00,32.5,117.25,-0.9,28.0
2024-01-23 08:00:00,32.5,117.25,-1.0,28.0
2024-01-23 09:00:00,32.5,117.25,-1.6,28.0
2024-01-23 10:00:00,32.5,117.25,-2.9,28.0
2024-01-23 11:00:00,32.5,117.25,-3.0,28.0
2024-01-23 12:00:00,32.5,117.25,-3.3,28.0
2024-01-23 13:00:00,32.5,117.25,-3.3,28.0
2024-01-23 14:00:00,32.5,117.25,-3.2,28.0
2024-01-23 15:00:00,32.5,117.25,-3.2,28.0
2024-01-23 16:00:00,32.5,117.25,-3.4,28.0
2024-01-23 17:00:00,32.5,117.25,-3.5,28.0
2024-01-23 18:00:00,32.5,117.25,-3.6,28.0
2024-01-23 19:00:00,32.5,117.25,-3.7,28.0
2024-01-23 20:00:00,32.5,117.25,-3.8,28.0
2024-01-23 21:00:00,32.5,117.25,-3.9,28.0
2024-01-23 22:00:00,32.5,117.25,-4.0,28.0
2024-01-23 23:00:00,32.5,117.25,-4.1,28.0
2024-01-24 00:00:00,32.5,117.25,-3.5,28.0
2024-01-24 01:00:00,32.5,117.25,-1.9,28.0
2024-01-24 02:00:00,32.5,117.25,-0.5,28.0
2024-01-24 03:00:00,32.5,117.25,0.6,28.0
2024-01-24 04:00:00,32.5,117.25,1.6,28.0
2024-01-24 05:00:00,32.5,117.25,2.3,28.0
2024-01-24 06:00:00,32.5,117.25,2.8,28.0
2024-01-24 07:00:00,32.5,117.25,3.1,28.0
2024-01-24 08:00:00,32.5,117.25,2.8,28.0
2024-01-24 09:00:00,32.5,117.25,1.4,28.0
2024-01-24 10:00:00,32.5,117.25,-0.4,28.0
2024-01-24 11:00:00,32.5,117.25,-0.7,28.0
2024-01-24 12:00:00,32.5,117.25,-0.9,28.0
2024-01-24 13:00:00,32.5,117.25,-1.1,28.0
2024-01-24 14:00:00,32.5,117.25,-1.2,28.0
2024-01-24 15:00:00,32.5,117.25,-1.4,28.0
2024-01-24 16:00:00,32.5,117.25,-1.4,28.0
2024-01-24 17:00:00,32.5,117.25,-1.6,28.0
2024-01-24 18:00:00,32.5,117.25,-1.7,28.0
2024-01-24 19:00:00,32.5,117.25,-1.6,28.0
2024-01-24 20:00:00,32.5,117.25,-1.5,28.0
2024-01-24 21:00:00,32.5,117.25,-1.7,28.0
2024-01-24 22:00:00,32.5,117.25,-1.7,28.0
2024-01-24 23:00:00,32.5,117.25,-1.7,28.0
2024-01-22 00:00:00,32.5,117.5,-4.1,82.0
2024-01-22 01:00:00,32.5,117.5,-3.8,82.0
2024-01-22 02:00:00,32.5,117.5,-3.3,82.0
2024-01-22 03:00:00,32.5,117.5,-2.9,82.0
2024-01-22 04:00:00,32.5,117.5,-2.5,82.0
2024-01-22 05:00:00,32.5,117.5,-2.3,82.0
2024-01-22 06:00:00,32.5,117.5,-2.0,82.0
2024-01-22 07:00:00,32.5,117.5,-1.9,82.0
2024-01-22 08:00:00,32.5,117.5,-2.2,82.0
2024-01-22 09:00:00,32.5,117.5,-2.7,82.0
2024-01-22 10:00:00,32.5,117.5,-3.0,82.0
2024-01-22 11:00:00,32.5,117.5,-3.3,82.0
2024-01-22 12:00:00,32.5,117.5,-3.7,82.0
2024-01-22 13:00:00,32.5,117.5,-3.9,82.0
2024-01-22 14:00:00,32.5,117.5,-4.2,82.0
2024-01-22 15:00:00,32.5,117.5,-4.5,82.0
2024-01-22 16:00:00,32.5,117.5,-4.8,82.0
2024-01-22 17:00:00,32.5,117.5,-5.2,82.0
2024-01-22 18:00:00,32.5,117.5,-5.7,82.0
2024-01-22 19:00:00,32.5,117.5,-6.0,82.0
2024-01-22 20:00:00,32.5,117.5,-6.2,82.0
2024-01-22 21:00:00,32.5,117.5,-6.4,82.0
2024-01-22 22:00:00,32.5,117.5,-6.5,82.0
2024-01-22 23:00:00,32.5,117.5,-6.7,82.0
2024-01-23 00:00:00,32.5,117.5,-6.4,82.0
2024-01-23 01:00:00,32.5,117.5,-5.5,82.0
2024-01-23 02:00:00,32.5,117.5,-4.6,82.0
2024-01-23 03:00:00,32.5,117.5,-3.7,82.0
2024-01-23 04:00:00,32.5,117.5,-2.6,82.0
2024-01-23 05:00:00,32.5,117.5,-2.0,82.0
2024-01-23 06:00:00,32.5,117.5,-1.8,82.0
2024-01-23 07:00:00,32.5,117.5,-1.5,82.0
2024-01-23 08:00:00,32.5,117.5,-1.5,82.0
2024-01-23 09:00:00,32.5,117.5,-1.9,82.0
2024-01-23 10:00:00,32.5,117.5,-3.1,82.0
2024-01-23 11:00:00,32.5,117.5,-3.2,82.0
2024-01-23 12:00:00,32.5,117.5,-3.4,82.0
2024-01-23 13:00:00,32.5,117.5,-3.5,82.0
2024-01-23 14:00:00,32.5,117.5,-3.7,82.0
2024-01-23 15:00:00,32.5,117.5,-3.7,82.0
2024-01-23 16:00:00,32.5,117.5,-3.7,82.0
2024-01-23 17:00:00,32.5,117.5,-3.7,82.0
2024-01-23 18:00:00,32.5,117.5,-3.8,82.0
2024-01-23 19:00:00,32.5,117.5,-3.9,82.0
2024-01-23 20:00:00,32.5,117.5,-4.1,82.0
2024-01-23 21:00:00,32.5,117.5,-4.2,82.0
2024-01-23 22:00:00,32.5,117.5,-4.4,82.0
2024-01-23 23:00:00,32.5,117.5,-4.5,82.0
2024-01-24 00:00:00,32.5,117.5,-4.1,82.0
2024-01-24 01:00:00,32.5,117.5,-2.5,82.0
2024-01-24 02:00:00,32.5,117.5,-1.2,82.0
2024-01-24 03:00:00,32.5,117.5,0.1,82.0
2024-01-24 04:00:00,32.5,117.5,1.0,82.0
2024-01-24 05:00:00,32.5,117.5,1.8,82.0
2024-01-24 06:00:00,32.5,117.5,2.3,82.0
2024-01-24 07:00:00,32.5,117.5,2.6,82.0
2024-01-24 08:00:00,32.5,117.5,2.5,82.0
2024-01-24 09:00:00,32.5,117.5,0.9,82.0
2024-01-24 10:00:00,32.5,117.5,-0.6,82.0
2024-01-24 11:00:00,32.5,117.5,-1.0,82.0
2024-01-24 12:00:00,32.5,117.5,-1.4,82.0
2024-01-24 13:00:00,32.5,117.5,-1.6,82.0
2024-01-24 14:00:00,32.5,117.5,-1.7,82.0
2024-01-24 15:00:00,32.5,117.5,-1.7,82.0
2024-01-24 16:00:00,32.5,117.5,-1.8,82.0
2024-01-24 17:00:00,32.5,117.5,-1.9,82.0
2024-01-24 18:00:00,32.5,117.5,-2.0,82.0
2024-01-24 19:00:00,32.5,117.5,-1.9,82.0
2024-01-24 20:00:00,32.5,117.5,-1.7,82.0
2024-01-24 21:00:00,32.5,117.5,-2.0,82.0
2024-01-24 22:00:00,32.5,117.5,-2.0,82.0
2024-01-24 23:00:00,32.5,117.5,-2.0,82.0
2024-01-22 00:00:00,32.5,117.75,-3.8,59.0
2024-01-22 01:00:00,32.5,117.75,-3.5,59.0
2024-01-22 02:00:00,32.5,117.75,-3.0,59.0
2024-01-22 03:00:00,32.5,117.75,-2.7,59.0
2024-01-22 04:00:00,32.5,117.75,-2.4,59.0
2024-01-22 05:00:00,32.5,117.75,-2.2,59.0
2024-01-22 06:00:00,32.5,117.75,-2.1,59.0
2024-01-22 07:00:00,32.5,117.75,-2.1,59.0
2024-01-22 08:00:00,32.5,117.75,-2.2,59.0
2024-01-22 09:00:00,32.5,117.75,-2.6,59.0
2024-01-22 10:00:00,32.5,117.75,-3.0,59.0
2024-01-22 11:00:00,32.5,117.75,-3.1,59.0
2024-01-22 12:00:00,32.5,117.75,-3.4,59.0
2024-01-22 13:00:00,32.5,117.75,-3.7,59.0
2024-01-22 14:00:00,32.5,117.75,-4.0,59.0
2024-01-22 15:00:00,32.5,117.75,-4.4,59.0
2024-01-22 16:00:00,32.5,117.75,-4.8,59.0
2024-01-22 17:00:00,32.5,117.75,-5.1,59.0
2024-01-22 18:00:00,32.5,117.75,-5.6,59.0
2024-01-22 19:00:00,32.5,117.75,-5.9,59.0
2024-01-22 20:00:00,32.5,117.75,-6.1,59.0
2024-01-22 21:00:00,32.5,117.75,-6.3,59.0
2024-01-22 22:00:00,32.5,117.75,-6.5,59.0
2024-01-22 23:00:00,32.5,117.75,-6.6,59.0
2024-01-23 00:00:00,32.5,117.75,-6.3,59.0
2024-01-23 01:00:00,32.5,117.75,-5.4,59.0
2024-01-23 02:00:00,32.5,117.75,-4.4,59.0
2024-01-23 03:00:00,32.5,117.75,-3.6,59.0
2024-01-23 04:00:00,32.5,117.75,-2.5,59.0
2024-01-23 05:00:00,32.5,117.75,-2.3,59.0
2024-01-23 06:00:00,32.5,117.75,-1.9,59.0
2024-01-23 07:00:00,32.5,117.75,-1.5,59.0
2024-01-23 08:00:00,32.5,117.75,-1.4,59.0
2024-01-23 09:00:00,32.5,117.75,-1.8,59.0
2024-01-23 10:00:00,32.5,117.75,-2.9,59.0
2024-01-23 11:00:00,32.5,117.75,-3.2,59.0
2024-01-23 12:00:00,32.5,117.75,-3.2,59.0
2024-01-23 13:00:00,32.5,117.75,-3.2,59.0
2024-01-23 14:00:00,32.5,117.75,-3.4,59.0
2024-01-23 15:00:00,32.5,117.75,-3.5,59.0
2024-01-23 16:00:00,32.5,117.75,-3.5,59.0
2024-01-23 17:00:00,32.5,117.75,-3.5,59.0
2024-01-23 18:00:00,32.5,117.75,-3.6,59.0
2024-01-23 19:00:00,32.5,117.75,-3.7,59.0
2024-01-23 20:00:00,32.5,117.75,-3.9,59.0
2024-01-23 21:00:00,32.5,117.75,-4.0,59.0
2024-01-23 22:00:00,32.5,117.75,-4.2,59.0
2024-01-23 23:00:00,32.5,117.75,-4.3,59.0
2024-01-24 00:00:00,32.5,117.75,-3.8,59.0
2024-01-24 01:00:00,32.5,117.75,-2.2,59.0
2024-01-24 02:00:00,32.5,117.75,-0.7,59.0
2024-01-24 03:00:00,32.5,117.75,0.4,59.0
2024-01-24 04:00:00,32.5,117.75,1.3,59.0
2024-01-24 05:00:00,32.5,117.75,2.0,59.0
2024-01-24 06:00:00,32.5,117.75,2.5,59.0
2024-01-24 07:00:00,32.5,117.75,2.8,59.0
2024-01-24 08:00:00,32.5,117.75,2.5,59.0
2024-01-24 09:00:00,32.5,117.75,0.9,59.0
2024-01-24 10:00:00,32.5,117.75,-0.5,59.0
2024-01-24 11:00:00,32.5,117.75,-0.8,59.0
2024-01-24 12:00:00,32.5,117.75,-1.1,59.0
2024-01-24 13:00:00,32.5,117.75,-1.4,59.0
2024-01-24 14:00:00,32.5,117.75,-1.6,59.0
2024-01-24 15:00:00,32.5,117.75,-1.7,59.0
2024-01-24 16:00:00,32.5,117.75,-1.7,59.0
2024-01-24 17:00:00,32.5,117.75,-1.8,59.0
2024-01-24 18:00:00,32.5,117.75,-1.9,59.0
2024-01-24 19:00:00,32.5,117.75,-1.8,59.0
2024-01-24 20:00:00,32.5,117.75,-1.7,59.0
2024-01-24 21:00:00,32.5,117.75,-1.8,59.0
2024-01-24 22:00:00,32.5,117.75,-1.9,59.0
2024-01-24 23:00:00,32.5,117.75,-1.8,59.0
2024-01-22 00:00:00,32.5,118.0,-4.2,59.0
2024-01-22 01:00:00,32.5,118.0,-3.8,59.0
2024-01-22 02:00:00,32.5,118.0,-3.2,59.0
2024-01-22 03:00:00,32.5,118.0,-2.7,59.0
2024-01-22 04:00:00,32.5,118.0,-2.4,59.0
2024-01-22 05:00:00,32.5,118.0,-2.2,59.0
2024-01-22 06:00:00,32.5,118.0,-2.2,59.0
2024-01-22 07:00:00,32.5,118.0,-2.2,59.0
2024-01-22 08:00:00,32.5,118.0,-2.4,59.0
2024-01-22 09:00:00,32.5,118.0,-2.7,59.0
2024-01-22 10:00:00,32.5,118.0,-2.9,59.0
2024-01-22 11:00:00,32.5,118.0,-3.0,59.0
2024-01-22 12:00:00,32.5,118.0,-3.4,59.0
2024-01-22 13:00:00,32.5,118.0,-3.6,59.0
2024-01-22 14:00:00,32.5,118.0,-3.9,59.0
2024-01-22 15:00:00,32.5,118.0,-4.3,59.0
2024-01-22 16:00:00,32.5,118.0,-4.7,59.0
2024-01-22 17:00:00,32.5,118.0,-5.0,59.0
2024-01-22 18:00:00,32.5,118.0,-5.5,59.0
2024-01-22 19:00:00,32.5,118.0,-5.8,59.0
2024-01-22 20:00:00,32.5,118.0,-6.1,59.0
2024-01-22 21:00:00,32.5,118.0,-6.3,59.0
2024-01-22 22:00:00,32.5,118.0,-6.4,59.0
2024-01-22 23:00:00,32.5,118.0,-6.5,59.0
2024-01-23 00:00:00,32.5,118.0,-6.3,59.0
2024-01-23 01:00:00,32.5,118.0,-5.4,59.0
2024-01-23 02:00:00,32.5,118.0,-4.5,59.0
2024-01-23 03:00:00,32.5,118.0,-3.6,59.0
2024-01-23 04:00:00,32.5,118.0,-2.7,59.0
2024-01-23 05:00:00,32.5,118.0,-2.4,59.0
2024-01-23 06:00:00,32.5,118.0,-2.0,59.0
2024-01-23 07:00:00,32.5,118.0,-1.5,59.0
2024-01-23 08:00:00,32.5,118.0,-1.5,59.0
2024-01-23 09:00:00,32.5,118.0,-2.0,59.0
2024-01-23 10:00:00,32.5,118.0,-3.0,59.0
2024-01-23 11:00:00,32.5,118.0,-3.3,59.0
2024-01-23 12:00:00,32.5,118.0,-3.4,59.0
2024-01-23 13:00:00,32.5,118.0,-3.3,59.0
2024-01-23 14:00:00,32.5,118.0,-3.4,59.0
2024-01-23 15:00:00,32.5,118.0,-3.5,59.0
2024-01-23 16:00:00,32.5,118.0,-3.5,59.0
2024-01-23 17:00:00,32.5,118.0,-3.5,59.0
2024-01-23 18:00:00,32.5,118.0,-3.6,59.0
2024-01-23 19:00:00,32.5,118.0,-3.8,59.0
2024-01-23 20:00:00,32.5,118.0,-4.0,59.0
2024-01-23 21:00:00,32.5,118.0,-4.1,59.0
2024-01-23 22:00:00,32.5,118.0,-4.2,59.0
2024-01-23 23:00:00,32.5,118.0,-4.4,59.0
2024-01-24 00:00:00,32.5,118.0,-3.9,59.0
2024-01-24 01:00:00,32.5,118.0,-2.4,59.0
2024-01-24 02:00:00,32.5,118.0,-1.0,59.0
2024-01-24 03:00:00,32.5,118.0,0.1,59.0
2024-01-24 04:00:00,32.5,118.0,1.2,59.0
2024-01-24 05:00:00,32.5,118.0,1.9,59.0
2024-01-24 06:00:00,32.5,118.0,2.4,59.0
2024-01-24 07:00:00,32.5,118.0,2.5,59.0
2024-01-24 08:00:00,32.5,118.0,2.4,59.0
2024-01-24 09:00:00,32.5,118.0,0.8,59.0
2024-01-24 10:00:00,32.5,118.0,-0.6,59.0
2024-01-24 11:00:00,32.5,118.0,-0.8,59.0
2024-01-24 12:00:00,32.5,118.0,-1.0,59.0
2024-01-24 13:00:00,32.5,118.0,-1.2,59.0
2024-01-24 14:00:00,32.5,118.0,-1.5,59.0
2024-01-24 15:00:00,32.5,118.0,-1.7,59.0
2024-01-24 16:00:00,32.5,118.0,-1.8,59.0
2024-01-24 17:00:00,32.5,118.0,-1.9,59.0
2024-01-24 18:00:00,32.5,118.0,-2.0,59.0
2024-01-24 19:00:00,32.5,118.0,-1.9,59.0
2024-01-24 20:00:00,32.5,118.0,-1.8,59.0
2024-01-24 21:00:00,32.5,118.0,-1.9,59.0
2024-01-24 22:00:00,32.5,118.0,-2.0,59.0
2024-01-24 23:00:00,32.5,118.0,-1.9,59.0
2024-01-22 00:00:00,32.5,118.25,-4.0,39.0
2024-01-22 01:00:00,32.5,118.25,-3.7,39.0
2024-01-22 02:00:00,32.5,118.25,-3.0,39.0
2024-01-22 03:00:00,32.5,118.25,-2.6,39.0
2024-01-22 04:00:00,32.5,118.25,-2.3,39.0
2024-01-22 05:00:00,32.5,118.25,-2.0,39.0
2024-01-22 06:00:00,32.5,118.25,-2.1,39.0
2024-01-22 07:00:00,32.5,118.25,-2.1,39.0
2024-01-22 08:00:00,32.5,118.25,-2.4,39.0
2024-01-22 09:00:00,32.5,118.25,-2.8,39.0
2024-01-22 10:00:00,32.5,118.25,-2.8,39.0
2024-01-22 11:00:00,32.5,118.25,-2.8,39.0
2024-01-22 12:00:00,32.5,118.25,-3.1,39.0
2024-01-22 13:00:00,32.5,118.25,-3.3,39.0
2024-01-22 14:00:00,32.5,118.25,-3.6,39.0
2024-01-22 15:00:00,32.5,118.25,-4.2,39.0
2024-01-22 16:00:00,32.5,118.25,-4.5,39.0
2024-01-22 17:00:00,32.5,118.25,-4.7,39.0
2024-01-22 18:00:00,32.5,118.25,-5.2,39.0
2024-01-22 19:00:00,32.5,118.25,-5.6,39.0
2024-01-22 20:00:00,32.5,118.25,-5.9,39.0
2024-01-22 21:00:00,32.5,118.25,-6.2,39.0
2024-01-22 22:00:00,32.5,118.25,-6.3,39.0
2024-01-22 23:00:00,32.5,118.25,-6.5,39.0
2024-01-23 00:00:00,32.5,118.25,-6.2,39.0
2024-01-23 01:00:00,32.5,118.25,-5.3,39.0
2024-01-23 02:00:00,32.5,118.25,-4.4,39.0
2024-01-23 03:00:00,32.5,118.25,-3.4,39.0
2024-01-23 04:00:00,32.5,118.25,-2.8,39.0
2024-01-23 05:00:00,32.5,118.25,-2.2,39.0
2024-01-23 06:00:00,32.5,118.25,-1.8,39.0
2024-01-23 07:00:00,32.5,118.25,-1.4,39.0
2024-01-23 08:00:00,32.5,118.25,-1.4,39.0
2024-01-23 09:00:00,32.5,118.25,-1.9,39.0
2024-01-23 10:00:00,32.5,118.25,-2.9,39.0
2024-01-23 11:00:00,32.5,118.25,-3.2,39.0
2024-01-23 12:00:00,32.5,118.25,-3.3,39.0
2024-01-23 13:00:00,32.5,118.25,-3.3,39.0
2024-01-23 14:00:00,32.5,118.25,-3.4,39.0
2024-01-23 15:00:00,32.5,118.25,-3.4,39.0
2024-01-23 16:00:00,32.5,118.25,-3.4,39.0
2024-01-23 17:00:00,32.5,118.25,-3.4,39.0
2024-01-23 18:00:00,32.5,118.25,-3.6,39.0
2024-01-23 19:00:00,32.5,118.25,-3.7,39.0
2024-01-23 20:00:00,32.5,118.25,-3.9,39.0
2024-01-23 21:00:00,32.5,118.25,-4.0,39.0
2024-01-23 22:00:00,32.5,118.25,-4.2,39.0
2024-01-23 23:00:00,32.5,118.25,-4.3,39.0
2024-01-24 00:00:00,32.5,118.25,-3.8,39.0
2024-01-24 01:00:00,32.5,118.25,-2.3,39.0
2024-01-24 02:00:00,32.5,118.25,-0.9,39.0
2024-01-24 03:00:00,32.5,118.25,0.2,39.0
2024-01-24 04:00:00,32.5,118.25,1.1,39.0
2024-01-24 05:00:00,32.5,118.25,2.0,39.0
2024-01-24 06:00:00,32.5,118.25,2.3,39.0
2024-01-24 07:00:00,32.5,118.25,2.6,39.0
2024-01-24 08:00:00,32.5,118.25,2.4,39.0
2024-01-24 09:00:00,32.5,118.25,0.8,39.0
2024-01-24 10:00:00,32.5,118.25,-0.5,39.0
2024-01-24 11:00:00,32.5,118.25,-0.8,39.0
2024-01-24 12:00:00,32.5,118.25,-1.0,39.0
2024-01-24 13:00:00,32.5,118.25,-1.1,39.0
2024-01-24 14:00:00,32.5,118.25,-1.3,39.0
2024-01-24 15:00:00,32.5,118.25,-1.5,39.0
2024-01-24 16:00:00,32.5,118.25,-1.7,39.0
2024-01-24 17:00:00,32.5,118.25,-1.7,39.0
2024-01-24 18:00:00,32.5,118.25,-1.9,39.0
2024-01-24 19:00:00,32.5,118.25,-1.9,39.0
2024-01-24 20:00:00,32.5,118.25,-1.8,39.0
2024-01-24 21:00:00,32.5,118.25,-1.8,39.0
2024-01-24 22:00:00,32.5,118.25,-1.9,39.0
2024-01-24 23:00:00,32.5,118.25,-1.8,39.0
2024-01-22 00:00:00,32.5,118.5,-4.1,65.0
2024-01-22 01:00:00,32.5,118.5,-3.7,65.0
2024-01-22 02:00:00,32.5,118.5,-3.2,65.0
2024-01-22 03:00:00,32.5,118.5,-2.7,65.0
2024-01-22 04:00:00,32.5,118.5,-2.4,65.0
2024-01-22 05:00:00,32.5,118.5,-2.2,65.0
2024-01-22 06:00:00,32.5,118.5,-2.1,65.0
2024-01-22 07:00:00,32.5,118.5,-2.0,65.0
2024-01-22 08:00:00,32.5,118.5,-2.3,65.0
2024-01-22 09:00:00,32.5,118.5,-2.8,65.0
2024-01-22 10:00:00,32.5,118.5,-2.8,65.0
2024-01-22 11:00:00,32.5,118.5,-2.9,65.0
2024-01-22 12:00:00,32.5,118.5,-3.1,65.0
2024-01-22 13:00:00,32.5,118.5,-3.2,65.0
2024-01-22 14:00:00,32.5,118.5,-3.3,65.0
2024-01-22 15:00:00,32.5,118.5,-3.6,65.0
2024-01-22 16:00:00,32.5,118.5,-4.0,65.0
2024-01-22 17:00:00,32.5,118.5,-4.6,65.0
2024-01-22 18:00:00,32.5,118.5,-5.2,65.0
2024-01-22 19:00:00,32.5,118.5,-5.6,65.0
2024-01-22 20:00:00,32.5,118.5,-5.9,65.0
2024-01-22 21:00:00,32.5,118.5,-6.3,65.0
2024-01-22 22:00:00,32.5,118.5,-6.4,65.0
2024-01-22 23:00:00,32.5,118.5,-6.4,65.0
2024-01-23 00:00:00,32.5,118.5,-6.4,65.0
2024-01-23 01:00:00,32.5,118.5,-5.5,65.0
2024-01-23 02:00:00,32.5,118.5,-4.5,65.0
2024-01-23 03:00:00,32.5,118.5,-3.6,65.0
2024-01-23 04:00:00,32.5,118.5,-3.2,65.0
2024-01-23 05:00:00,32.5,118.5,-2.2,65.0
2024-01-23 06:00:00,32.5,118.5,-2.0,65.0
2024-01-23 07:00:00,32.5,118.5,-1.7,65.0
2024-01-23 08:00:00,32.5,118.5,-1.5,65.0
2024-01-23 09:00:00,32.5,118.5,-2.1,65.0
2024-01-23 10:00:00,32.5,118.5,-3.2,65.0
2024-01-23 11:00:00,32.5,118.5,-3.4,65.0
2024-01-23 12:00:00,32.5,118.5,-3.4,65.0
2024-01-23 13:00:00,32.5,118.5,-3.5,65.0
2024-01-23 14:00:00,32.5,118.5,-3.5,65.0
2024-01-23 15:00:00,32.5,118.5,-3.6,65.0
2024-01-23 16:00:00,32.5,118.5,-3.7,65.0
2024-01-23 17:00:00,32.5,118.5,-3.6,65.0
2024-01-23 18:00:00,32.5,118.5,-3.7,65.0
2024-01-23 19:00:00,32.5,118.5,-3.9,65.0
2024-01-23 20:00:00,32.5,118.5,-4.0,65.0
2024-01-23 21:00:00,32.5,118.5,-4.1,65.0
2024-01-23 22:00:00,32.5,118.5,-4.3,65.0
2024-01-23 23:00:00,32.5,118.5,-4.4,65.0
2024-01-24 00:00:00,32.5,118.5,-3.9,65.0
2024-01-24 01:00:00,32.5,118.5,-2.4,65.0
2024-01-24 02:00:00,32.5,118.5,-1.0,65.0
2024-01-24 03:00:00,32.5,118.5,0.2,65.0
2024-01-24 04:00:00,32.5,118.5,1.0,65.0
2024-01-24 05:00:00,32.5,118.5,1.8,65.0
2024-01-24 06:00:00,32.5,118.5,2.2,65.0
2024-01-24 07:00:00,32.5,118.5,2.5,65.0
2024-01-24 08:00:00,32.5,118.5,2.2,65.0
2024-01-24 09:00:00,32.5,118.5,0.6,65.0
2024-01-24 10:00:00,32.5,118.5,-0.7,65.0
2024-01-24 11:00:00,32.5,118.5,-1.0,65.0
2024-01-24 12:00:00,32.5,118.5,-1.2,65.0
2024-01-24 13:00:00,32.5,118.5,-1.3,65.0
2024-01-24 14:00:00,32.5,118.5,-1.4,65.0
2024-01-24 15:00:00,32.5,118.5,-1.6,65.0
2024-01-24 16:00:00,32.5,118.5,-1.7,65.0
2024-01-24 17:00:00,32.5,118.5,-1.8,65.0
2024-01-24 18:00:00,32.5,118.5,-1.9,65.0
2024-01-24 19:00:00,32.5,118.5,-2.0,65.0
2024-01-24 20:00:00,32.5,118.5,-1.9,65.0
2024-01-24 21:00:00,32.5,118.5,-1.8,65.0
2024-01-24 22:00:00,32.5,118.5,-1.9,65.0
2024-01-24 23:00:00,32.5,118.5,-2.0,65.0
2024-01-22 00:00:00,32.5,118.75,-3.8,22.0
2024-01-22 01:00:00,32.5,118.75,-3.3,22.0
2024-01-22 02:00:00,32.5,118.75,-2.7,22.0
2024-01-22 03:00:00,32.5,118.75,-2.3,22.0
2024-01-22 04:00:00,32.5,118.75,-2.1,22.0
2024-01-22 05:00:00,32.5,118.75,-2.0,22.0
2024-01-22 06:00:00,32.5,118.75,-2.0,22.0
2024-01-22 07:00:00,32.5,118.75,-1.9,22.0
2024-01-22 08:00:00,32.5,118.75,-2.2,22.0
2024-01-22 09:00:00,32.5,118.75,-2.6,22.0
2024-01-22 10:00:00,32.5,118.75,-2.8,22.0
2024-01-22 11:00:00,32.5,118.75,-2.7,22.0
2024-01-22 12:00:00,32.5,118.75,-2.9,22.0
2024-01-22 13:00:00,32.5,118.75,-3.0,22.0
2024-01-22 14:00:00,32.5,118.75,-3.3,22.0
2024-01-22 15:00:00,32.5,118.75,-3.6,22.0
2024-01-22 16:00:00,32.5,118.75,-3.9,22.0
2024-01-22 17:00:00,32.5,118.75,-4.4,22.0
2024-01-22 18:00:00,32.5,118.75,-4.9,22.0
2024-01-22 19:00:00,32.5,118.75,-5.0,22.0
2024-01-22 20:00:00,32.5,118.75,-5.3,22.0
2024-01-22 21:00:00,32.5,118.75,-5.4,22.0
2024-01-22 22:00:00,32.5,118.75,-5.5,22.0
2024-01-22 23:00:00,32.5,118.75,-5.8,22.0
2024-01-23 00:00:00,32.5,118.75,-5.8,22.0
2024-01-23 01:00:00,32.5,118.75,-4.8,22.0
2024-01-23 02:00:00,32.5,118.75,-3.6,22.0
2024-01-23 03:00:00,32.5,118.75,-2.8,22.0
2024-01-23 04:00:00,32.5,118.75,-2.7,22.0
2024-01-23 05:00:00,32.5,118.75,-1.9,22.0
2024-01-23 06:00:00,32.5,118.75,-1.6,22.0
2024-01-23 07:00:00,32.5,118.75,-1.2,22.0
2024-01-23 08:00:00,32.5,118.75,-1.2,22.0
2024-01-23 09:00:00,32.5,118.75,-1.8,22.0
2024-01-23 10:00:00,32.5,118.75,-2.9,22.0
2024-01-23 11:00:00,32.5,118.75,-3.2,22.0
2024-01-23 12:00:00,32.5,118.75,-3.1,22.0
2024-01-23 13:00:00,32.5,118.75,-3.3,22.0
2024-01-23 14:00:00,32.5,118.75,-3.2,22.0
2024-01-23 15:00:00,32.5,118.75,-3.4,22.0
2024-01-23 16:00:00,32.5,118.75,-3.4,22.0
2024-01-23 17:00:00,32.5,118.75,-3.4,22.0
2024-01-23 18:00:00,32.5,118.75,-3.4,22.0
2024-01-23 19:00:00,32.5,118.75,-3.5,22.0
2024-01-23 20:00:00,32.5,118.75,-3.6,22.0
2024-01-23 21:00:00,32.5,118.75,-3.8,22.0
2024-01-23 22:00:00,32.5,118.75,-3.9,22.0
2024-01-23 23:00:00,32.5,118.75,-4.0,22.0
2024-01-24 00:00:00,32.5,118.75,-3.4,22.0
2024-01-24 01:00:00,32.5,118.75,-1.9,22.0
2024-01-24 02:00:00,32.5,118.75,-0.6,22.0
2024-01-24 03:00:00,32.5,118.75,0.6,22.0
2024-01-24 04:00:00,32.5,118.75,1.5,22.0
2024-01-24 05:00:00,32.5,118.75,2.2,22.0
2024-01-24 06:00:00,32.5,118.75,2.6,22.0
2024-01-24 07:00:00,32.5,118.75,2.7,22.0
2024-01-24 08:00:00,32.5,118.75,2.5,22.0
2024-01-24 09:00:00,32.5,118.75,0.8,22.0
2024-01-24 10:00:00,32.5,118.75,-0.5,22.0
2024-01-24 11:00:00,32.5,118.75,-0.8,22.0
2024-01-24 12:00:00,32.5,118.75,-1.0,22.0
2024-01-24 13:00:00,32.5,118.75,-1.1,22.0
2024-01-24 14:00:00,32.5,118.75,-1.2,22.0
2024-01-24 15:00:00,32.5,118.75,-1.3,22.0
2024-01-24 16:00:00,32.5,118.75,-1.5,22.0
2024-01-24 17:00:00,32.5,118.75,-1.5,22.0
2024-01-24 18:00:00,32.5,118.75,-1.6,22.0
2024-01-24 19:00:00,32.5,118.75,-1.7,22.0
2024-01-24 20:00:00,32.5,118.75,-1.7,22.0
2024-01-24 21:00:00,32.5,118.75,-1.6,22.0
2024-01-24 22:00:00,32.5,118.75,-1.7,22.0
2024-01-24 23:00:00,32.5,118.75,-1.7,22.0
2024-01-22 00:00:00,32.5,119.0,-4.6,30.0
2024-01-22 01:00:00,32.5,119.0,-4.1,30.0
2024-01-22 02:00:00,32.5,119.0,-3.4,30.0
2024-01-22 03:00:00,32.5,119.0,-2.5,30.0
2024-01-22 04:00:00,32.5,119.0,-2.5,30.0
2024-01-22 05:00:00,32.5,119.0,-2.2,30.0
2024-01-22 06:00:00,32.5,119.0,-2.1,30.0
2024-01-22 07:00:00,32.5,119.0,-2.3,30.0
2024-01-22 08:00:00,32.5,119.0,-2.6,30.0
2024-01-22 09:00:00,32.5,119.0,-3.0,30.0
2024-01-22 10:00:00,32.5,119.0,-3.1,30.0
2024-01-22 11:00:00,32.5,119.0,-3.1,30.0
2024-01-22 12:00:00,32.5,119.0,-3.3,30.0
2024-01-22 13:00:00,32.5,119.0,-3.5,30.0
2024-01-22 14:00:00,32.5,119.0,-3.7,30.0
2024-01-22 15:00:00,32.5,119.0,-4.0,30.0
2024-01-22 16:00:00,32.5,119.0,-4.4,30.0
2024-01-22 17:00:00,32.5,119.0,-5.2,30.0
2024-01-22 18:00:00,32.5,119.0,-5.7,30.0
2024-01-22 19:00:00,32.5,119.0,-6.0,30.0
2024-01-22 20:00:00,32.5,119.0,-6.3,30.0
2024-01-22 21:00:00,32.5,119.0,-6.5,30.0
2024-01-22 22:00:00,32.5,119.0,-6.3,30.0
2024-01-22 23:00:00,32.5,119.0,-6.4,30.0
2024-01-23 00:00:00,32.5,119.0,-5.9,30.0
2024-01-23 01:00:00,32.5,119.0,-4.7,30.0
2024-01-23 02:00:00,32.5,119.0,-3.6,30.0
2024-01-23 03:00:00,32.5,119.0,-2.7,30.0
2024-01-23 04:00:00,32.5,119.0,-2.5,30.0
2024-01-23 05:00:00,32.5,119.0,-1.9,30.0
2024-01-23 06:00:00,32.5,119.0,-1.4,30.0
2024-01-23 07:00:00,32.5,119.0,-1.4,30.0
2024-01-23 08:00:00,32.5,119.0,-1.4,30.0
2024-01-23 09:00:00,32.5,119.0,-2.0,30.0
2024-01-23 10:00:00,32.5,119.0,-3.0,30.0
2024-01-23 11:00:00,32.5,119.0,-3.2,30.0
2024-01-23 12:00:00,32.5,119.0,-3.0,30.0
2024-01-23 13:00:00,32.5,119.0,-3.4,30.0
2024-01-23 14:00:00,32.5,119.0,-3.4,30.0
2024-01-23 15:00:00,32.5,119.0,-3.5,30.0
2024-01-23 16:00:00,32.5,119.0,-3.5,30.0
2024-01-23 17:00:00,32.5,119.0,-3.5,30.0
2024-01-23 18:00:00,32.5,119.0,-3.6,30.0
2024-01-23 19:00:00,32.5,119.0,-3.7,30.0
2024-01-23 20:00:00,32.5,119.0,-3.8,30.0
2024-01-23 21:00:00,32.5,119.0,-4.0,30.0
2024-01-23 22:00:00,32.5,119.0,-4.1,30.0
2024-01-23 23:00:00,32.5,119.0,-4.2,30.0
2024-01-24 00:00:00,32.5,119.0,-3.5,30.0
2024-01-24 01:00:00,32.5,119.0,-2.0,30.0
2024-01-24 02:00:00,32.5,119.0,-0.6,30.0
2024-01-24 03:00:00,32.5,119.0,0.5,30.0
2024-01-24 04:00:00,32.5,119.0,1.5,30.0
2024-01-24 05:00:00,32.5,119.0,2.1,30.0
2024-01-24 06:00:00,32.5,119.0,2.5,30.0
2024-01-24 07:00:00,32.5,119.0,2.6,30.0
2024-01-24 08:00:00,32.5,119.0,2.3,30.0
2024-01-24 09:00:00,32.5,119.0,0.7,30.0
2024-01-24 10:00:00,32.5,119.0,-0.6,30.0
2024-01-24 11:00:00,32.5,119.0,-1.0,30.0
2024-01-24 12:00:00,32.5,119.0,-1.1,30.0
2024-01-24 13:00:00,32.5,119.0,-1.3,30.0
2024-01-24 14:00:00,32.5,119.0,-1.4,30.0
2024-01-24 15:00:00,32.5,119.0,-1.5,30.0
2024-01-24 16:00:00,32.5,119.0,-1.7,30.0
2024-01-24 17:00:00,32.5,119.0,-1.7,30.0
2024-01-24 18:00:00,32.5,119.0,-1.8,30.0
2024-01-24 19:00:00,32.5,119.0,-1.9,30.0
2024-01-24 20:00:00,32.5,119.0,-1.9,30.0
2024-01-24 21:00:00,32.5,119.0,-1.9,30.0
2024-01-24 22:00:00,32.5,119.0,-1.9,30.0
2024-01-24 23:00:00,32.5,119.0,-1.9,30.0
2024-01-22 00:00:00,32.5,119.25,-4.1,33.0
2024-01-22 01:00:00,32.5,119.25,-3.9,33.0
2024-01-22 02:00:00,32.5,119.25,-3.4,33.0
2024-01-22 03:00:00,32.5,119.25,-2.9,33.0
2024-01-22 04:00:00,32.5,119.25,-2.6,33.0
2024-01-22 05:00:00,32.5,119.25,-2.2,33.0
2024-01-22 06:00:00,32.5,119.25,-2.2,33.0
2024-01-22 07:00:00,32.5,119.25,-2.2,33.0
2024-01-22 08:00:00,32.5,119.25,-2.4,33.0
2024-01-22 09:00:00,32.5,119.25,-2.8,33.0
2024-01-22 10:00:00,32.5,119.25,-3.0,33.0
2024-01-22 11:00:00,32.5,119.25,-2.9,33.0
2024-01-22 12:00:00,32.5,119.25,-3.2,33.0
2024-01-22 13:00:00,32.5,119.25,-3.4,33.0
2024-01-22 14:00:00,32.5,119.25,-3.6,33.0
2024-01-22 15:00:00,32.5,119.25,-3.8,33.0
2024-01-22 16:00:00,32.5,119.25,-4.2,33.0
2024-01-22 17:00:00,32.5,119.25,-4.7,33.0
2024-01-22 18:00:00,32.5,119.25,-5.5,33.0
2024-01-22 19:00:00,32.5,119.25,-5.9,33.0
2024-01-22 20:00:00,32.5,119.25,-6.3,33.0
2024-01-22 21:00:00,32.5,119.25,-6.6,33.0
2024-01-22 22:00:00,32.5,119.25,-6.6,33.0
2024-01-22 23:00:00,32.5,119.25,-6.6,33.0
2024-01-23 00:00:00,32.5,119.25,-6.4,33.0
2024-01-23 01:00:00,32.5,119.25,-5.1,33.0
2024-01-23 02:00:00,32.5,119.25,-4.0,33.0
2024-01-23 03:00:00,32.5,119.25,-2.9,33.0
2024-01-23 04:00:00,32.5,119.25,-2.1,33.0
2024-01-23 05:00:00,32.5,119.25,-1.6,33.0
2024-01-23 06:00:00,32.5,119.25,-1.3,33.0
2024-01-23 07:00:00,32.5,119.25,-1.3,33.0
2024-01-23 08:00:00,32.5,119.25,-1.5,33.0
2024-01-23 09:00:00,32.5,119.25,-2.1,33.0
2024-01-23 10:00:00,32.5,119.25,-3.1,33.0
2024-01-23 11:00:00,32.5,119.25,-3.3,33.0
2024-01-23 12:00:00,32.5,119.25,-2.9,33.0
2024-01-23 13:00:00,32.5,119.25,-3.3,33.0
2024-01-23 14:00:00,32.5,119.25,-3.4,33.0
2024-01-23 15:00:00,32.5,119.25,-3.5,33.0
2024-01-23 16:00:00,32.5,119.25,-3.4,33.0
2024-01-23 17:00:00,32.5,119.25,-3.4,33.0
2024-01-23 18:00:00,32.5,119.25,-3.5,33.0
2024-01-23 19:00:00,32.5,119.25,-3.7,33.0
2024-01-23 20:00:00,32.5,119.25,-3.8,33.0
2024-01-23 21:00:00,32.5,119.25,-4.0,33.0
2024-01-23 22:00:00,32.5,119.25,-4.2,33.0
2024-01-23 23:00:00,32.5,119.25,-4.2,33.0
2024-01-24 00:00:00,32.5,119.25,-3.5,33.0
2024-01-24 01:00:00,32.5,119.25,-1.8,33.0
2024-01-24 02:00:00,32.5,119.25,-0.4,33.0
2024-01-24 03:00:00,32.5,119.25,0.7,33.0
2024-01-24 04:00:00,32.5,119.25,1.7,33.0
2024-01-24 05:00:00,32.5,119.25,2.2,33.0
2024-01-24 06:00:00,32.5,119.25,2.7,33.0
2024-01-24 07:00:00,32.5,119.25,2.7,33.0
2024-01-24 08:00:00,32.5,119.25,2.3,33.0
2024-01-24 09:00:00,32.5,119.25,0.5,33.0
2024-01-24 10:00:00,32.5,119.25,-0.9,33.0
2024-01-24 11:00:00,32.5,119.25,-1.2,33.0
2024-01-24 12:00:00,32.5,119.25,-1.3,33.0
2024-01-24 13:00:00,32.5,119.25,-1.3,33.0
2024-01-24 14:00:00,32.5,119.25,-1.4,33.0
2024-01-24 15:00:00,32.5,119.25,-1.6,33.0
2024-01-24 16:00:00,32.5,119.25,-1.8,33.0
2024-01-24 17:00:00,32.5,119.25,-1.9,33.0
2024-01-24 18:00:00,32.5,119.25,-2.0,33.0
2024-01-24 19:00:00,32.5,119.25,-2.1,33.0
2024-01-24 20:00:00,32.5,119.25,-2.2,33.0
2024-01-24 21:00:00,32.5,119.25,-2.1,33.0
2024-01-24 22:00:00,32.5,119.25,-2.1,33.0
2024-01-24 23:00:00,32.5,119.25,-2.1,33.0
2024-01-22 00:00:00,32.5,119.5,-4.2,4.0
2024-01-22 01:00:00,32.5,119.5,-3.7,4.0
2024-01-22 02:00:00,32.5,119.5,-3.2,4.0
2024-01-22 03:00:00,32.5,119.5,-2.6,4.0
2024-01-22 04:00:00,32.5,119.5,-2.3,4.0
2024-01-22 05:00:00,32.5,119.5,-2.0,4.0
2024-01-22 06:00:00,32.5,119.5,-2.0,4.0
2024-01-22 07:00:00,32.5,119.5,-1.9,4.0
2024-01-22 08:00:00,32.5,119.5,-2.2,4.0
2024-01-22 09:00:00,32.5,119.5,-2.6,4.0
2024-01-22 10:00:00,32.5,119.5,-3.1,4.0
2024-01-22 11:00:00,32.5,119.5,-3.0,4.0
2024-01-22 12:00:00,32.5,119.5,-3.3,4.0
2024-01-22 13:00:00,32.5,119.5,-3.4,4.0
2024-01-22 14:00:00,32.5,119.5,-3.7,4.0
2024-01-22 15:00:00,32.5,119.5,-4.1,4.0
2024-01-22 16:00:00,32.5,119.5,-4.5,4.0
2024-01-22 17:00:00,32.5,119.5,-4.8,4.0
2024-01-22 18:00:00,32.5,119.5,-5.4,4.0
2024-01-22 19:00:00,32.5,119.5,-5.9,4.0
2024-01-22 20:00:00,32.5,119.5,-6.1,4.0
2024-01-22 21:00:00,32.5,119.5,-6.3,4.0
2024-01-22 22:00:00,32.5,119.5,-6.4,4.0
2024-01-22 23:00:00,32.5,119.5,-6.5,4.0
2024-01-23 00:00:00,32.5,119.5,-6.1,4.0
2024-01-23 01:00:00,32.5,119.5,-5.1,4.0
2024-01-23 02:00:00,32.5,119.5,-3.9,4.0
2024-01-23 03:00:00,32.5,119.5,-2.9,4.0
2024-01-23 04:00:00,32.5,119.5,-2.2,4.0
2024-01-23 05:00:00,32.5,119.5,-1.7,4.0
2024-01-23 06:00:00,32.5,119.5,-1.2,4.0
2024-01-23 07:00:00,32.5,119.5,-1.1,4.0
2024-01-23 08:00:00,32.5,119.5,-1.1,4.0
2024-01-23 09:00:00,32.5,119.5,-1.7,4.0
2024-01-23 10:00:00,32.5,119.5,-2.5,4.0
2024-01-23 11:00:00,32.5,119.5,-2.7,4.0
2024-01-23 12:00:00,32.5,119.5,-2.6,4.0
2024-01-23 13:00:00,32.5,119.5,-2.5,4.0
2024-01-23 14:00:00,32.5,119.5,-2.8,4.0
2024-01-23 15:00:00,32.5,119.5,-2.9,4.0
2024-01-23 16:00:00,32.5,119.5,-3.0,4.0
2024-01-23 17:00:00,32.5,119.5,-3.0,4.0
2024-01-23 18:00:00,32.5,119.5,-3.1,4.0
2024-01-23 19:00:00,32.5,119.5,-3.1,4.0
2024-01-23 20:00:00,32.5,119.5,-3.2,4.0
2024-01-23 21:00:00,32.5,119.5,-3.3,4.0
2024-01-23 22:00:00,32.5,119.5,-3.4,4.0
2024-01-23 23:00:00,32.5,119.5,-3.4,4.0
2024-01-24 00:00:00,32.5,119.5,-2.6,4.0
2024-01-24 01:00:00,32.5,119.5,-1.1,4.0
2024-01-24 02:00:00,32.5,119.5,0.1,4.0
2024-01-24 03:00:00,32.5,119.5,1.1,4.0
2024-01-24 04:00:00,32.5,119.5,2.0,4.0
2024-01-24 05:00:00,32.5,119.5,2.5,4.0
2024-01-24 06:00:00,32.5,119.5,2.9,4.0
2024-01-24 07:00:00,32.5,119.5,2.9,4.0
2024-01-24 08:00:00,32.5,119.5,2.5,4.0
2024-01-24 09:00:00,32.5,119.5,0.8,4.0
2024-01-24 10:00:00,32.5,119.5,-0.5,4.0
2024-01-24 11:00:00,32.5,119.5,-0.7,4.0
2024-01-24 12:00:00,32.5,119.5,-0.8,4.0
2024-01-24 13:00:00,32.5,119.5,-1.0,4.0
2024-01-24 14:00:00,32.5,119.5,-1.2,4.0
2024-01-24 15:00:00,32.5,119.5,-1.3,4.0
2024-01-24 16:00:00,32.5,119.5,-1.4,4.0
2024-01-24 17:00:00,32.5,119.5,-1.7,4.0
2024-01-24 18:00:00,32.5,119.5,-1.7,4.0
2024-01-24 19:00:00,32.5,119.5,-1.6,4.0
2024-01-24 20:00:00,32.5,119.5,-1.5,4.0
2024-01-24 21:00:00,32.5,119.5,-1.4,4.0
2024-01-24 22:00:00,32.5,119.5,-1.4,4.0
2024-01-24 23:00:00,32.5,119.5,-1.6,4.0
2024-01-22 00:00:00,32.5,119.75,-4.2,8.0
2024-01-22 01:00:00,32.5,119.75,-3.6,8.0
2024-01-22 02:00:00,32.5,119.75,-3.0,8.0
2024-01-22 03:00:00,32.5,119.75,-2.5,8.0
2024-01-22 04:00:00,32.5,119.75,-2.1,8.0
2024-01-22 05:00:00,32.5,119.75,-1.9,8.0
2024-01-22 06:00:00,32.5,119.75,-1.9,8.0
2024-01-22 07:00:00,32.5,119.75,-1.9,8.0
2024-01-22 08:00:00,32.5,119.75,-2.2,8.0
2024-01-22 09:00:00,32.5,119.75,-2.7,8.0
2024-01-22 10:00:00,32.5,119.75,-3.1,8.0
2024-01-22 11:00:00,32.5,119.75,-3.2,8.0
2024-01-22 12:00:00,32.5,119.75,-3.5,8.0
2024-01-22 13:00:00,32.5,119.75,-3.7,8.0
2024-01-22 14:00:00,32.5,119.75,-4.0,8.0
2024-01-22 15:00:00,32.5,119.75,-4.4,8.0
2024-01-22 16:00:00,32.5,119.75,-4.7,8.0
2024-01-22 17:00:00,32.5,119.75,-5.2,8.0
2024-01-22 18:00:00,32.5,119.75,-5.9,8.0
2024-01-22 19:00:00,32.5,119.75,-6.3,8.0
2024-01-22 20:00:00,32.5,119.75,-6.7,8.0
2024-01-22 21:00:00,32.5,119.75,-7.0,8.0
2024-01-22 22:00:00,32.5,119.75,-7.2,8.0
2024-01-22 23:00:00,32.5,119.75,-7.3,8.0
2024-01-23 00:00:00,32.5,119.75,-7.0,8.0
2024-01-23 01:00:00,32.5,119.75,-5.8,8.0
2024-01-23 02:00:00,32.5,119.75,-4.5,8.0
2024-01-23 03:00:00,32.5,119.75,-3.3,8.0
2024-01-23 04:00:00,32.5,119.75,-2.2,8.0
2024-01-23 05:00:00,32.5,119.75,-1.5,8.0
2024-01-23 06:00:00,32.5,119.75,-1.3,8.0
2024-01-23 07:00:00,32.5,119.75,-1.0,8.0
2024-01-23 08:00:00,32.5,119.75,-1.0,8.0
2024-01-23 09:00:00,32.5,119.75,-1.9,8.0
2024-01-23 10:00:00,32.5,119.75,-3.1,8.0
2024-01-23 11:00:00,32.5,119.75,-3.5,8.0
2024-01-23 12:00:00,32.5,119.75,-3.5,8.0
2024-01-23 13:00:00,32.5,119.75,-3.0,8.0
2024-01-23 14:00:00,32.5,119.75,-3.3,8.0
2024-01-23 15:00:00,32.5,119.75,-3.5,8.0
2024-01-23 16:00:00,32.5,119.75,-3.5,8.0
2024-01-23 17:00:00,32.5,119.75,-3.4,8.0
2024-01-23 18:00:00,32.5,119.75,-3.5,8.0
2024-01-23 19:00:00,32.5,119.75,-3.5,8.0
2024-01-23 20:00:00,32.5,119.75,-3.6,8.0
2024-01-23 21:00:00,32.5,119.75,-3.7,8.0
2024-01-23 22:00:00,32.5,119.75,-3.7,8.0
2024-01-23 23:00:00,32.5,119.75,-3.8,8.0
2024-01-24 00:00:00,32.5,119.75,-2.8,8.0
2024-01-24 01:00:00,32.5,119.75,-0.8,8.0
2024-01-24 02:00:00,32.5,119.75,0.7,8.0
2024-01-24 03:00:00,32.5,119.75,1.8,8.0
2024-01-24 04:00:00,32.5,119.75,2.5,8.0
2024-01-24 05:00:00,32.5,119.75,2.9,8.0
2024-01-24 06:00:00,32.5,119.75,3.2,8.0
2024-01-24 07:00:00,32.5,119.75,3.0,8.0
2024-01-24 08:00:00,32.5,119.75,2.5,8.0
2024-01-24 09:00:00,32.5,119.75,0.6,8.0
2024-01-24 10:00:00,32.5,119.75,-0.9,8.0
2024-01-24 11:00:00,32.5,119.75,-1.3,8.0
2024-01-24 12:00:00,32.5,119.75,-1.5,8.0
2024-01-24 13:00:00,32.5,119.75,-1.6,8.0
2024-01-24 14:00:00,32.5,119.75,-1.6,8.0
2024-01-24 15:00:00,32.5,119.75,-1.7,8.0
2024-01-24 16:00:00,32.5,119.75,-2.0,8.0
2024-01-24 17:00:00,32.5,119.75,-2.1,8.0
2024-01-24 18:00:00,32.5,119.75,-2.2,8.0
2024-01-24 19:00:00,32.5,119.75,-2.2,8.0
2024-01-24 20:00:00,32.5,119.75,-2.2,8.0
2024-01-24 21:00:00,32.5,119.75,-2.2,8.0
2024-01-24 22:00:00,32.5,119.75,-2.3,8.0
2024-01-24 23:00:00,32.5,119.75,-2.3,8.0
2024-01-22 00:00:00,32.5,120.0,-4.1,6.0
2024-01-22 01:00:00,32.5,120.0,-3.4,6.0
2024-01-22 02:00:00,32.5,120.0,-2.7,6.0
2024-01-22 03:00:00,32.5,120.0,-2.2,6.0
2024-01-22 04:00:00,32.5,120.0,-1.8,6.0
2024-01-22 05:00:00,32.5,120.0,-1.7,6.0
2024-01-22 06:00:00,32.5,120.0,-1.6,6.0
2024-01-22 07:00:00,32.5,120.0,-1.7,6.0
2024-01-22 08:00:00,32.5,120.0,-2.1,6.0
2024-01-22 09:00:00,32.5,120.0,-2.6,6.0
2024-01-22 10:00:00,32.5,120.0,-3.2,6.0
2024-01-22 11:00:00,32.5,120.0,-3.3,6.0
2024-01-22 12:00:00,32.5,120.0,-3.6,6.0
2024-01-22 13:00:00,32.5,120.0,-3.9,6.0
2024-01-22 14:00:00,32.5,120.0,-4.3,6.0
2024-01-22 15:00:00,32.5,120.0,-4.5,6.0
2024-01-22 16:00:00,32.5,120.0,-4.9,6.0
2024-01-22 17:00:00,32.5,120.0,-5.3,6.0
2024-01-22 18:00:00,32.5,120.0,-5.9,6.0
2024-01-22 19:00:00,32.5,120.0,-6.3,6.0
2024-01-22 20:00:00,32.5,120.0,-6.8,6.0
2024-01-22 21:00:00,32.5,120.0,-7.1,6.0
2024-01-22 22:00:00,32.5,120.0,-7.2,6.0
2024-01-22 23:00:00,32.5,120.0,-7.4,6.0
2024-01-23 00:00:00,32.5,120.0,-7.1,6.0
2024-01-23 01:00:00,32.5,120.0,-5.8,6.0
2024-01-23 02:00:00,32.5,120.0,-4.4,6.0
2024-01-23 03:00:00,32.5,120.0,-3.2,6.0
2024-01-23 04:00:00,32.5,120.0,-2.1,6.0
2024-01-23 05:00:00,32.5,120.0,-1.4,6.0
2024-01-23 06:00:00,32.5,120.0,-1.1,6.0
2024-01-23 07:00:00,32.5,120.0,-1.0,6.0
2024-01-23 08:00:00,32.5,120.0,-1.0,6.0
2024-01-23 09:00:00,32.5,120.0,-1.9,6.0
2024-01-23 10:00:00,32.5,120.0,-3.5,6.0
2024-01-23 11:00:00,32.5,120.0,-3.9,6.0
2024-01-23 12:00:00,32.5,120.0,-4.0,6.0
2024-01-23 13:00:00,32.5,120.0,-3.7,6.0
2024-01-23 14:00:00,32.5,120.0,-4.0,6.0
2024-01-23 15:00:00,32.5,120.0,-4.0,6.0
2024-01-23 16:00:00,32.5,120.0,-4.0,6.0
2024-01-23 17:00:00,32.5,120.0,-4.0,6.0
2024-01-23 18:00:00,32.5,120.0,-4.1,6.0
2024-01-23 19:00:00,32.5,120.0,-4.1,6.0
2024-01-23 20:00:00,32.5,120.0,-4.1,6.0
2024-01-23 21:00:00,32.5,120.0,-4.2,6.0
2024-01-23 22:00:00,32.5,120.0,-4.3,6.0
2024-01-23 23:00:00,32.5,120.0,-4.4,6.0
2024-01-24 00:00:00,32.5,120.0,-3.3,6.0
2024-01-24 01:00:00,32.5,120.0,-1.4,6.0
2024-01-24 02:00:00,32.5,120.0,0.2,6.0
2024-01-24 03:00:00,32.5,120.0,1.5,6.0
2024-01-24 04:00:00,32.5,120.0,2.5,6.0
2024-01-24 05:00:00,32.5,120.0,3.1,6.0
2024-01-24 06:00:00,32.5,120.0,3.4,6.0
2024-01-24 07:00:00,32.5,120.0,3.3,6.0
2024-01-24 08:00:00,32.5,120.0,2.8,6.0
2024-01-24 09:00:00,32.5,120.0,0.6,6.0
2024-01-24 10:00:00,32.5,120.0,-1.0,6.0
2024-01-24 11:00:00,32.5,120.0,-1.6,6.0
2024-01-24 12:00:00,32.5,120.0,-1.9,6.0
2024-01-24 13:00:00,32.5,120.0,-2.1,6.0
2024-01-24 14:00:00,32.5,120.0,-2.2,6.0
2024-01-24 15:00:00,32.5,120.0,-2.3,6.0
2024-01-24 16:00:00,32.5,120.0,-2.5,6.0
2024-01-24 17:00:00,32.5,120.0,-2.6,6.0
2024-01-24 18:00:00,32.5,120.0,-2.6,6.0
2024-01-24 19:00:00,32.5,120.0,-2.7,6.0
2024-01-24 20:00:00,32.5,120.0,-2.7,6.0
2024-01-24 21:00:00,32.5,120.0,-2.8,6.0
2024-01-24 22:00:00,32.5,120.0,-2.8,6.0
2024-01-24 23:00:00,32.5,120.0,-2.7,6.0
2024-01-22 00:00:00,32.5,120.25,-3.7,5.0
2024-01-22 01:00:00,32.5,120.25,-3.2,5.0
2024-01-22 02:00:00,32.5,120.25,-2.5,5.0
2024-01-22 03:00:00,32.5,120.25,-2.0,5.0
2024-01-22 04:00:00,32.5,120.25,-1.6,5.0
2024-01-22 05:00:00,32.5,120.25,-1.7,5.0
2024-01-22 06:00:00,32.5,120.25,-1.4,5.0
2024-01-22 07:00:00,32.5,120.25,-1.5,5.0
2024-01-22 08:00:00,32.5,120.25,-2.0,5.0
2024-01-22 09:00:00,32.5,120.25,-2.5,5.0
2024-01-22 10:00:00,32.5,120.25,-3.1,5.0
2024-01-22 11:00:00,32.5,120.25,-3.3,5.0
2024-01-22 12:00:00,32.5,120.25,-3.7,5.0
2024-01-22 13:00:00,32.5,120.25,-4.0,5.0
2024-01-22 14:00:00,32.5,120.25,-4.3,5.0
2024-01-22 15:00:00,32.5,120.25,-4.5,5.0
2024-01-22 16:00:00,32.5,120.25,-4.9,5.0
2024-01-22 17:00:00,32.5,120.25,-5.3,5.0
2024-01-22 18:00:00,32.5,120.25,-5.9,5.0
2024-01-22 19:00:00,32.5,120.25,-6.3,5.0
2024-01-22 20:00:00,32.5,120.25,-6.7,5.0
2024-01-22 21:00:00,32.5,120.25,-7.0,5.0
2024-01-22 22:00:00,32.5,120.25,-7.2,5.0
2024-01-22 23:00:00,32.5,120.25,-7.4,5.0
2024-01-23 00:00:00,32.5,120.25,-7.0,5.0
2024-01-23 01:00:00,32.5,120.25,-5.6,5.0
2024-01-23 02:00:00,32.5,120.25,-4.3,5.0
2024-01-23 03:00:00,32.5,120.25,-3.0,5.0
2024-01-23 04:00:00,32.5,120.25,-2.0,5.0
2024-01-23 05:00:00,32.5,120.25,-1.5,5.0
2024-01-23 06:00:00,32.5,120.25,-1.0,5.0
2024-01-23 07:00:00,32.5,120.25,-0.9,5.0
2024-01-23 08:00:00,32.5,120.25,-1.0,5.0
2024-01-23 09:00:00,32.5,120.25,-1.9,5.0
2024-01-23 10:00:00,32.5,120.25,-3.4,5.0
2024-01-23 11:00:00,32.5,120.25,-4.0,5.0
2024-01-23 12:00:00,32.5,120.25,-4.1,5.0
2024-01-23 13:00:00,32.5,120.25,-3.3,5.0
2024-01-23 14:00:00,32.5,120.25,-3.6,5.0
2024-01-23 15:00:00,32.5,120.25,-4.1,5.0
2024-01-23 16:00:00,32.5,120.25,-4.0,5.0
2024-01-23 17:00:00,32.5,120.25,-3.8,5.0
2024-01-23 18:00:00,32.5,120.25,-4.0,5.0
2024-01-23 19:00:00,32.5,120.25,-4.3,5.0
2024-01-23 20:00:00,32.5,120.25,-4.1,5.0
2024-01-23 21:00:00,32.5,120.25,-4.0,5.0
2024-01-23 22:00:00,32.5,120.25,-4.2,5.0
2024-01-23 23:00:00,32.5,120.25,-4.3,5.0
2024-01-24 00:00:00,32.5,120.25,-3.3,5.0
2024-01-24 01:00:00,32.5,120.25,-1.3,5.0
2024-01-24 02:00:00,32.5,120.25,0.4,5.0
2024-01-24 03:00:00,32.5,120.25,1.7,5.0
2024-01-24 04:00:00,32.5,120.25,2.6,5.0
2024-01-24 05:00:00,32.5,120.25,3.3,5.0
2024-01-24 06:00:00,32.5,120.25,3.6,5.0
2024-01-24 07:00:00,32.5,120.25,3.4,5.0
2024-01-24 08:00:00,32.5,120.25,2.8,5.0
2024-01-24 09:00:00,32.5,120.25,0.7,5.0
2024-01-24 10:00:00,32.5,120.25,-1.0,5.0
2024-01-24 11:00:00,32.5,120.25,-1.6,5.0
2024-01-24 12:00:00,32.5,120.25,-1.9,5.0
2024-01-24 13:00:00,32.5,120.25,-2.1,5.0
2024-01-24 14:00:00,32.5,120.25,-2.4,5.0
2024-01-24 15:00:00,32.5,120.25,-2.5,5.0
2024-01-24 16:00:00,32.5,120.25,-2.6,5.0
2024-01-24 17:00:00,32.5,120.25,-2.7,5.0
2024-01-24 18:00:00,32.5,120.25,-2.8,5.0
2024-01-24 19:00:00,32.5,120.25,-2.8,5.0
2024-01-24 20:00:00,32.5,120.25,-2.9,5.0
2024-01-24 21:00:00,32.5,120.25,-2.9,5.0
2024-01-24 22:00:00,32.5,120.25,-2.8,5.0
2024-01-24 23:00:00,32.5,120.25,-2.8,5.0
2024-01-22 00:00:00,32.5,120.5,-3.5,5.0
2024-01-22 01:00:00,32.5,120.5,-2.8,5.0
2024-01-22 02:00:00,32.5,120.5,-2.2,5.0
2024-01-22 03:00:00,32.5,120.5,-1.7,5.0
2024-01-22 04:00:00,32.5,120.5,-1.2,5.0
2024-01-22 05:00:00,32.5,120.5,-1.4,5.0
2024-01-22 06:00:00,32.5,120.5,-1.2,5.0
2024-01-22 07:00:00,32.5,120.5,-1.3,5.0
2024-01-22 08:00:00,32.5,120.5,-1.8,5.0
2024-01-22 09:00:00,32.5,120.5,-2.1,5.0
2024-01-22 10:00:00,32.5,120.5,-2.7,5.0
2024-01-22 11:00:00,32.5,120.5,-3.2,5.0
2024-01-22 12:00:00,32.5,120.5,-3.7,5.0
2024-01-22 13:00:00,32.5,120.5,-4.0,5.0
2024-01-22 14:00:00,32.5,120.5,-4.3,5.0
2024-01-22 15:00:00,32.5,120.5,-4.4,5.0
2024-01-22 16:00:00,32.5,120.5,-4.8,5.0
2024-01-22 17:00:00,32.5,120.5,-5.2,5.0
2024-01-22 18:00:00,32.5,120.5,-5.9,5.0
2024-01-22 19:00:00,32.5,120.5,-6.3,5.0
2024-01-22 20:00:00,32.5,120.5,-6.6,5.0
2024-01-22 21:00:00,32.5,120.5,-6.9,5.0
2024-01-22 22:00:00,32.5,120.5,-7.1,5.0
2024-01-22 23:00:00,32.5,120.5,-7.3,5.0
2024-01-23 00:00:00,32.5,120.5,-6.9,5.0
2024-01-23 01:00:00,32.5,120.5,-5.5,5.0
2024-01-23 02:00:00,32.5,120.5,-4.1,5.0
2024-01-23 03:00:00,32.5,120.5,-2.9,5.0
2024-01-23 04:00:00,32.5,120.5,-2.0,5.0
2024-01-23 05:00:00,32.5,120.5,-1.4,5.0
2024-01-23 06:00:00,32.5,120.5,-0.9,5.0
2024-01-23 07:00:00,32.5,120.5,-0.9,5.0
2024-01-23 08:00:00,32.5,120.5,-1.1,5.0
2024-01-23 09:00:00,32.5,120.5,-1.9,5.0
2024-01-23 10:00:00,32.5,120.5,-3.4,5.0
2024-01-23 11:00:00,32.5,120.5,-4.0,5.0
2024-01-23 12:00:00,32.5,120.5,-4.3,5.0
2024-01-23 13:00:00,32.5,120.5,-3.8,5.0
2024-01-23 14:00:00,32.5,120.5,-3.6,5.0
2024-01-23 15:00:00,32.5,120.5,-3.8,5.0
2024-01-23 16:00:00,32.5,120.5,-3.9,5.0
2024-01-23 17:00:00,32.5,120.5,-3.7,5.0
2024-01-23 18:00:00,32.5,120.5,-3.9,5.0
2024-01-23 19:00:00,32.5,120.5,-4.1,5.0
2024-01-23 20:00:00,32.5,120.5,-4.1,5.0
2024-01-23 21:00:00,32.5,120.5,-4.1,5.0
2024-01-23 22:00:00,32.5,120.5,-4.3,5.0
2024-01-23 23:00:00,32.5,120.5,-4.4,5.0
2024-01-24 00:00:00,32.5,120.5,-3.4,5.0
2024-01-24 01:00:00,32.5,120.5,-1.6,5.0
2024-01-24 02:00:00,32.5,120.5,0.2,5.0
2024-01-24 03:00:00,32.5,120.5,1.5,5.0
2024-01-24 04:00:00,32.5,120.5,2.6,5.0
2024-01-24 05:00:00,32.5,120.5,3.3,5.0
2024-01-24 06:00:00,32.5,120.5,3.5,5.0
2024-01-24 07:00:00,32.5,120.5,3.5,5.0
2024-01-24 08:00:00,32.5,120.5,2.9,5.0
2024-01-24 09:00:00,32.5,120.5,0.7,5.0
2024-01-24 10:00:00,32.5,120.5,-1.0,5.0
2024-01-24 11:00:00,32.5,120.5,-1.5,5.0
2024-01-24 12:00:00,32.5,120.5,-1.8,5.0
2024-01-24 13:00:00,32.5,120.5,-2.2,5.0
2024-01-24 14:00:00,32.5,120.5,-2.5,5.0
2024-01-24 15:00:00,32.5,120.5,-2.6,5.0
2024-01-24 16:00:00,32.5,120.5,-2.7,5.0
2024-01-24 17:00:00,32.5,120.5,-2.7,5.0
2024-01-24 18:00:00,32.5,120.5,-2.8,5.0
2024-01-24 19:00:00,32.5,120.5,-2.9,5.0
2024-01-24 20:00:00,32.5,120.5,-3.0,5.0
2024-01-24 21:00:00,32.5,120.5,-3.0,5.0
2024-01-24 22:00:00,32.5,120.5,-2.9,5.0
2024-01-24 23:00:00,32.5,120.5,-2.8,5.0
2024-01-22 00:00:00,32.5,120.75,-3.4,5.0
2024-01-22 01:00:00,32.5,120.75,-2.6,5.0
2024-01-22 02:00:00,32.5,120.75,-1.9,5.0
2024-01-22 03:00:00,32.5,120.75,-1.5,5.0
2024-01-22 04:00:00,32.5,120.75,-1.0,5.0
2024-01-22 05:00:00,32.5,120.75,-1.0,5.0
2024-01-22 06:00:00,32.5,120.75,-0.8,5.0
2024-01-22 07:00:00,32.5,120.75,-1.0,5.0
2024-01-22 08:00:00,32.5,120.75,-1.4,5.0
2024-01-22 09:00:00,32.5,120.75,-1.9,5.0
2024-01-22 10:00:00,32.5,120.75,-2.7,5.0
2024-01-22 11:00:00,32.5,120.75,-3.1,5.0
2024-01-22 12:00:00,32.5,120.75,-3.6,5.0
2024-01-22 13:00:00,32.5,120.75,-4.0,5.0
2024-01-22 14:00:00,32.5,120.75,-4.3,5.0
2024-01-22 15:00:00,32.5,120.75,-4.4,5.0
2024-01-22 16:00:00,32.5,120.75,-4.7,5.0
2024-01-22 17:00:00,32.5,120.75,-5.0,5.0
2024-01-22 18:00:00,32.5,120.75,-5.6,5.0
2024-01-22 19:00:00,32.5,120.75,-6.1,5.0
2024-01-22 20:00:00,32.5,120.75,-6.4,5.0
2024-01-22 21:00:00,32.5,120.75,-6.7,5.0
2024-01-22 22:00:00,32.5,120.75,-6.9,5.0
2024-01-22 23:00:00,32.5,120.75,-7.1,5.0
2024-01-23 00:00:00,32.5,120.75,-6.7,5.0
2024-01-23 01:00:00,32.5,120.75,-5.3,5.0
2024-01-23 02:00:00,32.5,120.75,-3.9,5.0
2024-01-23 03:00:00,32.5,120.75,-2.8,5.0
2024-01-23 04:00:00,32.5,120.75,-1.9,5.0
2024-01-23 05:00:00,32.5,120.75,-1.3,5.0
2024-01-23 06:00:00,32.5,120.75,-1.0,5.0
2024-01-23 07:00:00,32.5,120.75,-1.1,5.0
2024-01-23 08:00:00,32.5,120.75,-1.2,5.0
2024-01-23 09:00:00,32.5,120.75,-2.1,5.0
2024-01-23 10:00:00,32.5,120.75,-3.4,5.0
2024-01-23 11:00:00,32.5,120.75,-4.2,5.0
2024-01-23 12:00:00,32.5,120.75,-4.5,5.0
2024-01-23 13:00:00,32.5,120.75,-4.4,5.0
2024-01-23 14:00:00,32.5,120.75,-3.7,5.0
2024-01-23 15:00:00,32.5,120.75,-3.7,5.0
2024-01-23 16:00:00,32.5,120.75,-4.1,5.0
2024-01-23 17:00:00,32.5,120.75,-4.0,5.0
2024-01-23 18:00:00,32.5,120.75,-4.2,5.0
2024-01-23 19:00:00,32.5,120.75,-4.3,5.0
2024-01-23 20:00:00,32.5,120.75,-4.3,5.0
2024-01-23 21:00:00,32.5,120.75,-4.5,5.0
2024-01-23 22:00:00,32.5,120.75,-4.7,5.0
2024-01-23 23:00:00,32.5,120.75,-4.9,5.0
2024-01-24 00:00:00,32.5,120.75,-3.8,5.0
2024-01-24 01:00:00,32.5,120.75,-1.7,5.0
2024-01-24 02:00:00,32.5,120.75,0.1,5.0
2024-01-24 03:00:00,32.5,120.75,1.5,5.0
2024-01-24 04:00:00,32.5,120.75,2.5,5.0
2024-01-24 05:00:00,32.5,120.75,3.2,5.0
2024-01-24 06:00:00,32.5,120.75,3.5,5.0
2024-01-24 07:00:00,32.5,120.75,3.4,5.0
2024-01-24 08:00:00,32.5,120.75,2.8,5.0
2024-01-24 09:00:00,32.5,120.75,0.5,5.0
2024-01-24 10:00:00,32.5,120.75,-1.0,5.0
2024-01-24 11:00:00,32.5,120.75,-1.6,5.0
2024-01-24 12:00:00,32.5,120.75,-2.1,5.0
2024-01-24 13:00:00,32.5,120.75,-2.4,5.0
2024-01-24 14:00:00,32.5,120.75,-2.4,5.0
2024-01-24 15:00:00,32.5,120.75,-2.4,5.0
2024-01-24 16:00:00,32.5,120.75,-2.6,5.0
2024-01-24 17:00:00,32.5,120.75,-2.7,5.0
2024-01-24 18:00:00,32.5,120.75,-2.9,5.0
2024-01-24 19:00:00,32.5,120.75,-3.0,5.0
2024-01-24 20:00:00,32.5,120.75,-3.0,5.0
2024-01-24 21:00:00,32.5,120.75,-3.1,5.0
2024-01-24 22:00:00,32.5,120.75,-3.0,5.0
2024-01-24 23:00:00,32.5,120.75,-2.9,5.0
2024-01-22 00:00:00,32.5,121.0,-2.9,4.0
2024-01-22 01:00:00,32.5,121.0,-2.3,4.0
2024-01-22 02:00:00,32.5,121.0,-1.9,4.0
2024-01-22 03:00:00,32.5,121.0,-1.5,4.0
2024-01-22 04:00:00,32.5,121.0,-1.1,4.0
2024-01-22 05:00:00,32.5,121.0,-0.9,4.0
2024-01-22 06:00:00,32.5,121.0,-0.9,4.0
2024-01-22 07:00:00,32.5,121.0,-1.0,4.0
2024-01-22 08:00:00,32.5,121.0,-1.2,4.0
2024-01-22 09:00:00,32.5,121.0,-1.9,4.0
2024-01-22 10:00:00,32.5,121.0,-2.5,4.0
2024-01-22 11:00:00,32.5,121.0,-2.9,4.0
2024-01-22 12:00:00,32.5,121.0,-3.4,4.0
2024-01-22 13:00:00,32.5,121.0,-3.9,4.0
2024-01-22 14:00:00,32.5,121.0,-4.2,4.0
2024-01-22 15:00:00,32.5,121.0,-4.3,4.0
2024-01-22 16:00:00,32.5,121.0,-4.5,4.0
2024-01-22 17:00:00,32.5,121.0,-4.7,4.0
2024-01-22 18:00:00,32.5,121.0,-5.2,4.0
2024-01-22 19:00:00,32.5,121.0,-5.6,4.0
2024-01-22 20:00:00,32.5,121.0,-6.0,4.0
2024-01-22 21:00:00,32.5,121.0,-6.4,4.0
2024-01-22 22:00:00,32.5,121.0,-6.6,4.0
2024-01-22 23:00:00,32.5,121.0,-6.9,4.0
2024-01-23 00:00:00,32.5,121.0,-6.5,4.0
2024-01-23 01:00:00,32.5,121.0,-5.2,4.0
2024-01-23 02:00:00,32.5,121.0,-3.7,4.0
2024-01-23 03:00:00,32.5,121.0,-2.5,4.0
2024-01-23 04:00:00,32.5,121.0,-1.7,4.0
2024-01-23 05:00:00,32.5,121.0,-1.1,4.0
2024-01-23 06:00:00,32.5,121.0,-0.9,4.0
2024-01-23 07:00:00,32.5,121.0,-0.9,4.0
2024-01-23 08:00:00,32.5,121.0,-1.2,4.0
2024-01-23 09:00:00,32.5,121.0,-2.1,4.0
2024-01-23 10:00:00,32.5,121.0,-3.2,4.0
2024-01-23 11:00:00,32.5,121.0,-3.7,4.0
2024-01-23 12:00:00,32.5,121.0,-4.2,4.0
2024-01-23 13:00:00,32.5,121.0,-4.4,4.0
2024-01-23 14:00:00,32.5,121.0,-3.9,4.0
2024-01-23 15:00:00,32.5,121.0,-3.9,4.0
2024-01-23 16:00:00,32.5,121.0,-4.1,4.0
2024-01-23 17:00:00,32.5,121.0,-4.1,4.0
2024-01-23 18:00:00,32.5,121.0,-4.1,4.0
2024-01-23 19:00:00,32.5,121.0,-4.1,4.0
2024-01-23 20:00:00,32.5,121.0,-4.2,4.0
2024-01-23 21:00:00,32.5,121.0,-4.3,4.0
2024-01-23 22:00:00,32.5,121.0,-4.4,4.0
2024-01-23 23:00:00,32.5,121.0,-4.5,4.0
2024-01-24 00:00:00,32.5,121.0,-3.6,4.0
2024-01-24 01:00:00,32.5,121.0,-1.7,4.0
2024-01-24 02:00:00,32.5,121.0,0.2,4.0
2024-01-24 03:00:00,32.5,121.0,1.6,4.0
2024-01-24 04:00:00,32.5,121.0,2.5,4.0
2024-01-24 05:00:00,32.5,121.0,3.2,4.0
2024-01-24 06:00:00,32.5,121.0,3.4,4.0
2024-01-24 07:00:00,32.5,121.0,3.4,4.0
2024-01-24 08:00:00,32.5,121.0,2.8,4.0
2024-01-24 09:00:00,32.5,121.0,0.7,4.0
2024-01-24 10:00:00,32.5,121.0,-0.7,4.0
2024-01-24 11:00:00,32.5,121.0,-1.1,4.0
2024-01-24 12:00:00,32.5,121.0,-1.3,4.0
2024-01-24 13:00:00,32.5,121.0,-1.4,4.0
2024-01-24 14:00:00,32.5,121.0,-1.5,4.0
2024-01-24 15:00:00,32.5,121.0,-1.6,4.0
2024-01-24 16:00:00,32.5,121.0,-2.1,4.0
2024-01-24 17:00:00,32.5,121.0,-2.5,4.0
2024-01-24 18:00:00,32.5,121.0,-2.7,4.0
2024-01-24 19:00:00,32.5,121.0,-2.7,4.0
2024-01-24 20:00:00,32.5,121.0,-2.7,4.0
2024-01-24 21:00:00,32.5,121.0,-2.8,4.0
2024-01-24 22:00:00,32.5,121.0,-2.8,4.0
2024-01-24 23:00:00,32.5,121.0,-2.9,4.0
2024-01-22 00:00:00,32.5,121.25,-0.2,0.0
2024-01-22 01:00:00,32.5,121.25,-0.1,0.0
2024-01-22 02:00:00,32.5,121.25,-0.1,0.0
2024-01-22 03:00:00,32.5,121.25,-0.3,0.0
2024-01-22 04:00:00,32.5,121.25,-0.2,0.0
2024-01-22 05:00:00,32.5,121.25,-0.4,0.0
2024-01-22 06:00:00,32.5,121.25,-0.5,0.0
2024-01-22 07:00:00,32.5,121.25,-0.4,0.0
2024-01-22 08:00:00,32.5,121.25,-0.8,0.0
2024-01-22 09:00:00,32.5,121.25,-1.0,0.0
2024-01-22 10:00:00,32.5,121.25,-1.0,0.0
2024-01-22 11:00:00,32.5,121.25,-1.2,0.0
2024-01-22 12:00:00,32.5,121.25,-2.3,0.0
2024-01-22 13:00:00,32.5,121.25,-2.7,0.0
2024-01-22 14:00:00,32.5,121.25,-2.6,0.0
2024-01-22 15:00:00,32.5,121.25,-2.6,0.0
2024-01-22 16:00:00,32.5,121.25,-2.9,0.0
2024-01-22 17:00:00,32.5,121.25,-2.9,0.0
2024-01-22 18:00:00,32.5,121.25,-3.1,0.0
2024-01-22 19:00:00,32.5,121.25,-3.2,0.0
2024-01-22 20:00:00,32.5,121.25,-3.4,0.0
2024-01-22 21:00:00,32.5,121.25,-3.7,0.0
2024-01-22 22:00:00,32.5,121.25,-4.1,0.0
2024-01-22 23:00:00,32.5,121.25,-4.4,0.0
2024-01-23 00:00:00,32.5,121.25,-4.1,0.0
2024-01-23 01:00:00,32.5,121.25,-3.8,0.0
2024-01-23 02:00:00,32.5,121.25,-3.3,0.0
2024-01-23 03:00:00,32.5,121.25,-2.6,0.0
2024-01-23 04:00:00,32.5,121.25,-2.0,0.0
2024-01-23 05:00:00,32.5,121.25,-1.7,0.0
2024-01-23 06:00:00,32.5,121.25,-1.4,0.0
2024-01-23 07:00:00,32.5,121.25,-1.1,0.0
2024-01-23 08:00:00,32.5,121.25,-0.9,0.0
2024-01-23 09:00:00,32.5,121.25,-1.2,0.0
2024-01-23 10:00:00,32.5,121.25,-1.6,0.0
2024-01-23 11:00:00,32.5,121.25,-1.7,0.0
2024-01-23 12:00:00,32.5,121.25,-1.9,0.0
2024-01-23 13:00:00,32.5,121.25,-2.3,0.0
2024-01-23 14:00:00,32.5,121.25,-2.9,0.0
2024-01-23 15:00:00,32.5,121.25,-3.0,0.0
2024-01-23 16:00:00,32.5,121.25,-2.2,0.0
2024-01-23 17:00:00,32.5,121.25,-1.9,0.0
2024-01-23 18:00:00,32.5,121.25,-2.2,0.0
2024-01-23 19:00:00,32.5,121.25,-2.4,0.0
2024-01-23 20:00:00,32.5,121.25,-2.6,0.0
2024-01-23 21:00:00,32.5,121.25,-2.5,0.0
2024-01-23 22:00:00,32.5,121.25,-2.4,0.0
2024-01-23 23:00:00,32.5,121.25,-2.3,0.0
2024-01-24 00:00:00,32.5,121.25,-1.7,0.0
2024-01-24 01:00:00,32.5,121.25,-0.5,0.0
2024-01-24 02:00:00,32.5,121.25,0.1,0.0
2024-01-24 03:00:00,32.5,121.25,0.7,0.0
2024-01-24 04:00:00,32.5,121.25,1.3,0.0
2024-01-24 05:00:00,32.5,121.25,1.9,0.0
2024-01-24 06:00:00,32.5,121.25,2.1,0.0
2024-01-24 07:00:00,32.5,121.25,2.1,0.0
2024-01-24 08:00:00,32.5,121.25,2.0,0.0
2024-01-24 09:00:00,32.5,121.25,1.4,0.0
2024-01-24 10:00:00,32.5,121.25,0.9,0.0
2024-01-24 11:00:00,32.5,121.25,0.9,0.0
2024-01-24 12:00:00,32.5,121.25,0.8,0.0
2024-01-24 13:00:00,32.5,121.25,0.7,0.0
2024-01-24 14:00:00,32.5,121.25,0.6,0.0
2024-01-24 15:00:00,32.5,121.25,0.7,0.0
2024-01-24 16:00:00,32.5,121.25,0.5,0.0
2024-01-24 17:00:00,32.5,121.25,0.3,0.0
2024-01-24 18:00:00,32.5,121.25,-0.1,0.0
2024-01-24 19:00:00,32.5,121.25,-0.3,0.0
2024-01-24 20:00:00,32.5,121.25,-0.4,0.0
2024-01-24 21:00:00,32.5,121.25,-0.3,0.0
2024-01-24 22:00:00,32.5,121.25,-0.2,0.0
2024-01-24 23:00:00,32.5,121.25,-0.3,0.0
2024-01-22 00:00:00,32.5,121.5,0.6,0.0
2024-01-22 01:00:00,32.5,121.5,0.5,0.0
2024-01-22 02:00:00,32.5,121.5,0.3,0.0
2024-01-22 03:00:00,32.5,121.5,0.0,0.0
2024-01-22 04:00:00,32.5,121.5,-0.2,0.0
2024-01-22 05:00:00,32.5,121.5,-0.2,0.0
2024-01-22 06:00:00,32.5,121.5,-0.3,0.0
2024-01-22 07:00:00,32.5,121.5,-0.4,0.0
2024-01-22 08:00:00,32.5,121.5,-0.4,0.0
2024-01-22 09:00:00,32.5,121.5,-0.5,0.0
2024-01-22 10:00:00,32.5,121.5,-0.4,0.0
2024-01-22 11:00:00,32.5,121.5,-0.3,0.0
2024-01-22 12:00:00,32.5,121.5,-0.3,0.0
2024-01-22 13:00:00,32.5,121.5,-0.7,0.0
2024-01-22 14:00:00,32.5,121.5,-1.1,0.0
2024-01-22 15:00:00,32.5,121.5,-1.5,0.0
2024-01-22 16:00:00,32.5,121.5,-1.5,0.0
2024-01-22 17:00:00,32.5,121.5,-1.5,0.0
2024-01-22 18:00:00,32.5,121.5,-1.7,0.0
2024-01-22 19:00:00,32.5,121.5,-1.6,0.0
2024-01-22 20:00:00,32.5,121.5,-1.7,0.0
2024-01-22 21:00:00,32.5,121.5,-1.6,0.0
2024-01-22 22:00:00,32.5,121.5,-1.6,0.0
2024-01-22 23:00:00,32.5,121.5,-1.8,0.0
2024-01-23 00:00:00,32.5,121.5,-2.1,0.0
2024-01-23 01:00:00,32.5,121.5,-2.1,0.0
2024-01-23 02:00:00,32.5,121.5,-2.1,0.0
2024-01-23 03:00:00,32.5,121.5,-2.1,0.0
2024-01-23 04:00:00,32.5,121.5,-2.1,0.0
2024-01-23 05:00:00,32.5,121.5,-1.8,0.0
2024-01-23 06:00:00,32.5,121.5,-1.7,0.0
2024-01-23 07:00:00,32.5,121.5,-1.4,0.0
2024-01-23 08:00:00,32.5,121.5,-0.9,0.0
2024-01-23 09:00:00,32.5,121.5,-0.5,0.0
2024-01-23 10:00:00,32.5,121.5,-0.1,0.0
2024-01-23 11:00:00,32.5,121.5,0.1,0.0
2024-01-23 12:00:00,32.5,121.5,0.0,0.0
2024-01-23 13:00:00,32.5,121.5,0.0,0.0
2024-01-23 14:00:00,32.5,121.5,0.1,0.0
2024-01-23 15:00:00,32.5,121.5,-0.1,0.0
2024-01-23 16:00:00,32.5,121.5,-0.1,0.0
2024-01-23 17:00:00,32.5,121.5,0.2,0.0
2024-01-23 18:00:00,32.5,121.5,0.3,0.0
2024-01-23 19:00:00,32.5,121.5,0.4,0.0
2024-01-23 20:00:00,32.5,121.5,0.4,0.0
2024-01-23 21:00:00,32.5,121.5,0.4,0.0
2024-01-23 22:00:00,32.5,121.5,0.3,0.0
2024-01-23 23:00:00,32.5,121.5,0.4,0.0
2024-01-24 00:00:00,32.5,121.5,0.6,0.0
2024-01-24 01:00:00,32.5,121.5,0.9,0.0
2024-01-24 02:00:00,32.5,121.5,1.0,0.0
2024-01-24 03:00:00,32.5,121.5,0.9,0.0
2024-01-24 04:00:00,32.5,121.5,0.8,0.0
2024-01-24 05:00:00,32.5,121.5,1.0,0.0
2024-01-24 06:00:00,32.5,121.5,1.5,0.0
2024-01-24 07:00:00,32.5,121.5,1.9,0.0
2024-01-24 08:00:00,32.5,121.5,2.1,0.0
2024-01-24 09:00:00,32.5,121.5,2.4,0.0
2024-01-24 10:00:00,32.5,121.5,2.5,0.0
2024-01-24 11:00:00,32.5,121.5,2.5,0.0
2024-01-24 12:00:00,32.5,121.5,2.6,0.0
2024-01-24 13:00:00,32.5,121.5,2.6,0.0
2024-01-24 14:00:00,32.5,121.5,2.6,0.0
2024-01-24 15:00:00,32.5,121.5,2.6,0.0
2024-01-24 16:00:00,32.5,121.5,2.6,0.0
2024-01-24 17:00:00,32.5,121.5,2.6,0.0
2024-01-24 18:00:00,32.5,121.5,2.7,0.0
2024-01-24 19:00:00,32.5,121.5,2.8,0.0
2024-01-24 20:00:00,32.5,121.5,2.8,0.0
2024-01-24 21:00:00,32.5,121.5,2.8,0.0
2024-01-24 22:00:00,32.5,121.5,2.8,0.0
2024-01-24 23:00:00,32.5,121.5,2.9,0.0
2024-01-22 00:00:00,32.5,121.75,0.8,0.0
2024-01-22 01:00:00,32.5,121.75,0.7,0.0
2024-01-22 02:00:00,32.5,121.75,0.5,0.0
2024-01-22 03:00:00,32.5,121.75,0.3,0.0
2024-01-22 04:00:00,32.5,121.75,0.1,0.0
2024-01-22 05:00:00,32.5,121.75,-0.1,0.0
2024-01-22 06:00:00,32.5,121.75,-0.1,0.0
2024-01-22 07:00:00,32.5,121.75,-0.2,0.0
2024-01-22 08:00:00,32.5,121.75,-0.3,0.0
2024-01-22 09:00:00,32.5,121.75,-0.2,0.0
2024-01-22 10:00:00,32.5,121.75,-0.2,0.0
2024-01-22 11:00:00,32.5,121.75,-0.1,0.0
2024-01-22 12:00:00,32.5,121.75,-0.2,0.0
2024-01-22 13:00:00,32.5,121.75,-0.2,0.0
2024-01-22 14:00:00,32.5,121.75,-0.1,0.0
2024-01-22 15:00:00,32.5,121.75,-0.2,0.0
2024-01-22 16:00:00,32.5,121.75,-0.3,0.0
2024-01-22 17:00:00,32.5,121.75,-0.4,0.0
2024-01-22 18:00:00,32.5,121.75,-0.6,0.0
2024-01-22 19:00:00,32.5,121.75,-0.8,0.0
2024-01-22 20:00:00,32.5,121.75,-1.0,0.0
2024-01-22 21:00:00,32.5,121.75,-1.2,0.0
2024-01-22 22:00:00,32.5,121.75,-1.2,0.0
2024-01-22 23:00:00,32.5,121.75,-1.2,0.0
2024-01-23 00:00:00,32.5,121.75,-1.3,0.0
2024-01-23 01:00:00,32.5,121.75,-1.3,0.0
2024-01-23 02:00:00,32.5,121.75,-1.1,0.0
2024-01-23 03:00:00,32.5,121.75,-1.3,0.0
2024-01-23 04:00:00,32.5,121.75,-1.4,0.0
2024-01-23 05:00:00,32.5,121.75,-1.2,0.0
2024-01-23 06:00:00,32.5,121.75,-1.1,0.0
2024-01-23 07:00:00,32.5,121.75,-1.0,0.0
2024-01-23 08:00:00,32.5,121.75,-0.7,0.0
2024-01-23 09:00:00,32.5,121.75,-0.3,0.0
2024-01-23 10:00:00,32.5,121.75,-0.1,0.0
2024-01-23 11:00:00,32.5,121.75,0.1,0.0
2024-01-23 12:00:00,32.5,121.75,0.2,0.0
2024-01-23 13:00:00,32.5,121.75,0.3,0.0
2024-01-23 14:00:00,32.5,121.75,0.4,0.0
2024-01-23 15:00:00,32.5,121.75,0.5,0.0
2024-01-23 16:00:00,32.5,121.75,0.4,0.0
2024-01-23 17:00:00,32.5,121.75,0.5,0.0
2024-01-23 18:00:00,32.5,121.75,0.7,0.0
2024-01-23 19:00:00,32.5,121.75,0.8,0.0
2024-01-23 20:00:00,32.5,121.75,0.9,0.0
2024-01-23 21:00:00,32.5,121.75,0.9,0.0
2024-01-23 22:00:00,32.5,121.75,0.9,0.0
2024-01-23 23:00:00,32.5,121.75,0.9,0.0
2024-01-24 00:00:00,32.5,121.75,1.1,0.0
2024-01-24 01:00:00,32.5,121.75,1.3,0.0
2024-01-24 02:00:00,32.5,121.75,1.5,0.0
2024-01-24 03:00:00,32.5,121.75,1.7,0.0
2024-01-24 04:00:00,32.5,121.75,1.7,0.0
2024-01-24 05:00:00,32.5,121.75,1.6,0.0
2024-01-24 06:00:00,32.5,121.75,1.7,0.0
2024-01-24 07:00:00,32.5,121.75,1.9,0.0
2024-01-24 08:00:00,32.5,121.75,2.3,0.0
2024-01-24 09:00:00,32.5,121.75,2.5,0.0
2024-01-24 10:00:00,32.5,121.75,2.5,0.0
2024-01-24 11:00:00,32.5,121.75,2.6,0.0
2024-01-24 12:00:00,32.5,121.75,2.6,0.0
2024-01-24 13:00:00,32.5,121.75,2.6,0.0
2024-01-24 14:00:00,32.5,121.75,2.6,0.0
2024-01-24 15:00:00,32.5,121.75,2.5,0.0
2024-01-24 16:00:00,32.5,121.75,2.6,0.0
2024-01-24 17:00:00,32.5,121.75,2.6,0.0
2024-01-24 18:00:00,32.5,121.75,2.7,0.0
2024-01-24 19:00:00,32.5,121.75,2.8,0.0
2024-01-24 20:00:00,32.5,121.75,2.8,0.0
2024-01-24 21:00:00,32.5,121.75,2.9,0.0
2024-01-24 22:00:00,32.5,121.75,3.1,0.0
2024-01-24 23:00:00,32.5,121.75,3.3,0.0
2024-01-22 00:00:00,32.5,122.0,1.1,0.0
2024-01-22 01:00:00,32.5,122.0,1.0,0.0
2024-01-22 02:00:00,32.5,122.0,0.7,0.0
2024-01-22 03:00:00,32.5,122.0,0.4,0.0
2024-01-22 04:00:00,32.5,122.0,0.5,0.0
2024-01-22 05:00:00,32.5,122.0,0.3,0.0
2024-01-22 06:00:00,32.5,122.0,0.1,0.0
2024-01-22 07:00:00,32.5,122.0,0.1,0.0
2024-01-22 08:00:00,32.5,122.0,-0.1,0.0
2024-01-22 09:00:00,32.5,122.0,-0.1,0.0
2024-01-22 10:00:00,32.5,122.0,0.1,0.0
2024-01-22 11:00:00,32.5,122.0,0.1,0.0
2024-01-22 12:00:00,32.5,122.0,-0.1,0.0
2024-01-22 13:00:00,32.5,122.0,0.1,0.0
2024-01-22 14:00:00,32.5,122.0,0.1,0.0
2024-01-22 15:00:00,32.5,122.0,0.0,0.0
2024-01-22 16:00:00,32.5,122.0,-0.1,0.0
2024-01-22 17:00:00,32.5,122.0,-0.1,0.0
2024-01-22 18:00:00,32.5,122.0,-0.3,0.0
2024-01-22 19:00:00,32.5,122.0,-0.5,0.0
2024-01-22 20:00:00,32.5,122.0,-0.6,0.0
2024-01-22 21:00:00,32.5,122.0,-0.5,0.0
2024-01-22 22:00:00,32.5,122.0,-0.5,0.0
2024-01-22 23:00:00,32.5,122.0,-1.0,0.0
2024-01-23 00:00:00,32.5,122.0,-0.9,0.0
2024-01-23 01:00:00,32.5,122.0,-0.8,0.0
2024-01-23 02:00:00,32.5,122.0,-0.7,0.0
2024-01-23 03:00:00,32.5,122.0,-0.7,0.0
2024-01-23 04:00:00,32.5,122.0,-0.8,0.0
2024-01-23 05:00:00,32.5,122.0,-0.6,0.0
2024-01-23 06:00:00,32.5,122.0,-0.5,0.0
2024-01-23 07:00:00,32.5,122.0,-0.3,0.0
2024-01-23 08:00:00,32.5,122.0,0.1,0.0
2024-01-23 09:00:00,32.5,122.0,0.1,0.0
2024-01-23 10:00:00,32.5,122.0,0.1,0.0
2024-01-23 11:00:00,32.5,122.0,0.3,0.0
2024-01-23 12:00:00,32.5,122.0,0.5,0.0
2024-01-23 13:00:00,32.5,122.0,0.5,0.0
2024-01-23 14:00:00,32.5,122.0,0.7,0.0
2024-01-23 15:00:00,32.5,122.0,0.8,0.0
2024-01-23 16:00:00,32.5,122.0,0.8,0.0
2024-01-23 17:00:00,32.5,122.0,0.9,0.0
2024-01-23 18:00:00,32.5,122.0,1.0,0.0
2024-01-23 19:00:00,32.5,122.0,1.2,0.0
2024-01-23 20:00:00,32.5,122.0,1.3,0.0
2024-01-23 21:00:00,32.5,122.0,1.5,0.0
2024-01-23 22:00:00,32.5,122.0,1.7,0.0
2024-01-23 23:00:00,32.5,122.0,1.9,0.0
2024-01-24 00:00:00,32.5,122.0,2.2,0.0
2024-01-24 01:00:00,32.5,122.0,2.3,0.0
2024-01-24 02:00:00,32.5,122.0,2.4,0.0
2024-01-24 03:00:00,32.5,122.0,2.4,0.0
2024-01-24 04:00:00,32.5,122.0,2.3,0.0
2024-01-24 05:00:00,32.5,122.0,2.4,0.0
2024-01-24 06:00:00,32.5,122.0,2.6,0.0
2024-01-24 07:00:00,32.5,122.0,2.5,0.0
2024-01-24 08:00:00,32.5,122.0,2.7,0.0
2024-01-24 09:00:00,32.5,122.0,2.7,0.0
2024-01-24 10:00:00,32.5,122.0,2.8,0.0
2024-01-24 11:00:00,32.5,122.0,3.0,0.0
2024-01-24 12:00:00,32.5,122.0,3.0,0.0
2024-01-24 13:00:00,32.5,122.0,3.0,0.0
2024-01-24 14:00:00,32.5,122.0,3.0,0.0
2024-01-24 15:00:00,32.5,122.0,2.9,0.0
2024-01-24 16:00:00,32.5,122.0,2.9,0.0
2024-01-24 17:00:00,32.5,122.0,2.9,0.0
2024-01-24 18:00:00,32.5,122.0,3.0,0.0
2024-01-24 19:00:00,32.5,122.0,3.0,0.0
2024-01-24 20:00:00,32.5,122.0,3.1,0.0
2024-01-24 21:00:00,32.5,122.0,3.2,0.0
2024-01-24 22:00:00,32.5,122.0,3.3,0.0
2024-01-24 23:00:00,32.5,122.0,3.4,0.0
